simulation,mean_words,question_percent
1,42.675555555555555,30.666666666666664
2,42.12,31.555555555555554
3,85.78222222222222,30.666666666666664
4,121.94222222222223,29.777777777777775
5,80.73333333333333,32.44444444444444
6,91.24444444444444,37.77777777777778
7,113.08,33.77777777777778
8,54.85777777777778,23.555555555555554
9,110.74666666666667,31.555555555555554
10,91.06666666666666,28.444444444444443
11,121.77333333333333,31.555555555555554
12,50.315555555555555,30.666666666666664
13,57.653333333333336,32.88888888888889
14,44.08444444444444,32
15,56.004444444444445,29.333333333333332
16,55.57333333333333,32
17,79.84,31.11111111111111
18,76.1511111111111,33.33333333333333
19,57.51555555555556,25.77777777777778
20,42.77333333333333,31.11111111111111
21,48.33777777777778,29.333333333333332
22,49.71111111111111,28.888888888888886
23,74.8488888888889,28.888888888888886
24,81.05333333333333,29.333333333333332
25,147.64888888888888,30.22222222222222
26,76.29777777777778,38.22222222222222
27,83.15555555555555,34.66666666666667
28,112.5911111111111,33.77777777777778
29,43.062222222222225,32.44444444444444
30,41.98222222222222,30.22222222222222
31,63.64,31.11111111111111
32,50.48888888888889,32
33,82.4888888888889,35.11111111111111
34,113.61777777777777,31.555555555555554
35,83.04,35.55555555555556
36,90.39111111111112,35.55555555555556
37,85.65333333333334,32.44444444444444
38,120.36444444444444,26.666666666666668
39,86.21333333333334,29.333333333333332
40,117.56888888888889,30.666666666666664
41,82.42222222222222,32.88888888888889
42,53.96888888888889,31.555555555555554
43,53.56,33.33333333333333
44,79.16444444444444,36
45,80.11555555555556,31.555555555555554
46,82.65777777777778,36.44444444444444
47,93.85333333333334,27.555555555555557
48,55.266666666666666,28.444444444444443
49,84.4888888888889,26.666666666666668
50,43.81777777777778,28.888888888888886
51,82.36444444444444,28.888888888888886
52,44.284444444444446,32.88888888888889
53,119.30222222222223,32.44444444444444
54,51.586666666666666,33.77777777777778
55,78.28888888888889,24
56,119.89333333333333,35.55555555555556
57,154.71555555555557,34.66666666666667
58,84.57777777777778,34.22222222222222
59,83.06222222222222,33.33333333333333
60,114.08888888888889,33.77777777777778
61,117.53333333333333,35.11111111111111
62,36.96888888888889,30.666666666666664
63,50.29333333333334,26.666666666666668
64,54.48444444444444,32.44444444444444
65,46.98222222222222,28.888888888888886
66,54.324444444444445,33.33333333333333
67,86.77777777777777,32
68,94.96444444444444,33.77777777777778
69,190.84,28.000000000000004
70,78.70666666666666,40.88888888888889
71,47.34222222222222,30.666666666666664
72,51.062222222222225,30.666666666666664
73,78.68,33.33333333333333
74,74.8711111111111,29.777777777777775
75,85.58222222222223,30.666666666666664
76,82.32444444444444,34.66666666666667
77,44.52444444444444,33.77777777777778
78,47.03111111111111,31.555555555555554
79,87.20444444444445,32.88888888888889
80,81.70666666666666,32.44444444444444
81,118.19111111111111,34.22222222222222
82,82.85777777777778,39.111111111111114
83,45.22666666666667,30.666666666666664
84,93.36444444444444,27.555555555555557
85,114.36888888888889,29.333333333333332
86,78.44,33.77777777777778
87,79.58666666666667,32.88888888888889
88,115.61777777777777,31.555555555555554
89,48.55111111111111,39.111111111111114
90,77.26222222222222,33.33333333333333
91,119.42222222222222,33.77777777777778
92,119.93333333333334,30.666666666666664
93,52.75111111111111,31.11111111111111
94,91.12444444444445,32.88888888888889
95,46.18666666666667,33.33333333333333
96,44.715555555555554,33.77777777777778
97,52.22666666666667,37.77777777777778
98,120.62666666666667,24.444444444444443
99,41.995555555555555,32
100,116.29333333333334,33.77777777777778
101,150.2577777777778,26.222222222222225
102,157.61777777777777,28.000000000000004
103,57.85333333333333,32.44444444444444
104,75.13333333333334,28.000000000000004
105,44.33777777777778,24.88888888888889
106,83.62222222222222,30.22222222222222
107,43.64,33.33333333333333
108,76.4888888888889,34.22222222222222
109,45.577777777777776,29.777777777777775
110,85.97777777777777,28.000000000000004
111,137.8088888888889,34.22222222222222
112,81.30222222222223,34.22222222222222
113,115.67111111111112,30.666666666666664
114,119.35111111111111,28.000000000000004
115,81.95111111111112,30.666666666666664
116,124.99111111111111,29.777777777777775
117,78.2311111111111,32.88888888888889
118,156.67555555555555,29.333333333333332
119,80.61333333333333,33.77777777777778
120,97.71555555555555,28.888888888888886
121,87.58222222222223,33.33333333333333
122,91.32,33.33333333333333
123,46.66222222222222,31.555555555555554
124,76.34666666666666,29.333333333333332
125,85.11111111111111,31.555555555555554
126,41.80444444444444,33.77777777777778
127,120.67111111111112,30.22222222222222
128,54.315555555555555,26.222222222222225
129,80.12,30.22222222222222
130,48.35111111111111,37.77777777777778
131,153.16444444444446,29.333333333333332
132,117.92888888888889,32
133,55.12888888888889,32.88888888888889
134,45.45333333333333,33.77777777777778
135,47.8,34.66666666666667
136,84.57333333333334,32
137,83.61333333333333,32
138,46.44888888888889,32.88888888888889
139,47.83111111111111,30.22222222222222
140,84.31111111111112,36
141,55.32,27.111111111111114
142,84.73777777777778,28.000000000000004
143,111.88444444444444,29.333333333333332
144,46.68,33.77777777777778
145,117.53777777777778,30.666666666666664
146,108.83111111111111,32.88888888888889
147,44.01777777777778,34.66666666666667
148,60.595555555555556,33.33333333333333
149,123.53333333333333,36
150,47.684444444444445,38.22222222222222
151,52.18222222222222,32.44444444444444
152,120.13333333333334,27.555555555555557
153,49.98222222222222,25.77777777777778
154,55.87555555555556,34.66666666666667
155,47.33777777777778,35.11111111111111
156,155.08,27.111111111111114
157,183.65777777777777,28.000000000000004
158,84.85333333333334,30.666666666666664
159,81.85777777777778,33.33333333333333
160,79.72888888888889,32.88888888888889
161,81.86222222222223,28.000000000000004
162,48.38666666666666,30.666666666666664
163,54.733333333333334,25.333333333333336
164,69.94666666666667,32
165,64.12,36
166,72.78222222222222,36.44444444444444
167,51.84888888888889,29.333333333333332
168,144.9911111111111,25.77777777777778
169,77.54666666666667,36.44444444444444
170,49.08888888888889,35.11111111111111
171,144.12,31.555555555555554
172,91.38666666666667,32.44444444444444
173,122.32,37.333333333333336
174,90.86222222222223,39.111111111111114
175,76.8,28.000000000000004
176,45.528888888888886,32.88888888888889
177,75.12444444444445,33.77777777777778
178,43.54222222222222,32
179,88.67111111111112,25.77777777777778
180,89.52444444444444,28.000000000000004
181,78.30666666666667,35.11111111111111
182,151.07111111111112,30.22222222222222
183,124.84,36
184,47,28.444444444444443
185,43.61333333333334,34.66666666666667
186,151.1511111111111,31.555555555555554
187,88.21333333333334,32
188,86.31111111111112,32.88888888888889
189,112.34222222222222,33.33333333333333
190,49.93333333333333,32
191,80.86222222222223,24
192,53.75111111111111,28.888888888888886
193,89.07111111111111,29.777777777777775
194,54.87555555555556,32
195,44.684444444444445,28.000000000000004
196,178.14666666666668,27.555555555555557
197,228.92444444444445,28.000000000000004
198,48.306666666666665,32.44444444444444
199,152.2488888888889,29.777777777777775
200,76.7911111111111,31.11111111111111
201,155.1688888888889,23.555555555555554
202,82.13777777777777,33.33333333333333
203,96.12444444444445,32
204,122.61333333333333,30.22222222222222
205,70.89333333333333,29.777777777777775
206,49.49333333333333,29.333333333333332
207,86.96444444444444,31.11111111111111
208,44.53333333333333,34.66666666666667
209,145.25333333333333,37.77777777777778
210,147.82666666666665,32.44444444444444
211,147.68,36.888888888888886
212,91.01333333333334,31.555555555555554
213,78.04888888888888,32.88888888888889
214,148.2488888888889,36
215,82.37777777777778,35.11111111111111
216,46.715555555555554,24
217,86.63555555555556,37.333333333333336
218,44.977777777777774,36.44444444444444
219,78.76,34.22222222222222
220,47.54222222222222,32.88888888888889
221,48.266666666666666,32.88888888888889
222,44.91555555555556,27.555555555555557
223,79.06222222222222,30.22222222222222
224,77.49777777777778,33.33333333333333
225,86.2311111111111,34.22222222222222
226,48.88,32.44444444444444
227,47.80888888888889,34.66666666666667
228,79.92888888888889,30.22222222222222
229,54.61333333333334,28.444444444444443
230,79.14666666666666,32.44444444444444
231,178.04888888888888,32.88888888888889
232,80.52,32
233,87.75111111111111,34.66666666666667
234,59.87555555555556,34.66666666666667
235,84.97333333333333,29.333333333333332
236,79.19111111111111,26.222222222222225
237,84.87555555555555,31.555555555555554
238,79.32444444444444,32.44444444444444
239,121.52888888888889,31.555555555555554
240,74.70666666666666,35.11111111111111
241,87.94666666666667,36.44444444444444
242,151.64888888888888,36
243,83.88,28.444444444444443
244,41.16888888888889,34.22222222222222
245,114.84,33.33333333333333
246,83.93777777777778,29.777777777777775
247,46.74666666666667,28.444444444444443
248,44.937777777777775,32
249,111.28,32.88888888888889
250,46.4,28.444444444444443
251,56.217777777777776,35.11111111111111
252,161.96444444444444,30.666666666666664
253,59,35.55555555555556
254,49.897777777777776,30.22222222222222
255,86.2088888888889,28.000000000000004
256,76.65333333333334,37.333333333333336
257,78.08444444444444,36.44444444444444
258,81.36888888888889,32
259,77.07555555555555,30.666666666666664
260,75.09333333333333,36.888888888888886
261,77.24,37.333333333333336
262,121.53333333333333,29.333333333333332
263,47.05777777777778,30.22222222222222
264,42.72,30.666666666666664
265,44.382222222222225,28.888888888888886
266,91.07555555555555,29.333333333333332
267,88.50666666666666,28.444444444444443
268,54.937777777777775,29.777777777777775
269,89.71111111111111,31.11111111111111
270,46.257777777777775,35.55555555555556
271,81.45333333333333,28.888888888888886
272,49.626666666666665,28.888888888888886
273,52.75555555555555,36
274,44.964444444444446,35.55555555555556
275,44.16888888888889,35.55555555555556
276,113.67111111111112,31.11111111111111
277,50.44444444444444,32.44444444444444
278,85.67111111111112,34.66666666666667
279,52.86666666666667,32
280,42.102222222222224,26.222222222222225
281,46.946666666666665,33.77777777777778
282,93.7911111111111,31.555555555555554
283,49.791111111111114,32.44444444444444
284,54.37777777777778,30.666666666666664
285,122.30666666666667,31.555555555555554
286,81.70222222222222,29.333333333333332
287,81.03111111111112,30.666666666666664
288,46.70666666666666,35.55555555555556
289,76.04,31.11111111111111
290,43.724444444444444,29.777777777777775
291,85.65777777777778,33.77777777777778
292,151.63111111111112,29.333333333333332
293,77.37777777777778,31.555555555555554
294,82.13333333333334,34.22222222222222
295,114.21333333333334,32.44444444444444
296,40.44,33.77777777777778
297,78.35555555555555,32.88888888888889
298,74.82222222222222,30.666666666666664
299,79.41333333333333,32
300,78.62222222222222,26.222222222222225
301,146.2711111111111,34.22222222222222
302,81.24888888888889,32.88888888888889
303,79.47111111111111,33.33333333333333
304,50.306666666666665,26.222222222222225
305,87.09777777777778,30.22222222222222
306,127.23555555555555,31.555555555555554
307,87.25333333333333,36.888888888888886
308,144.7111111111111,36.888888888888886
309,114.12444444444445,28.000000000000004
310,153.99555555555557,30.22222222222222
311,46.50222222222222,34.22222222222222
312,77.73777777777778,35.11111111111111
313,120.41777777777777,34.22222222222222
314,80.75111111111111,32.44444444444444
315,77.30222222222223,29.333333333333332
316,119.01333333333334,25.77777777777778
317,44.333333333333336,34.66666666666667
318,83.08888888888889,28.444444444444443
319,39.47555555555556,26.666666666666668
320,176.5822222222222,37.77777777777778
321,81.30666666666667,27.111111111111114
322,50.111111111111114,32.44444444444444
323,56.36888888888889,29.333333333333332
324,121.92444444444445,29.333333333333332
325,39.24444444444445,31.555555555555554
326,50.32888888888889,35.11111111111111
327,85.31111111111112,28.888888888888886
328,71.90666666666667,37.77777777777778
329,125.08444444444444,32.44444444444444
330,44.364444444444445,30.666666666666664
331,115.8488888888889,30.666666666666664
332,42.08,29.777777777777775
333,41.73777777777778,31.555555555555554
334,55.782222222222224,36.44444444444444
335,79.30222222222223,33.33333333333333
336,47.56444444444445,31.11111111111111
337,121.23555555555555,28.444444444444443
338,83.13333333333334,32
339,77.74666666666667,29.333333333333332
340,91.56,25.333333333333336
341,120.30222222222223,32.44444444444444
342,87.90666666666667,25.333333333333336
343,107.37777777777778,30.666666666666664
344,78.64888888888889,30.666666666666664
345,86.14222222222222,30.666666666666664
346,43.355555555555554,31.555555555555554
347,46.72888888888889,32.88888888888889
348,127.25333333333333,28.888888888888886
349,50.111111111111114,39.111111111111114
350,77.01777777777778,31.555555555555554
351,78.41333333333333,37.77777777777778
352,40.30222222222222,33.77777777777778
353,84.74222222222222,31.11111111111111
354,76.37333333333333,25.333333333333336
355,76.30222222222223,30.666666666666664
356,51.18666666666667,29.777777777777775
357,82.74222222222222,32
358,79.51555555555555,32.44444444444444
359,122.08,30.666666666666664
360,81.35111111111111,36.44444444444444
361,107.48,31.555555555555554
362,84.13777777777777,36
363,52.13333333333333,34.22222222222222
364,38.89333333333333,34.22222222222222
365,43.98222222222222,32.44444444444444
366,164.4622222222222,26.222222222222225
367,43.08,26.222222222222225
368,56.49777777777778,29.777777777777775
369,58.93333333333333,32.44444444444444
370,45.897777777777776,33.33333333333333
371,78.88,29.333333333333332
372,75.17777777777778,32.88888888888889
373,47.04,32.88888888888889
374,45.44444444444444,34.66666666666667
375,112.69777777777777,32
376,117.66222222222223,29.777777777777775
377,47.102222222222224,36
378,85.4888888888889,33.33333333333333
379,85.36,30.22222222222222
380,113.25777777777778,33.33333333333333
381,46.693333333333335,29.777777777777775
382,87.74666666666667,29.333333333333332
383,111.28888888888889,25.77777777777778
384,115.16,33.77777777777778
385,83.88,32.44444444444444
386,51.76444444444444,36
387,77.14222222222222,27.555555555555557
388,62.46666666666667,35.11111111111111
389,122.04,28.444444444444443
390,47.404444444444444,34.22222222222222
391,85.08,27.555555555555557
392,89.24888888888889,31.11111111111111
393,121.04444444444445,27.555555555555557
394,56.16,24
395,44.85333333333333,36.888888888888886
396,90.39555555555556,31.555555555555554
397,49.84,28.888888888888886
398,83.04888888888888,27.555555555555557
399,55.315555555555555,32.44444444444444
400,148.16,32.44444444444444
401,197.65333333333334,30.666666666666664
402,149.9911111111111,32.44444444444444
403,119.60444444444444,29.777777777777775
404,47.653333333333336,31.11111111111111
405,66.50222222222222,36.888888888888886
406,117.8,32.44444444444444
407,78.05777777777777,26.666666666666668
408,78.43111111111111,32.44444444444444
409,80.34222222222222,31.555555555555554
410,86.39555555555556,33.33333333333333
411,51.82222222222222,33.33333333333333
412,120.21777777777778,29.777777777777775
413,41.257777777777775,30.666666666666664
414,47.306666666666665,37.333333333333336
415,43.96888888888889,31.11111111111111
416,54.18222222222222,36.888888888888886
417,81.50666666666666,34.66666666666667
418,85.80444444444444,40
419,36.11555555555555,38.666666666666664
420,85.67111111111112,31.11111111111111
421,78.37777777777778,36.44444444444444
422,121.60444444444444,24.88888888888889
423,117.12,28.888888888888886
424,78.74666666666667,34.22222222222222
425,79.42222222222222,32
426,45.80888888888889,31.11111111111111
427,43.102222222222224,35.55555555555556
428,46.14222222222222,31.555555555555554
429,83.21333333333334,37.77777777777778
430,161.25333333333333,30.666666666666664
431,82.49333333333334,28.444444444444443
432,89.83555555555556,34.22222222222222
433,118.28444444444445,28.888888888888886
434,54.54666666666667,31.555555555555554
435,118.62666666666667,27.555555555555557
436,49.58222222222222,33.77777777777778
437,82.73777777777778,30.666666666666664
438,58.404444444444444,32.44444444444444
439,75.85777777777778,31.555555555555554
440,39.08,34.22222222222222
441,80.25777777777778,31.555555555555554
442,83.52888888888889,29.777777777777775
443,75.42666666666666,31.555555555555554
444,86.65777777777778,32.88888888888889
445,158.07555555555555,29.777777777777775
446,52.21333333333333,33.77777777777778
447,116.03555555555556,32.44444444444444
448,82.29777777777778,28.888888888888886
449,84.01777777777778,28.444444444444443
450,73.16888888888889,28.888888888888886
451,42.78666666666667,33.77777777777778
452,49.44444444444444,26.666666666666668
453,81.44444444444444,25.77777777777778
454,115.82222222222222,36.888888888888886
455,148.79111111111112,34.66666666666667
456,57.26222222222222,33.77777777777778
457,78.65333333333334,31.555555555555554
458,43.36,31.555555555555554
459,85.12444444444445,36.888888888888886
460,48.51555555555556,31.555555555555554
461,45.68,36.44444444444444
462,83.2088888888889,36
463,85.50222222222222,34.66666666666667
464,119.25777777777778,25.77777777777778
465,49.30222222222222,33.77777777777778
466,116.94666666666667,29.333333333333332
467,53,32
468,80.43555555555555,31.11111111111111
469,152.8711111111111,33.33333333333333
470,85.55111111111111,28.000000000000004
471,80.69777777777777,31.555555555555554
472,51.44,39.111111111111114
473,54.471111111111114,30.666666666666664
474,87.21777777777778,32.88888888888889
475,86.26666666666667,30.666666666666664
476,43.17333333333333,33.77777777777778
477,48.035555555555554,29.777777777777775
478,80.18222222222222,28.888888888888886
479,54.85333333333333,32.88888888888889
480,90.62666666666667,32
481,82.07555555555555,25.333333333333336
482,93.35111111111111,29.777777777777775
483,83.48444444444445,32.44444444444444
484,86.5111111111111,27.555555555555557
485,78.32,32.88888888888889
486,81.67111111111112,32
487,109.34222222222222,28.444444444444443
488,86.32,29.333333333333332
489,47.07111111111111,33.77777777777778
490,181.1511111111111,34.22222222222222
491,80.88888888888889,29.777777777777775
492,76.67111111111112,37.77777777777778
493,147.77333333333334,32
494,115.52444444444444,35.55555555555556
495,77.79555555555555,29.777777777777775
496,134.77777777777777,29.333333333333332
497,117.8488888888889,36
498,49.43555555555555,29.777777777777775
499,54.76,32.44444444444444
500,44.64888888888889,28.444444444444443
501,49.373333333333335,28.444444444444443
502,80.55555555555556,32.44444444444444
503,82.00444444444445,28.000000000000004
504,78.09333333333333,34.22222222222222
505,193.36888888888888,32.88888888888889
506,78.01333333333334,34.22222222222222
507,147.00444444444443,28.000000000000004
508,60.12888888888889,33.77777777777778
509,83.30666666666667,36.888888888888886
510,73.89333333333333,35.55555555555556
511,83.76444444444445,32
512,44.03111111111111,33.33333333333333
513,49.42666666666667,29.333333333333332
514,58.64888888888889,32
515,42.782222222222224,30.666666666666664
516,88.34222222222222,29.333333333333332
517,84.39555555555556,36.888888888888886
518,78.24,32.44444444444444
519,84.06222222222222,34.22222222222222
520,110.2088888888889,34.66666666666667
521,49.897777777777776,28.000000000000004
522,105.10666666666667,37.333333333333336
523,79.52444444444444,30.666666666666664
524,127.13333333333334,36.888888888888886
525,113.44888888888889,25.333333333333336
526,48.53777777777778,36.44444444444444
527,82.35555555555555,32
528,77.94666666666667,33.77777777777778
529,223.25333333333333,35.11111111111111
530,81.00888888888889,32
531,112.77777777777777,29.333333333333332
532,45.977777777777774,29.777777777777775
533,147.62666666666667,34.22222222222222
534,80.00444444444445,29.333333333333332
535,52.08444444444444,37.77777777777778
536,43.28888888888889,29.333333333333332
537,42.32,28.444444444444443
538,78.8711111111111,30.22222222222222
539,47.46666666666667,29.777777777777775
540,57.42666666666667,32
541,75.58222222222223,37.77777777777778
542,39.87555555555556,28.000000000000004
543,75.6,30.666666666666664
544,40.413333333333334,30.666666666666664
545,113.60888888888888,32.44444444444444
546,116.90222222222222,35.55555555555556
547,127.98666666666666,33.77777777777778
548,34.297777777777775,35.11111111111111
549,117.68888888888888,29.777777777777775
550,147.83555555555554,34.66666666666667
551,52.67111111111111,29.777777777777775
552,53.88444444444445,32
553,79.03111111111112,33.33333333333333
554,92.06222222222222,33.77777777777778
555,54.63111111111111,32.88888888888889
556,39.81777777777778,33.33333333333333
557,59.76,29.333333333333332
558,78.11111111111111,26.666666666666668
559,71.88,30.22222222222222
560,179.8088888888889,31.11111111111111
561,44.102222222222224,32
562,41.217777777777776,31.555555555555554
563,124.41777777777777,29.333333333333332
564,150.28,28.888888888888886
565,192.26666666666668,31.11111111111111
566,116.49333333333334,33.33333333333333
567,54.88,30.666666666666664
568,140.98222222222222,30.666666666666664
569,50.86666666666667,31.555555555555554
570,50.96,32
571,44.666666666666664,29.777777777777775
572,94.09333333333333,32
573,47.56,37.77777777777778
574,41.44888888888889,28.000000000000004
575,183.92888888888888,36
576,46.75555555555555,30.666666666666664
577,40.37777777777778,34.66666666666667
578,54.50222222222222,29.777777777777775
579,48.635555555555555,32.44444444444444
580,186.01777777777778,32.44444444444444
581,106.96444444444444,28.888888888888886
582,48.577777777777776,36.888888888888886
583,120.10222222222222,28.000000000000004
584,148.20888888888888,34.22222222222222
585,115.53333333333333,32.44444444444444
586,112.5111111111111,32.88888888888889
587,47.16888888888889,32.88888888888889
588,75.74666666666667,31.11111111111111
589,151.27555555555554,32.88888888888889
590,113.36,30.22222222222222
591,58.67111111111111,34.22222222222222
592,45.50666666666667,33.77777777777778
593,43.52444444444444,32
594,47.60444444444445,26.222222222222225
595,116.90666666666667,32.88888888888889
596,158.42222222222222,34.22222222222222
597,48.31111111111111,32.88888888888889
598,124.70222222222222,28.888888888888886
599,77.40444444444445,29.777777777777775
600,45.955555555555556,32.44444444444444
601,38.61333333333334,33.33333333333333
602,81.94222222222223,28.888888888888886
603,93.99555555555555,29.333333333333332
604,76.17777777777778,33.77777777777778
605,54.67111111111111,29.777777777777775
606,40.653333333333336,34.22222222222222
607,149.06666666666666,35.55555555555556
608,50.47555555555556,35.55555555555556
609,42.58222222222222,36.888888888888886
610,48.01777777777778,27.555555555555557
611,83.40444444444445,31.555555555555554
612,81.06666666666666,33.77777777777778
613,116.96444444444444,34.22222222222222
614,47.284444444444446,31.11111111111111
615,46.47555555555556,33.77777777777778
616,40.28888888888889,29.333333333333332
617,42.15555555555556,31.555555555555554
618,123.60444444444444,28.444444444444443
619,59.986666666666665,34.66666666666667
620,55.75111111111111,32.88888888888889
621,79.4,32.44444444444444
622,47.004444444444445,32.44444444444444
623,94.69333333333333,34.66666666666667
624,117.87555555555555,34.22222222222222
625,77.48444444444445,30.666666666666664
626,40.586666666666666,34.66666666666667
627,108.24444444444444,38.22222222222222
628,83.19111111111111,26.222222222222225
629,47.94222222222222,37.333333333333336
630,120.13333333333334,32.44444444444444
631,54.617777777777775,32
632,50.23555555555556,28.888888888888886
633,120.16,28.444444444444443
634,53.96888888888889,29.333333333333332
635,52.733333333333334,31.555555555555554
636,82.81333333333333,30.22222222222222
637,109.58222222222223,30.22222222222222
638,41.626666666666665,33.33333333333333
639,87.38222222222223,29.777777777777775
640,86.5911111111111,30.22222222222222
641,81.76,28.444444444444443
642,53.82222222222222,32.88888888888889
643,47.6,28.444444444444443
644,40.16,30.666666666666664
645,121.36444444444444,31.11111111111111
646,44.29333333333334,28.444444444444443
647,77.15555555555555,33.77777777777778
648,50.324444444444445,28.000000000000004
649,38.64888888888889,32.88888888888889
650,74.51555555555555,24.88888888888889
651,79.66222222222223,29.333333333333332
652,44.83555555555556,37.77777777777778
653,110.36888888888889,32
654,50.60444444444445,32.88888888888889
655,92.32444444444444,34.66666666666667
656,43.324444444444445,35.11111111111111
657,47.22666666666667,32
658,46.95111111111111,26.222222222222225
659,61.85333333333333,32.88888888888889
660,54.14222222222222,30.22222222222222
661,55.99111111111111,29.777777777777775
662,144.5822222222222,31.555555555555554
663,47.60888888888889,33.33333333333333
664,110.49777777777778,33.77777777777778
665,85.27555555555556,32
666,151.35555555555555,33.77777777777778
667,117.10222222222222,27.555555555555557
668,68.91111111111111,30.666666666666664
669,92.70666666666666,29.333333333333332
670,121.83111111111111,34.66666666666667
671,85.47111111111111,29.333333333333332
672,87.42222222222222,32
673,86.64,35.11111111111111
674,50.90222222222222,32
675,41.80444444444444,36
676,81.93333333333334,30.22222222222222
677,43.62222222222222,35.11111111111111
678,75.72,31.555555555555554
679,128.65777777777777,30.22222222222222
680,89.88444444444444,36.888888888888886
681,58.56,30.666666666666664
682,114.48,33.33333333333333
683,78.78222222222222,35.55555555555556
684,78.01333333333334,34.22222222222222
685,50.44444444444444,31.11111111111111
686,113.10666666666667,36.888888888888886
687,159.2,32.88888888888889
688,88.11555555555556,32.44444444444444
689,212.36444444444444,26.666666666666668
690,46.217777777777776,28.000000000000004
691,111.40444444444445,28.444444444444443
692,147.32888888888888,31.555555555555554
693,78.78222222222222,32
694,38.12444444444444,34.22222222222222
695,155.7511111111111,32.44444444444444
696,39.8,30.22222222222222
697,52.28888888888889,31.11111111111111
698,114.13333333333334,33.33333333333333
699,106.25333333333333,28.888888888888886
700,78.56888888888889,29.333333333333332
701,154.04888888888888,35.11111111111111
702,79.99111111111111,30.666666666666664
703,148.34222222222223,31.555555555555554
704,117.68,33.77777777777778
705,148.03555555555556,33.33333333333333
706,44.82666666666667,32.88888888888889
707,125.4888888888889,28.888888888888886
708,182.62666666666667,30.666666666666664
709,122.36444444444444,32.44444444444444
710,87.99555555555555,32
711,118.97777777777777,31.11111111111111
712,78.96444444444444,33.33333333333333
713,84.31111111111112,31.11111111111111
714,115.61777777777777,25.333333333333336
715,117.63111111111111,39.111111111111114
716,48.06666666666667,35.11111111111111
717,78.30222222222223,34.66666666666667
718,90.75555555555556,30.666666666666664
719,43.49333333333333,29.777777777777775
720,81.98666666666666,31.555555555555554
721,45.82222222222222,33.33333333333333
722,75.80444444444444,32
723,80.16,38.22222222222222
724,81.78222222222222,28.888888888888886
725,48.52,32.88888888888889
726,43.41777777777778,29.333333333333332
727,81.1288888888889,31.11111111111111
728,122.49333333333334,30.666666666666664
729,50.51555555555556,32
730,85.69777777777777,28.888888888888886
731,80.45777777777778,32.44444444444444
732,84.44444444444444,36.888888888888886
733,75.02666666666667,37.77777777777778
734,86.34666666666666,30.22222222222222
735,53.36,32.44444444444444
736,50.324444444444445,31.11111111111111
737,88.55111111111111,32.88888888888889
738,83.68,32.44444444444444
739,45.71111111111111,36
740,49.111111111111114,31.11111111111111
741,77.22222222222223,31.11111111111111
742,87.55111111111111,29.777777777777775
743,89.13777777777777,30.22222222222222
744,118.76,35.55555555555556
745,45.17777777777778,30.22222222222222
746,49.888888888888886,30.22222222222222
747,44.24888888888889,30.666666666666664
748,47.59111111111111,32.44444444444444
749,56.72,31.11111111111111
750,77.59555555555555,26.666666666666668
751,85.95555555555555,30.666666666666664
752,113.26222222222222,32.88888888888889
753,52.84888888888889,30.666666666666664
754,146.39555555555555,32.88888888888889
755,48.18222222222222,37.77777777777778
756,45.46666666666667,28.888888888888886
757,43.82666666666667,33.77777777777778
758,43.92444444444445,32.44444444444444
759,131.0222222222222,36.44444444444444
760,47.946666666666665,33.33333333333333
761,44.355555555555554,29.333333333333332
762,41.50222222222222,32
763,179.85333333333332,27.111111111111114
764,40.111111111111114,38.22222222222222
765,42.333333333333336,33.77777777777778
766,82.40444444444445,34.66666666666667
767,117.29777777777778,32.44444444444444
768,77.08444444444444,34.66666666666667
769,151.92,31.555555555555554
770,39.63111111111111,36.44444444444444
771,187.57333333333332,33.33333333333333
772,50.217777777777776,31.555555555555554
773,88.34666666666666,30.666666666666664
774,80.04,36.888888888888886
775,35.92444444444445,33.33333333333333
776,112.68,33.33333333333333
777,116.37333333333333,35.11111111111111
778,85.77777777777777,31.11111111111111
779,86.93333333333334,31.555555555555554
780,117.26666666666667,31.555555555555554
781,87.66666666666667,28.888888888888886
782,80.92444444444445,31.555555555555554
783,51.07555555555555,36.44444444444444
784,124.62666666666667,32.44444444444444
785,89.60444444444444,31.555555555555554
786,47.102222222222224,35.11111111111111
787,45.373333333333335,35.55555555555556
788,89.71555555555555,31.555555555555554
789,84.38222222222223,31.555555555555554
790,80.09777777777778,23.555555555555554
791,46.26222222222222,30.666666666666664
792,62.91111111111111,28.000000000000004
793,110.51555555555555,30.666666666666664
794,87.93777777777778,35.55555555555556
795,56.044444444444444,34.22222222222222
796,125.64,32.44444444444444
797,150.15555555555557,28.888888888888886
798,48.586666666666666,33.33333333333333
799,89.24888888888889,28.888888888888886
800,51.84,31.555555555555554
801,152.65777777777777,29.333333333333332
802,150.01333333333332,34.22222222222222
803,89.1511111111111,27.555555555555557
804,179.70222222222222,28.444444444444443
805,76.48,28.888888888888886
806,78.69777777777777,29.333333333333332
807,111.19555555555556,32.88888888888889
808,79.31555555555556,32
809,120.10222222222222,30.666666666666664
810,45.52,36.44444444444444
811,111.74222222222222,26.666666666666668
812,45.8,34.22222222222222
813,75.61777777777777,39.111111111111114
814,47.96888888888889,36.888888888888886
815,79.72444444444444,29.777777777777775
816,109.16444444444444,32.44444444444444
817,44.16444444444444,33.33333333333333
818,81.66666666666667,28.888888888888886
819,79.11111111111111,29.333333333333332
820,114.97777777777777,33.77777777777778
821,46.07111111111111,31.555555555555554
822,77.40444444444445,33.33333333333333
823,52.568888888888885,28.444444444444443
824,78.86666666666666,32
825,146.38222222222223,38.666666666666664
826,83.30666666666667,36
827,92.41333333333333,32.88888888888889
828,114.77777777777777,33.77777777777778
829,118.74222222222222,31.11111111111111
830,87.2,32.44444444444444
831,58.635555555555555,30.666666666666664
832,39.81333333333333,32.44444444444444
833,44.577777777777776,34.22222222222222
834,127.88,35.55555555555556
835,55.742222222222225,31.555555555555554
836,114.26666666666667,36.888888888888886
837,49.026666666666664,33.77777777777778
838,72.05777777777777,40.44444444444444
839,44.07555555555555,32.44444444444444
840,43.791111111111114,29.777777777777775
841,76.41333333333333,31.11111111111111
842,45.43555555555555,32.88888888888889
843,47.324444444444445,30.22222222222222
844,116.52888888888889,27.555555555555557
845,111.93333333333334,33.33333333333333
846,119.01777777777778,34.66666666666667
847,78.95555555555555,37.77777777777778
848,119.97777777777777,33.77777777777778
849,77.58222222222223,33.33333333333333
850,80.93333333333334,33.33333333333333
851,45.742222222222225,35.11111111111111
852,41.96888888888889,33.77777777777778
853,123.36,36.888888888888886
854,156.19555555555556,37.77777777777778
855,46.49777777777778,28.888888888888886
856,76.18222222222222,33.33333333333333
857,112.16,32.88888888888889
858,85.49777777777778,31.555555555555554
859,86.32,29.777777777777775
860,120.22666666666667,24.444444444444443
861,115.10222222222222,36.888888888888886
862,79.84444444444445,32.44444444444444
863,114.26222222222222,33.33333333333333
864,130.77333333333334,32.44444444444444
865,79.85777777777778,34.22222222222222
866,117.55555555555556,27.555555555555557
867,40.004444444444445,35.11111111111111
868,46.69777777777778,34.22222222222222
869,60.595555555555556,34.22222222222222
870,75.88444444444444,31.11111111111111
871,52.36888888888889,31.555555555555554
872,94.10222222222222,33.77777777777778
873,103.12,35.55555555555556
874,53.29333333333334,35.11111111111111
875,49.32,34.66666666666667
876,111.8711111111111,29.777777777777775
877,47.568888888888885,30.22222222222222
878,80.21777777777778,32.44444444444444
879,79.75111111111111,35.11111111111111
880,103.95555555555555,26.222222222222225
881,47.644444444444446,39.111111111111114
882,43.50666666666667,33.33333333333333
883,51.63111111111111,27.111111111111114
884,93.99111111111111,32.88888888888889
885,47.693333333333335,29.777777777777775
886,114.80444444444444,32
887,55.86666666666667,28.888888888888886
888,87.42666666666666,33.77777777777778
889,71.45333333333333,32
890,151.1911111111111,30.666666666666664
891,83.57777777777778,35.11111111111111
892,107.09333333333333,26.666666666666668
893,44.16,35.11111111111111
894,121.89777777777778,27.111111111111114
895,46.782222222222224,30.22222222222222
896,41.15555555555556,24.444444444444443
897,120.19555555555556,31.11111111111111
898,79.49777777777778,35.11111111111111
899,113.24444444444444,32.88888888888889
900,41.964444444444446,30.22222222222222
901,87.70222222222222,31.11111111111111
902,47.98222222222222,35.55555555555556
903,58.92,32.88888888888889
904,40.617777777777775,30.666666666666664
905,47.71111111111111,31.555555555555554
906,80.28,28.888888888888886
907,52.742222222222225,32
908,113.4088888888889,34.22222222222222
909,117.89777777777778,30.666666666666664
910,80.8,29.333333333333332
911,45.586666666666666,30.22222222222222
912,93.00888888888889,35.11111111111111
913,48.44888888888889,35.11111111111111
914,81.2311111111111,35.11111111111111
915,82.5911111111111,27.555555555555557
916,118.22666666666667,32.88888888888889
917,50.11555555555555,27.555555555555557
918,80.58666666666667,32.88888888888889
919,47.23555555555556,31.555555555555554
920,43.39555555555555,34.66666666666667
921,77.68444444444444,33.33333333333333
922,45.96,37.333333333333336
923,52.43555555555555,32
924,39.05777777777778,29.777777777777775
925,79.46222222222222,27.111111111111114
926,114.22666666666667,31.11111111111111
927,41.94222222222222,35.55555555555556
928,43.013333333333335,31.11111111111111
929,112.01333333333334,32.44444444444444
930,78.8488888888889,34.66666666666667
931,191.20888888888888,32.44444444444444
932,53.70666666666666,31.11111111111111
933,124.75111111111111,29.333333333333332
934,48.062222222222225,33.77777777777778
935,45.00888888888889,32
936,114,32.88888888888889
937,186.36,28.888888888888886
938,80.97777777777777,35.55555555555556
939,94.03555555555556,29.333333333333332
940,113.79555555555555,30.22222222222222
941,45.37777777777778,28.888888888888886
942,116.65333333333334,31.555555555555554
943,39.91555555555556,35.11111111111111
944,119.21777777777778,29.777777777777775
945,149.8,36
946,47.88444444444445,36
947,40.87555555555556,31.11111111111111
948,128.04888888888888,35.55555555555556
949,82.86222222222223,37.333333333333336
950,88.52444444444444,30.666666666666664
951,116.30666666666667,29.333333333333332
952,47.19111111111111,36.888888888888886
953,40.413333333333334,30.666666666666664
954,115.31111111111112,32.88888888888889
955,45.32888888888889,32.88888888888889
956,70.04444444444445,32
957,83.98666666666666,32.88888888888889
958,162.17777777777778,27.555555555555557
959,82.62666666666667,35.11111111111111
960,55.013333333333335,24.88888888888889
961,116.10222222222222,26.666666666666668
962,77.78666666666666,24.444444444444443
963,80.88888888888889,33.77777777777778
964,82.51555555555555,32.88888888888889
965,80.76444444444445,27.111111111111114
966,116.58666666666667,34.22222222222222
967,84.05777777777777,30.22222222222222
968,55.40888888888889,36
969,82.47555555555556,30.666666666666664
970,41.11555555555555,31.555555555555554
971,110.71111111111111,31.555555555555554
972,46.41777777777778,32
973,78.36888888888889,37.333333333333336
974,116.50222222222222,29.333333333333332
975,49.27111111111111,31.11111111111111
976,46.93333333333333,31.555555555555554
977,79.93333333333334,34.22222222222222
978,91.54666666666667,34.22222222222222
979,114.69777777777777,28.444444444444443
980,53.17777777777778,32.88888888888889
981,159.4311111111111,32.44444444444444
982,49.81777777777778,33.33333333333333
983,36.702222222222225,33.77777777777778
984,113.92444444444445,35.55555555555556
985,56.24444444444445,36
986,46.617777777777775,31.11111111111111
987,121.84444444444445,26.666666666666668
988,120.75555555555556,34.22222222222222
989,86.67555555555556,32
990,84.54666666666667,27.111111111111114
991,116.27111111111111,24.88888888888889
992,88.28888888888889,31.555555555555554
993,123.79555555555555,32
994,41.46222222222222,34.66666666666667
995,82.7688888888889,31.11111111111111
996,43.99111111111111,30.22222222222222
997,91.41777777777777,32.44444444444444
998,120.54222222222222,32.88888888888889
999,79.13333333333334,26.666666666666668
1000,119.45777777777778,32.88888888888889
1001,40.44,31.11111111111111
1002,37.76888888888889,28.888888888888886
1003,47.217777777777776,25.77777777777778
1004,60.25333333333333,29.777777777777775
1005,50.52,30.666666666666664
1006,82.00888888888889,27.555555555555557
1007,59.266666666666666,28.444444444444443
1008,49.33777777777778,32.44444444444444
1009,85.89777777777778,35.55555555555556
1010,112.76,31.11111111111111
1011,71.09777777777778,36.44444444444444
1012,53.68888888888889,31.555555555555554
1013,66.20444444444445,34.22222222222222
1014,74.76444444444445,34.66666666666667
1015,77.40444444444445,25.77777777777778
1016,113.28,34.22222222222222
1017,48.977777777777774,30.666666666666664
1018,52.306666666666665,29.333333333333332
1019,83.27111111111111,38.22222222222222
1020,125.18222222222222,31.11111111111111
1021,79.31111111111112,29.333333333333332
1022,88.68,31.11111111111111
1023,44.13777777777778,31.11111111111111
1024,84.93333333333334,32.44444444444444
1025,39.72888888888889,32
1026,82.18222222222222,28.888888888888886
1027,95.95555555555555,33.33333333333333
1028,182.68,32
1029,122.67111111111112,27.555555555555557
1030,177.85777777777778,30.666666666666664
1031,72.71111111111111,33.33333333333333
1032,50.77777777777778,26.222222222222225
1033,43.58222222222222,32.88888888888889
1034,112.19555555555556,32.44444444444444
1035,75.77333333333333,26.666666666666668
1036,56.38666666666666,32
1037,110.89333333333333,28.000000000000004
1038,87.67555555555556,27.111111111111114
1039,41.626666666666665,38.666666666666664
1040,155.06222222222223,32
1041,52.39111111111111,36.44444444444444
1042,87.03555555555556,32
1043,43.04,29.333333333333332
1044,51.14666666666667,36.888888888888886
1045,38.80888888888889,30.666666666666664
1046,61.715555555555554,26.222222222222225
1047,82.66666666666667,31.555555555555554
1048,81.42666666666666,34.22222222222222
1049,77.34666666666666,27.111111111111114
1050,76.31111111111112,32.44444444444444
1051,80.24,32.44444444444444
1052,53.471111111111114,33.77777777777778
1053,73.80444444444444,31.11111111111111
1054,55.266666666666666,33.33333333333333
1055,41.96,33.77777777777778
1056,80.55111111111111,33.33333333333333
1057,79.96,28.888888888888886
1058,113.61777777777777,34.22222222222222
1059,154.45333333333335,33.77777777777778
1060,38.89333333333333,28.444444444444443
1061,122.61333333333333,30.22222222222222
1062,80.16444444444444,28.000000000000004
1063,86.85777777777778,28.000000000000004
1064,83.65777777777778,32.88888888888889
1065,50.07555555555555,33.77777777777778
1066,115.40444444444445,30.22222222222222
1067,89.30222222222223,32.88888888888889
1068,50.53777777777778,30.22222222222222
1069,76.76,36.888888888888886
1070,121.58666666666667,28.888888888888886
1071,49.45333333333333,36.888888888888886
1072,105.92,32.88888888888889
1073,95.36888888888889,28.888888888888886
1074,46.22222222222222,30.666666666666664
1075,54.83555555555556,35.11111111111111
1076,49.40888888888889,34.66666666666667
1077,78.91555555555556,28.888888888888886
1078,42.715555555555554,30.666666666666664
1079,144.43555555555557,28.000000000000004
1080,98.53333333333333,30.22222222222222
1081,85.50666666666666,31.11111111111111
1082,43.364444444444445,34.66666666666667
1083,47.08444444444444,34.22222222222222
1084,85.91555555555556,35.55555555555556
1085,84.07555555555555,32
1086,42.68,37.77777777777778
1087,45.013333333333335,28.000000000000004
1088,84.03111111111112,40.88888888888889
1089,122.70222222222222,34.22222222222222
1090,53.973333333333336,39.111111111111114
1091,115.32,25.77777777777778
1092,46.19555555555556,36
1093,76.08888888888889,34.66666666666667
1094,147.85777777777778,32
1095,46.955555555555556,29.333333333333332
1096,54.80888888888889,32.88888888888889
1097,87.92444444444445,34.22222222222222
1098,85.07111111111111,30.22222222222222
1099,104.60444444444444,29.333333333333332
1100,86.16,33.77777777777778
1101,45.413333333333334,34.22222222222222
1102,81.28,29.777777777777775
1103,49.568888888888885,28.444444444444443
1104,83.20444444444445,33.77777777777778
1105,62.013333333333335,28.000000000000004
1106,158.05777777777777,36.888888888888886
1107,77.08888888888889,32.88888888888889
1108,77.26222222222222,29.333333333333332
1109,117.09333333333333,35.11111111111111
1110,204.05777777777777,32
1111,76.76444444444445,30.666666666666664
1112,48.986666666666665,33.77777777777778
1113,60.75555555555555,37.333333333333336
1114,115.67111111111112,32
1115,89.02222222222223,28.888888888888886
1116,40.87555555555556,30.22222222222222
1117,120.21777777777778,39.111111111111114
1118,84.98222222222222,30.22222222222222
1119,155.4622222222222,35.55555555555556
1120,79.34222222222222,37.77777777777778
1121,121.90666666666667,28.444444444444443
1122,75.75111111111111,33.77777777777778
1123,43.51111111111111,29.777777777777775
1124,84.58222222222223,28.000000000000004
1125,46.77333333333333,30.22222222222222
1126,39.76888888888889,36.44444444444444
1127,82.08,29.333333333333332
1128,56.04888888888889,32.44444444444444
1129,84.50222222222222,31.555555555555554
1130,86.44444444444444,28.000000000000004
1131,114.42222222222222,31.555555555555554
1132,48.217777777777776,34.22222222222222
1133,52.888888888888886,26.222222222222225
1134,118.14666666666666,32.88888888888889
1135,78.26666666666667,31.11111111111111
1136,81.1511111111111,33.33333333333333
1137,48.693333333333335,32.88888888888889
1138,88.19111111111111,28.888888888888886
1139,48.98222222222222,35.11111111111111
1140,87.04,33.33333333333333
1141,112.98222222222222,33.33333333333333
1142,50.675555555555555,33.77777777777778
1143,79.33777777777777,31.555555555555554
1144,44.93333333333333,32.88888888888889
1145,41.96,30.22222222222222
1146,111.34222222222222,32.44444444444444
1147,46.26222222222222,31.555555555555554
1148,51.80888888888889,32.88888888888889
1149,47.23555555555556,33.77777777777778
1150,49.95111111111111,30.666666666666664
1151,80.38222222222223,31.555555555555554
1152,38.6,33.77777777777778
1153,79.63111111111111,30.666666666666664
1154,52.81777777777778,28.000000000000004
1155,118.57777777777778,28.000000000000004
1156,85.56444444444445,26.666666666666668
1157,115.48,29.333333333333332
1158,74.35555555555555,35.55555555555556
1159,90.28444444444445,34.22222222222222
1160,49.90222222222222,32.44444444444444
1161,86.43111111111111,28.888888888888886
1162,42.906666666666666,33.77777777777778
1163,82.41333333333333,36.44444444444444
1164,39.586666666666666,35.55555555555556
1165,37.90222222222222,26.666666666666668
1166,121.34222222222222,30.666666666666664
1167,188.91555555555556,28.000000000000004
1168,153.92888888888888,26.222222222222225
1169,51.78666666666667,32.88888888888889
1170,152.97333333333333,31.11111111111111
1171,38.47555555555556,31.555555555555554
1172,46.64,32.88888888888889
1173,46.16888888888889,29.777777777777775
1174,115.44,28.000000000000004
1175,111.5111111111111,32.88888888888889
1176,79.62666666666667,29.333333333333332
1177,113.83111111111111,34.66666666666667
1178,119.52444444444444,26.222222222222225
1179,46.88444444444445,32
1180,119.36888888888889,29.333333333333332
1181,122.94222222222223,34.66666666666667
1182,86.58222222222223,33.33333333333333
1183,113.15555555555555,34.66666666666667
1184,120.28,35.11111111111111
1185,145.84444444444443,29.777777777777775
1186,49.01777777777778,34.22222222222222
1187,120,30.666666666666664
1188,123.42222222222222,30.666666666666664
1189,49.635555555555555,32.44444444444444
1190,48.98222222222222,37.333333333333336
1191,90.58666666666667,35.55555555555556
1192,45.284444444444446,36
1193,84.56444444444445,31.11111111111111
1194,42.52444444444444,32
1195,44.90222222222222,33.33333333333333
1196,87.89333333333333,29.777777777777775
1197,117.72,30.22222222222222
1198,79.79555555555555,33.33333333333333
1199,84.38666666666667,26.222222222222225
1200,52.14666666666667,28.000000000000004
1201,48.00888888888889,33.77777777777778
1202,47.062222222222225,37.77777777777778
1203,86.19555555555556,30.22222222222222
1204,83.29333333333334,29.777777777777775
1205,79.01333333333334,37.333333333333336
1206,115.46222222222222,34.66666666666667
1207,84.58222222222223,31.555555555555554
1208,115.70222222222222,30.666666666666664
1209,49.15111111111111,36.44444444444444
1210,114.38222222222223,28.888888888888886
1211,109.7911111111111,30.666666666666664
1212,124.36,29.333333333333332
1213,46.87555555555556,33.33333333333333
1214,79.96,33.33333333333333
1215,48.644444444444446,29.777777777777775
1216,75.86666666666666,30.666666666666664
1217,51.77777777777778,24
1218,83.12,32.88888888888889
1219,45.26222222222222,31.11111111111111
1220,116.88444444444444,32.88888888888889
1221,79.00888888888889,36.44444444444444
1222,44.87111111111111,29.777777777777775
1223,109.63555555555556,28.000000000000004
1224,181.7511111111111,28.444444444444443
1225,109.66666666666667,31.555555555555554
1226,44.16,26.222222222222225
1227,72.41333333333333,33.77777777777778
1228,46.45333333333333,32.88888888888889
1229,119.19111111111111,36
1230,42.21333333333333,36.44444444444444
1231,50.52444444444444,32.44444444444444
1232,108.12,32.44444444444444
1233,76.34222222222222,31.555555555555554
1234,45.83555555555556,31.555555555555554
1235,57.76,34.22222222222222
1236,40.062222222222225,33.33333333333333
1237,53.742222222222225,37.333333333333336
1238,78.92444444444445,28.000000000000004
1239,49.30222222222222,31.11111111111111
1240,87.06222222222222,30.666666666666664
1241,54.03111111111111,34.66666666666667
1242,129.2488888888889,33.33333333333333
1243,44.18666666666667,34.22222222222222
1244,86.04888888888888,33.77777777777778
1245,106.32888888888888,27.555555555555557
1246,84.13333333333334,32.44444444444444
1247,42.83111111111111,26.222222222222225
1248,75.15555555555555,34.22222222222222
1249,122.37777777777778,35.55555555555556
1250,50.07555555555555,28.888888888888886
1251,112.56888888888889,31.11111111111111
1252,79.84,33.33333333333333
1253,51.093333333333334,36.888888888888886
1254,49.96,26.222222222222225
1255,88.85777777777778,34.22222222222222
1256,85.91111111111111,32
1257,46.382222222222225,28.444444444444443
1258,121.84,27.111111111111114
1259,79.26222222222222,28.888888888888886
1260,73.79555555555555,29.333333333333332
1261,74.74666666666667,33.77777777777778
1262,82.67555555555556,36
1263,41.102222222222224,31.11111111111111
1264,115.08,26.666666666666668
1265,50.062222222222225,32
1266,86.02666666666667,30.22222222222222
1267,41.257777777777775,30.666666666666664
1268,50.733333333333334,29.333333333333332
1269,72.85777777777778,33.33333333333333
1270,48.57333333333333,36.44444444444444
1271,80.44888888888889,36
1272,154.06666666666666,34.66666666666667
1273,78.49333333333334,32.88888888888889
1274,59.35111111111111,26.222222222222225
1275,47.93333333333333,31.555555555555554
1276,39.364444444444445,34.66666666666667
1277,115.72444444444444,32
1278,118.7911111111111,31.11111111111111
1279,46.12888888888889,31.555555555555554
1280,82.88,37.333333333333336
1281,43.644444444444446,30.666666666666664
1282,121.32888888888888,38.22222222222222
1283,154.31555555555556,32.88888888888889
1284,155.7511111111111,32
1285,39.026666666666664,30.22222222222222
1286,86.11555555555556,30.22222222222222
1287,39.733333333333334,32.88888888888889
1288,77.37777777777778,29.333333333333332
1289,121.77333333333333,28.000000000000004
1290,95.71555555555555,32.44444444444444
1291,96.43111111111111,29.333333333333332
1292,77.00444444444445,36.888888888888886
1293,109.74666666666667,32.88888888888889
1294,40.90222222222222,31.555555555555554
1295,90.24888888888889,32.88888888888889
1296,73.93333333333334,33.33333333333333
1297,41.47555555555556,30.666666666666664
1298,115.95555555555555,32.88888888888889
1299,42.431111111111115,31.11111111111111
1300,111.26222222222222,35.11111111111111
1301,72.49333333333334,31.11111111111111
1302,44.86222222222222,28.000000000000004
1303,49.85333333333333,29.333333333333332
1304,113.48,26.666666666666668
1305,41.13333333333333,31.555555555555554
1306,48.12444444444444,32.44444444444444
1307,48.44888888888889,34.22222222222222
1308,78.72444444444444,35.11111111111111
1309,44.54666666666667,33.77777777777778
1310,77.48444444444445,33.77777777777778
1311,47.68888888888889,35.55555555555556
1312,146.32,27.555555555555557
1313,108.33777777777777,32.88888888888889
1314,82.94222222222223,35.55555555555556
1315,44.973333333333336,30.666666666666664
1316,144.17333333333335,28.444444444444443
1317,124.76444444444445,34.22222222222222
1318,150.8088888888889,30.666666666666664
1319,49.60888888888889,31.555555555555554
1320,104.45333333333333,30.666666666666664
1321,161.84,35.11111111111111
1322,47.24,32.88888888888889
1323,46.21333333333333,33.33333333333333
1324,38.86222222222222,30.22222222222222
1325,80.65333333333334,32.44444444444444
1326,82.13333333333334,33.77777777777778
1327,115.81777777777778,32.88888888888889
1328,54.28888888888889,28.000000000000004
1329,46.324444444444445,34.66666666666667
1330,47.528888888888886,33.33333333333333
1331,84.46222222222222,32.88888888888889
1332,84.33333333333333,27.111111111111114
1333,151.52444444444444,35.11111111111111
1334,41.33777777777778,30.22222222222222
1335,88.92,35.55555555555556
1336,117.50666666666666,30.22222222222222
1337,82.33777777777777,33.33333333333333
1338,124.92444444444445,30.22222222222222
1339,85.54666666666667,36
1340,80.02222222222223,33.77777777777778
1341,75.10222222222222,29.777777777777775
1342,45.91111111111111,34.22222222222222
1343,121.68,30.22222222222222
1344,58.208888888888886,31.11111111111111
1345,84.53333333333333,31.11111111111111
1346,173.4088888888889,29.777777777777775
1347,142.2488888888889,31.11111111111111
1348,45.68888888888889,34.66666666666667
1349,84.41777777777777,29.333333333333332
1350,51.49777777777778,32.44444444444444
1351,79.29777777777778,33.33333333333333
1352,51.73777777777778,30.666666666666664
1353,53.84888888888889,31.555555555555554
1354,80.78222222222222,31.11111111111111
1355,86.21777777777778,32.44444444444444
1356,115.35555555555555,31.555555555555554
1357,114.76444444444445,34.66666666666667
1358,86.41333333333333,26.222222222222225
1359,84.89777777777778,33.33333333333333
1360,113.85777777777778,36.888888888888886
1361,87.67555555555556,32.88888888888889
1362,45.69777777777778,28.000000000000004
1363,55.24444444444445,31.11111111111111
1364,49.45333333333333,33.33333333333333
1365,81.98666666666666,28.444444444444443
1366,46.84,36.44444444444444
1367,118.98666666666666,29.333333333333332
1368,49.626666666666665,31.555555555555554
1369,121.38222222222223,26.666666666666668
1370,57.702222222222225,30.666666666666664
1371,49.52,36.888888888888886
1372,40.99111111111111,29.333333333333332
1373,78.56888888888889,36
1374,73.63555555555556,32
1375,87.53777777777778,34.22222222222222
1376,81.65333333333334,30.22222222222222
1377,75.25333333333333,29.333333333333332
1378,39.46666666666667,30.22222222222222
1379,39.93333333333333,31.555555555555554
1380,45.364444444444445,28.888888888888886
1381,219.29777777777778,29.333333333333332
1382,123.91111111111111,30.22222222222222
1383,86.23555555555555,37.333333333333336
1384,43.40888888888889,32.44444444444444
1385,43.87111111111111,27.555555555555557
1386,40.995555555555555,36.888888888888886
1387,75.10666666666667,35.11111111111111
1388,76.81777777777778,32
1389,75.6,33.77777777777778
1390,80.58222222222223,31.555555555555554
1391,42.208888888888886,31.555555555555554
1392,76.75111111111111,35.11111111111111
1393,47.37777777777778,37.77777777777778
1394,155.73333333333332,32.44444444444444
1395,87.04444444444445,32
1396,48.45333333333333,39.111111111111114
1397,125.55111111111111,27.111111111111114
1398,110.34666666666666,30.666666666666664
1399,41.88,33.77777777777778
1400,90.12,32.88888888888889
1401,82.99111111111111,30.22222222222222
1402,78.06666666666666,33.77777777777778
1403,110.12444444444445,33.33333333333333
1404,78.78222222222222,29.777777777777775
1405,109.65777777777778,30.22222222222222
1406,78.21777777777778,32.44444444444444
1407,40.44444444444444,29.777777777777775
1408,42.333333333333336,29.333333333333332
1409,37.986666666666665,37.333333333333336
1410,78,28.000000000000004
1411,189.0088888888889,34.22222222222222
1412,87.73333333333333,26.666666666666668
1413,75.28,31.11111111111111
1414,109.63555555555556,33.77777777777778
1415,86.72888888888889,35.55555555555556
1416,44.81333333333333,35.55555555555556
1417,44.35111111111111,32.44444444444444
1418,112.00444444444445,36.44444444444444
1419,82.22666666666667,35.55555555555556
1420,84.99111111111111,30.666666666666664
1421,111.38222222222223,28.888888888888886
1422,48.94222222222222,34.66666666666667
1423,49.57333333333333,32.88888888888889
1424,86.63111111111111,25.333333333333336
1425,71.61333333333333,38.22222222222222
1426,121.18222222222222,30.666666666666664
1427,87.29333333333334,32.88888888888889
1428,186.45333333333335,30.22222222222222
1429,45.102222222222224,36.44444444444444
1430,44.111111111111114,28.000000000000004
1431,81.02666666666667,32
1432,118.65333333333334,32.88888888888889
1433,38.92888888888889,36
1434,118.25777777777778,30.22222222222222
1435,55.635555555555555,32.88888888888889
1436,41.85333333333333,31.11111111111111
1437,46.56444444444445,28.000000000000004
1438,44.27111111111111,30.22222222222222
1439,47.76888888888889,28.444444444444443
1440,48,31.11111111111111
1441,160.55555555555554,32.44444444444444
1442,83.31555555555556,28.888888888888886
1443,75.95555555555555,30.22222222222222
1444,51.52444444444444,32.88888888888889
1445,36.43555555555555,30.22222222222222
1446,45.54222222222222,33.33333333333333
1447,156.08,32
1448,120.51555555555555,30.666666666666664
1449,43.013333333333335,33.77777777777778
1450,124.94222222222223,39.55555555555556
1451,76.53777777777778,28.888888888888886
1452,78.58666666666667,30.22222222222222
1453,110.03111111111112,35.11111111111111
1454,142.64444444444445,32
1455,112.94222222222223,36.888888888888886
1456,150.65333333333334,36.44444444444444
1457,78.61333333333333,31.11111111111111
1458,53.53777777777778,34.66666666666667
1459,76.45333333333333,32.88888888888889
1460,120.34666666666666,31.555555555555554
1461,112.70222222222222,31.11111111111111
1462,80.40444444444445,30.666666666666664
1463,93.18222222222222,30.666666666666664
1464,114.35555555555555,32
1465,53.28888888888889,30.22222222222222
1466,54.742222222222225,31.11111111111111
1467,153.50666666666666,38.22222222222222
1468,84.8488888888889,34.22222222222222
1469,88.19111111111111,33.77777777777778
1470,160,27.555555555555557
1471,87.5111111111111,33.33333333333333
1472,82.60444444444444,34.22222222222222
1473,116.72888888888889,29.777777777777775
1474,114.74666666666667,24.444444444444443
1475,55.29333333333334,32
1476,161.09333333333333,30.666666666666664
1477,45.04,35.11111111111111
1478,79.5911111111111,29.333333333333332
1479,72.11555555555556,32.88888888888889
1480,84.76444444444445,29.333333333333332
1481,41.76,32
1482,49.724444444444444,30.22222222222222
1483,73.1511111111111,31.11111111111111
1484,49.59111111111111,31.11111111111111
1485,148.8711111111111,33.77777777777778
1486,45.82222222222222,33.77777777777778
1487,81.70666666666666,30.666666666666664
1488,116.41333333333333,34.66666666666667
1489,119.04888888888888,30.666666666666664
1490,44.13777777777778,33.33333333333333
1491,46.96888888888889,31.11111111111111
1492,146.68444444444444,32.88888888888889
1493,118.32888888888888,35.11111111111111
1494,78.46666666666667,28.888888888888886
1495,45.90222222222222,28.444444444444443
1496,191.42222222222222,30.666666666666664
1497,75.24,29.777777777777775
1498,45.46222222222222,30.22222222222222
1499,43.733333333333334,33.77777777777778
1500,83.88444444444444,34.66666666666667
1501,113.57333333333334,32
1502,111.01777777777778,29.777777777777775
1503,156.5822222222222,28.888888888888886
1504,117.04888888888888,32.88888888888889
1505,43.83555555555556,31.11111111111111
1506,79.89333333333333,29.777777777777775
1507,141.86222222222221,34.66666666666667
1508,84.92888888888889,29.333333333333332
1509,76.19555555555556,35.55555555555556
1510,45.82222222222222,30.666666666666664
1511,156.3022222222222,34.66666666666667
1512,76.62222222222222,29.333333333333332
1513,79.04888888888888,29.333333333333332
1514,78.13777777777777,30.666666666666664
1515,79.86666666666666,32.88888888888889
1516,120.02666666666667,30.666666666666664
1517,53.92,34.22222222222222
1518,111.12,25.333333333333336
1519,47.67111111111111,26.222222222222225
1520,45.324444444444445,33.33333333333333
1521,80.96,27.111111111111114
1522,46.724444444444444,33.33333333333333
1523,57.422222222222224,29.777777777777775
1524,50.83555555555556,31.11111111111111
1525,43.964444444444446,33.77777777777778
1526,111.03111111111112,30.22222222222222
1527,91.78222222222222,30.22222222222222
1528,43.86666666666667,28.888888888888886
1529,80.12,31.11111111111111
1530,88.03555555555556,32.88888888888889
1531,82.67555555555556,34.22222222222222
1532,42.88444444444445,33.33333333333333
1533,44.62222222222222,32
1534,84.71111111111111,28.888888888888886
1535,42.30222222222222,34.22222222222222
1536,119.71111111111111,36
1537,41.208888888888886,29.333333333333332
1538,56.98222222222222,33.77777777777778
1539,43.24,32.44444444444444
1540,57.16888888888889,28.444444444444443
1541,85.32444444444444,29.777777777777775
1542,49.684444444444445,33.33333333333333
1543,50.266666666666666,24.88888888888889
1544,45.284444444444446,32.44444444444444
1545,90.25333333333333,32
1546,93.42666666666666,32
1547,113.14222222222222,34.66666666666667
1548,53.51111111111111,32
1549,48.324444444444445,30.666666666666664
1550,86.74222222222222,28.888888888888886
1551,82.49333333333334,36
1552,117.21333333333334,31.555555555555554
1553,42.14666666666667,34.22222222222222
1554,46.16444444444444,32
1555,83.56,32
1556,81.88888888888889,32.44444444444444
1557,78.31555555555556,28.888888888888886
1558,109.24888888888889,34.22222222222222
1559,47.09777777777778,30.666666666666664
1560,95.77777777777777,30.666666666666664
1561,47.062222222222225,32.88888888888889
1562,82.94666666666667,31.555555555555554
1563,44.74666666666667,32.88888888888889
1564,49.355555555555554,29.777777777777775
1565,82.74222222222222,35.11111111111111
1566,75.4888888888889,35.55555555555556
1567,40.95111111111111,34.66666666666667
1568,44.19111111111111,29.777777777777775
1569,113.31111111111112,32.88888888888889
1570,90.16444444444444,30.22222222222222
1571,47.2,30.22222222222222
1572,48.44888888888889,36.44444444444444
1573,150.8488888888889,35.11111111111111
1574,55.45777777777778,28.000000000000004
1575,94.75555555555556,24.88888888888889
1576,80.26666666666667,26.666666666666668
1577,44.4,37.333333333333336
1578,41.90222222222222,29.777777777777775
1579,56.431111111111115,32.44444444444444
1580,80.61777777777777,29.333333333333332
1581,82.83111111111111,33.33333333333333
1582,80.06666666666666,29.777777777777775
1583,80.42666666666666,31.555555555555554
1584,73.45777777777778,32
1585,84.13333333333334,26.222222222222225
1586,147.38666666666666,39.111111111111114
1587,73.2088888888889,32.88888888888889
1588,41.51555555555556,30.22222222222222
1589,46.995555555555555,35.55555555555556
1590,51.62222222222222,32.88888888888889
1591,82.12,29.777777777777775
1592,45.99111111111111,32.88888888888889
1593,86.58222222222223,29.333333333333332
1594,123.59555555555555,34.22222222222222
1595,121.81333333333333,29.777777777777775
1596,47.026666666666664,30.22222222222222
1597,73.74666666666667,32.44444444444444
1598,84.29777777777778,23.555555555555554
1599,95.42222222222222,31.555555555555554
1600,49.026666666666664,35.55555555555556
1601,82.34666666666666,32.44444444444444
1602,80.82666666666667,29.777777777777775
1603,51.38666666666666,30.666666666666664
1604,122.70222222222222,30.666666666666664
1605,84.28,32
1606,98.35111111111111,28.888888888888886
1607,86.04888888888888,32.44444444444444
1608,79.52,29.777777777777775
1609,54.80444444444444,28.000000000000004
1610,41.2,23.555555555555554
1611,71.94222222222223,27.111111111111114
1612,82.12,32
1613,45.111111111111114,31.11111111111111
1614,42.284444444444446,34.66666666666667
1615,41.471111111111114,31.11111111111111
1616,148.94666666666666,24
1617,82.14222222222222,25.77777777777778
1618,98.64,38.22222222222222
1619,51.47555555555556,34.66666666666667
1620,82.05333333333333,32
1621,77.93333333333334,35.55555555555556
1622,117.08,29.777777777777775
1623,79.30666666666667,30.666666666666664
1624,60.986666666666665,29.777777777777775
1625,57.16444444444444,29.333333333333332
1626,91.97777777777777,28.000000000000004
1627,74.44888888888889,28.000000000000004
1628,44.346666666666664,34.22222222222222
1629,82.72,25.77777777777778
1630,88.11555555555556,37.333333333333336
1631,77.68444444444444,33.33333333333333
1632,44.404444444444444,34.22222222222222
1633,49.88,29.333333333333332
1634,50.004444444444445,27.555555555555557
1635,79.4,34.22222222222222
1636,50.52444444444444,27.111111111111114
1637,115.29777777777778,31.11111111111111
1638,49.65777777777778,32.44444444444444
1639,49.382222222222225,40.88888888888889
1640,78.36444444444444,28.888888888888886
1641,79.92,32.44444444444444
1642,80.13333333333334,27.555555555555557
1643,52.16,30.666666666666664
1644,110.11555555555556,31.555555555555554
1645,54.422222222222224,30.22222222222222
1646,77.10222222222222,33.33333333333333
1647,55.653333333333336,31.555555555555554
1648,50.986666666666665,31.555555555555554
1649,190.79111111111112,29.777777777777775
1650,48.75111111111111,32
1651,118.34666666666666,30.666666666666664
1652,53.52,34.22222222222222
1653,116.06222222222222,32
1654,56.09777777777778,30.666666666666664
1655,77.93333333333334,35.11111111111111
1656,41.013333333333335,32.88888888888889
1657,47.68888888888889,33.77777777777778
1658,52.48,31.11111111111111
1659,41.84,33.77777777777778
1660,82.07111111111111,32
1661,87.61777777777777,29.777777777777775
1662,47.76,34.22222222222222
1663,78.18222222222222,31.11111111111111
1664,47.00888888888889,26.666666666666668
1665,120.18666666666667,31.555555555555554
1666,76.04444444444445,30.666666666666664
1667,57.76,31.555555555555554
1668,53.50222222222222,33.33333333333333
1669,111.00888888888889,30.666666666666664
1670,120.24888888888889,26.666666666666668
1671,83.85777777777778,27.555555555555557
1672,87.59555555555555,34.22222222222222
1673,43.08888888888889,36
1674,110.44,37.333333333333336
1675,147.11555555555555,30.666666666666664
1676,75.75111111111111,32
1677,87.52888888888889,31.11111111111111
1678,113.58222222222223,32
1679,85.6,29.333333333333332
1680,111.2,40.88888888888889
1681,48.85333333333333,28.444444444444443
1682,114.08,28.000000000000004
1683,82.01333333333334,30.22222222222222
1684,123.17333333333333,32.44444444444444
1685,81.34666666666666,31.11111111111111
1686,82.71555555555555,33.77777777777778
1687,78.99555555555555,36
1688,107.64444444444445,31.555555555555554
1689,51.30222222222222,33.33333333333333
1690,120.97333333333333,38.666666666666664
1691,75.64888888888889,32
1692,151.26222222222222,23.555555555555554
1693,58.995555555555555,29.333333333333332
1694,80.65333333333334,39.111111111111114
1695,101.94222222222223,34.22222222222222
1696,159.4177777777778,29.333333333333332
1697,74.81777777777778,33.77777777777778
1698,50.16,30.666666666666664
1699,88.92888888888889,30.22222222222222
1700,49.45777777777778,36.44444444444444
1701,80.02666666666667,32.88888888888889
1702,91.06666666666666,27.555555555555557
1703,84.41777777777777,32
1704,85.44888888888889,36
1705,82.94666666666667,33.33333333333333
1706,69.64,31.555555555555554
1707,118.5111111111111,32.44444444444444
1708,107.78666666666666,30.666666666666664
1709,59.093333333333334,30.666666666666664
1710,85.4088888888889,32.88888888888889
1711,47.92444444444445,32.44444444444444
1712,115.41777777777777,25.333333333333336
1713,144.48888888888888,32
1714,39.03111111111111,32.44444444444444
1715,35.56444444444445,32
1716,87.7688888888889,24.444444444444443
1717,112.74666666666667,30.22222222222222
1718,42.19111111111111,28.444444444444443
1719,121.79555555555555,33.77777777777778
1720,53.06666666666667,36.44444444444444
1721,76.31111111111112,30.666666666666664
1722,121.79555555555555,28.444444444444443
1723,45.78666666666667,30.666666666666664
1724,125.55555555555556,36.888888888888886
1725,77.8711111111111,33.77777777777778
1726,55.45777777777778,31.11111111111111
1727,45.36,26.666666666666668
1728,79.4,33.77777777777778
1729,90.41777777777777,34.66666666666667
1730,54.284444444444446,37.77777777777778
1731,53.34222222222222,32.88888888888889
1732,78.72888888888889,33.33333333333333
1733,146.26222222222222,31.555555555555554
1734,79.83555555555556,30.22222222222222
1735,47.528888888888886,35.11111111111111
1736,47.72,34.22222222222222
1737,117.45777777777778,32.88888888888889
1738,41.01777777777778,31.11111111111111
1739,91.09777777777778,30.666666666666664
1740,49.52444444444444,35.11111111111111
1741,81.27555555555556,30.666666666666664
1742,42.04,28.888888888888886
1743,153.48,32.88888888888889
1744,79.76444444444445,29.777777777777775
1745,57.30222222222222,31.555555555555554
1746,55.78666666666667,33.77777777777778
1747,111.32888888888888,34.66666666666667
1748,51.93333333333333,31.555555555555554
1749,47.26222222222222,31.11111111111111
1750,73.96,32.88888888888889
1751,76.08888888888889,38.22222222222222
1752,43.004444444444445,28.888888888888886
1753,81.18666666666667,36.44444444444444
1754,85.38222222222223,31.555555555555554
1755,48.71111111111111,33.77777777777778
1756,47.52444444444444,35.11111111111111
1757,78.61777777777777,31.555555555555554
1758,43.48888888888889,31.555555555555554
1759,119.75555555555556,28.000000000000004
1760,56.81333333333333,28.888888888888886
1761,84.61777777777777,36.44444444444444
1762,92.7911111111111,33.77777777777778
1763,76.56888888888889,32.44444444444444
1764,52.01777777777778,30.666666666666664
1765,54.471111111111114,29.333333333333332
1766,81.92888888888889,30.22222222222222
1767,78.02666666666667,34.66666666666667
1768,77.30666666666667,34.22222222222222
1769,53.76888888888889,34.66666666666667
1770,47.60444444444445,29.333333333333332
1771,148.3111111111111,28.000000000000004
1772,83.38222222222223,31.555555555555554
1773,52.94222222222222,30.22222222222222
1774,77.01777777777778,29.333333333333332
1775,47.586666666666666,30.22222222222222
1776,45.733333333333334,29.777777777777775
1777,84.32444444444444,31.11111111111111
1778,146.51555555555555,27.555555555555557
1779,76.39111111111112,35.55555555555556
1780,116.59555555555555,35.11111111111111
1781,117.46222222222222,29.777777777777775
1782,72.13333333333334,28.888888888888886
1783,59.52,27.555555555555557
1784,83.36,28.444444444444443
1785,77.52,27.111111111111114
1786,119.56444444444445,35.11111111111111
1787,117.71555555555555,34.66666666666667
1788,113.99111111111111,28.000000000000004
1789,151.96,28.444444444444443
1790,47.76,36.44444444444444
1791,38.78666666666667,25.77777777777778
1792,48.92,34.66666666666667
1793,86.88888888888889,33.77777777777778
1794,54.49777777777778,31.555555555555554
1795,86.40444444444445,32
1796,90.67555555555556,34.22222222222222
1797,118.85333333333334,28.000000000000004
1798,87.14222222222222,35.11111111111111
1799,81.88888888888889,28.000000000000004
1800,157.00444444444443,29.777777777777775
1801,57.28,24
1802,45.08444444444444,29.777777777777775
1803,57.92888888888889,31.11111111111111
1804,84.04888888888888,34.22222222222222
1805,58.57333333333333,30.22222222222222
1806,143.5288888888889,33.77777777777778
1807,44.09777777777778,28.444444444444443
1808,60.568888888888885,30.22222222222222
1809,43.79555555555555,27.555555555555557
1810,39.29333333333334,29.333333333333332
1811,78.76,29.777777777777775
1812,40.42666666666667,33.77777777777778
1813,81.41333333333333,30.666666666666664
1814,51.72,28.888888888888886
1815,47.217777777777776,32.44444444444444
1816,52.102222222222224,32.44444444444444
1817,70.22222222222223,34.66666666666667
1818,105.68444444444444,28.444444444444443
1819,113.07555555555555,32.44444444444444
1820,153.20444444444445,33.33333333333333
1821,85.56,32
1822,107.73777777777778,31.555555555555554
1823,48.26222222222222,28.444444444444443
1824,116.36444444444444,29.333333333333332
1825,78.70666666666666,29.333333333333332
1826,123.28888888888889,30.22222222222222
1827,52.413333333333334,29.333333333333332
1828,83.37777777777778,35.55555555555556
1829,76.89777777777778,32
1830,187.65333333333334,32.44444444444444
1831,188.14222222222222,33.33333333333333
1832,124.13333333333334,35.11111111111111
1833,61.60888888888889,25.333333333333336
1834,41.77777777777778,37.77777777777778
1835,53.617777777777775,28.444444444444443
1836,155.85777777777778,35.55555555555556
1837,122.44888888888889,31.11111111111111
1838,45.93333333333333,35.55555555555556
1839,116.61333333333333,37.77777777777778
1840,79.17777777777778,33.33333333333333
1841,89.03111111111112,30.666666666666664
1842,46.897777777777776,27.111111111111114
1843,124.44,31.555555555555554
1844,77.55111111111111,31.555555555555554
1845,76.53333333333333,35.55555555555556
1846,45.71111111111111,32
1847,54.76888888888889,35.11111111111111
1848,149.44444444444446,38.666666666666664
1849,47.90222222222222,31.555555555555554
1850,45.94222222222222,34.66666666666667
1851,86.56,33.77777777777778
1852,106.80444444444444,32.88888888888889
1853,71.43555555555555,30.666666666666664
1854,154.35111111111112,28.888888888888886
1855,121.5111111111111,33.77777777777778
1856,83.88,31.11111111111111
1857,38.93333333333333,33.77777777777778
1858,55.14666666666667,30.666666666666664
1859,85.21333333333334,28.444444444444443
1860,78.34222222222222,27.111111111111114
1861,88.06222222222222,32
1862,48.34222222222222,27.555555555555557
1863,50.96,37.333333333333336
1864,120.63111111111111,31.11111111111111
1865,48.06666666666667,29.777777777777775
1866,89.77777777777777,36.44444444444444
1867,90.59555555555555,34.66666666666667
1868,43.28888888888889,30.666666666666664
1869,86.53777777777778,34.22222222222222
1870,54.63111111111111,39.111111111111114
1871,52.77333333333333,29.333333333333332
1872,126.95111111111112,34.22222222222222
1873,113.16,33.33333333333333
1874,58.53777777777778,28.888888888888886
1875,156.7511111111111,39.111111111111114
1876,85.13333333333334,30.666666666666664
1877,142.64444444444445,32.88888888888889
1878,52.995555555555555,29.777777777777775
1879,48.431111111111115,28.000000000000004
1880,112.58222222222223,33.33333333333333
1881,50.51555555555556,38.666666666666664
1882,39.404444444444444,32
1883,51.17777777777778,34.22222222222222
1884,130.34666666666666,32.88888888888889
1885,42.946666666666665,33.33333333333333
1886,80.36,31.11111111111111
1887,77.64444444444445,36.44444444444444
1888,116.36888888888889,34.22222222222222
1889,81.27555555555556,27.111111111111114
1890,117.18666666666667,32.88888888888889
1891,56.60444444444445,32
1892,108.29777777777778,29.333333333333332
1893,78.37333333333333,28.000000000000004
1894,49.653333333333336,30.22222222222222
1895,44.07555555555555,29.777777777777775
1896,46.19555555555556,32.44444444444444
1897,53.12,33.33333333333333
1898,116.1288888888889,38.666666666666664
1899,46.39555555555555,35.55555555555556
1900,81.98222222222222,28.888888888888886
1901,84.44888888888889,33.77777777777778
1902,46.782222222222224,32
1903,42.33777777777778,34.22222222222222
1904,97.46666666666667,32.44444444444444
1905,154.76444444444445,27.555555555555557
1906,50.026666666666664,34.22222222222222
1907,77.41777777777777,29.777777777777775
1908,46.577777777777776,37.333333333333336
1909,86.51555555555555,32.44444444444444
1910,115.08444444444444,30.22222222222222
1911,91.8711111111111,35.55555555555556
1912,124.63555555555556,32.44444444444444
1913,118.36888888888889,28.888888888888886
1914,50.70666666666666,39.55555555555556
1915,75.08444444444444,31.11111111111111
1916,110.37777777777778,27.555555555555557
1917,90.18222222222222,30.22222222222222
1918,42.888888888888886,34.66666666666667
1919,156.57777777777778,28.888888888888886
1920,86.58666666666667,37.77777777777778
1921,109.79555555555555,36
1922,86.39111111111112,32.88888888888889
1923,78.61333333333333,28.888888888888886
1924,83.75111111111111,32.44444444444444
1925,149.86666666666667,32.88888888888889
1926,58.22222222222222,31.11111111111111
1927,39.13333333333333,33.33333333333333
1928,115.95555555555555,34.22222222222222
1929,123.11555555555556,28.000000000000004
1930,47.733333333333334,28.888888888888886
1931,49.72888888888889,28.000000000000004
1932,47.07555555555555,37.333333333333336
1933,83.8,34.22222222222222
1934,45.24444444444445,31.555555555555554
1935,80.61777777777777,32
1936,79,32.44444444444444
1937,78.35111111111111,29.333333333333332
1938,78.20444444444445,28.888888888888886
1939,117.8,32.44444444444444
1940,39.20444444444445,29.777777777777775
1941,117.28,28.000000000000004
1942,124.44888888888889,31.555555555555554
1943,117.67555555555556,33.77777777777778
1944,85.30222222222223,32
1945,49.82666666666667,33.33333333333333
1946,151.41333333333333,28.888888888888886
1947,148.89777777777778,28.444444444444443
1948,119.85333333333334,34.22222222222222
1949,118.48,30.22222222222222
1950,109.27111111111111,26.666666666666668
1951,145.77777777777777,30.22222222222222
1952,118.78222222222222,33.33333333333333
1953,78.38222222222223,28.888888888888886
1954,78.14666666666666,31.11111111111111
1955,45.83555555555556,30.666666666666664
1956,43.98222222222222,32.88888888888889
1957,157.35555555555555,33.77777777777778
1958,84.64,28.888888888888886
1959,43.906666666666666,39.111111111111114
1960,126.55111111111111,28.000000000000004
1961,42.44,30.666666666666664
1962,45.43555555555555,32.44444444444444
1963,75.96888888888888,34.22222222222222
1964,89.79555555555555,34.66666666666667
1965,44.08444444444444,28.444444444444443
1966,86.73333333333333,32.44444444444444
1967,115.46666666666667,34.22222222222222
1968,82.37777777777778,31.555555555555554
1969,54.044444444444444,27.555555555555557
1970,156.20888888888888,32.44444444444444
1971,49.58222222222222,31.555555555555554
1972,117.85333333333334,35.11111111111111
1973,88.1288888888889,32.88888888888889
1974,106.46222222222222,33.77777777777778
1975,46.782222222222224,35.55555555555556
1976,81.97333333333333,31.555555555555554
1977,39.39555555555555,33.77777777777778
1978,119.68444444444444,32
1979,46.95111111111111,30.666666666666664
1980,47.40888888888889,27.111111111111114
1981,128.92,34.66666666666667
1982,51.77333333333333,31.555555555555554
1983,119.88888888888889,32.44444444444444
1984,86.96888888888888,28.444444444444443
1985,44.34222222222222,33.33333333333333
1986,75.89777777777778,31.555555555555554
1987,55.40888888888889,36.888888888888886
1988,42.92444444444445,29.777777777777775
1989,70.93777777777778,28.000000000000004
1990,47.32,30.22222222222222
1991,55.58222222222222,32.88888888888889
1992,82.53333333333333,29.333333333333332
1993,111.10666666666667,34.22222222222222
1994,123.70666666666666,30.22222222222222
1995,121.72444444444444,36.44444444444444
1996,81.41777777777777,42.22222222222222
1997,91.13333333333334,31.11111111111111
1998,82.09777777777778,30.666666666666664
1999,108.01777777777778,29.777777777777775
2000,90.58666666666667,29.333333333333332
2001,46.85333333333333,34.66666666666667
2002,115.40444444444445,35.11111111111111
2003,112.24888888888889,35.55555555555556
2004,87.07111111111111,32.44444444444444
2005,89.38222222222223,31.11111111111111
2006,90.97333333333333,33.77777777777778
2007,149.44,31.555555555555554
2008,46.568888888888885,32.88888888888889
2009,118.17777777777778,26.222222222222225
2010,39.78666666666667,32
2011,51.49333333333333,39.111111111111114
2012,44.297777777777775,30.666666666666664
2013,41.52444444444444,36.888888888888886
2014,111.06666666666666,29.777777777777775
2015,91.90222222222222,33.33333333333333
2016,49.83555555555556,37.77777777777778
2017,97.05333333333333,31.11111111111111
2018,90.75111111111111,36.44444444444444
2019,77.16444444444444,31.11111111111111
2020,116.23555555555555,36.44444444444444
2021,84.89777777777778,33.77777777777778
2022,37.70666666666666,28.888888888888886
2023,119.40444444444445,35.11111111111111
2024,51.83555555555556,31.555555555555554
2025,54.99111111111111,32.44444444444444
2026,79.71555555555555,33.77777777777778
2027,117.87555555555555,30.22222222222222
2028,114.81333333333333,31.555555555555554
2029,46.35111111111111,31.11111111111111
2030,110.76,32.88888888888889
2031,163.07111111111112,31.555555555555554
2032,80.21777777777778,28.444444444444443
2033,75.94666666666667,30.666666666666664
2034,81.30666666666667,32
2035,50.99111111111111,35.55555555555556
2036,46.89333333333333,30.666666666666664
2037,91.76444444444445,31.555555555555554
2038,48.51111111111111,33.33333333333333
2039,125.71555555555555,29.333333333333332
2040,75.80888888888889,31.555555555555554
2041,159.95555555555555,29.777777777777775
2042,58.04888888888889,34.66666666666667
2043,46.45777777777778,34.66666666666667
2044,76.54666666666667,31.555555555555554
2045,85.79555555555555,29.333333333333332
2046,76.92888888888889,29.777777777777775
2047,77.77777777777777,29.777777777777775
2048,114.66666666666667,32.44444444444444
2049,75.57333333333334,32.44444444444444
2050,89.44,31.11111111111111
2051,46.22666666666667,28.888888888888886
2052,126.4,31.555555555555554
2053,46.306666666666665,30.666666666666664
2054,77.30666666666667,33.33333333333333
2055,81.05777777777777,33.33333333333333
2056,83.47555555555556,31.555555555555554
2057,48.08444444444444,26.666666666666668
2058,120.47555555555556,30.666666666666664
2059,40.68888888888889,34.22222222222222
2060,127.46666666666667,28.000000000000004
2061,152.49777777777777,32
2062,72.75555555555556,29.777777777777775
2063,82.08444444444444,32
2064,110.54222222222222,32.44444444444444
2065,81.88444444444444,27.111111111111114
2066,45.22666666666667,32
2067,43.82222222222222,32
2068,152.92444444444445,37.333333333333336
2069,85.47111111111111,30.666666666666664
2070,40.666666666666664,30.666666666666664
2071,61.24888888888889,29.333333333333332
2072,69.90222222222222,26.222222222222225
2073,53.44,31.555555555555554
2074,86.30666666666667,30.22222222222222
2075,48.15111111111111,30.22222222222222
2076,117.66222222222223,31.555555555555554
2077,40.257777777777775,33.77777777777778
2078,51.306666666666665,34.66666666666667
2079,84.80444444444444,25.77777777777778
2080,222.32,35.11111111111111
2081,85.06222222222222,33.33333333333333
2082,83.68444444444444,34.22222222222222
2083,52.37777777777778,30.666666666666664
2084,42.275555555555556,32.44444444444444
2085,39.59111111111111,32.88888888888889
2086,54.986666666666665,34.22222222222222
2087,36.284444444444446,29.333333333333332
2088,78.4088888888889,29.777777777777775
2089,76.32,32
2090,46.74666666666667,27.111111111111114
2091,50.77333333333333,35.55555555555556
2092,54.74666666666667,33.33333333333333
2093,114.33333333333333,32
2094,142.90666666666667,34.22222222222222
2095,37.84444444444444,29.333333333333332
2096,52.346666666666664,32
2097,113.33333333333333,33.33333333333333
2098,46.4,38.666666666666664
2099,45.20444444444445,38.22222222222222
2100,42.791111111111114,29.777777777777775
2101,76.35111111111111,34.66666666666667
2102,82.24888888888889,31.11111111111111
2103,89.69777777777777,27.111111111111114
2104,46.61333333333334,32.44444444444444
2105,110.52,28.888888888888886
2106,143.02666666666667,28.000000000000004
2107,52.937777777777775,29.333333333333332
2108,84.41333333333333,28.888888888888886
2109,44.33777777777778,31.555555555555554
2110,39.72888888888889,32.44444444444444
2111,83.04,30.666666666666664
2112,128.29333333333332,32
2113,47.20444444444445,34.22222222222222
2114,79.65333333333334,28.888888888888886
2115,87.42666666666666,32
2116,46.81333333333333,29.333333333333332
2117,79.34666666666666,28.444444444444443
2118,73.66222222222223,34.22222222222222
2119,121.03555555555556,33.77777777777778
2120,83.38222222222223,33.33333333333333
2121,43.17777777777778,35.55555555555556
2122,74.71555555555555,31.11111111111111
2123,53.413333333333334,32.44444444444444
2124,188.16,35.11111111111111
2125,46.91555555555556,36.44444444444444
2126,45.96,34.66666666666667
2127,90.85333333333334,32
2128,87.70666666666666,31.11111111111111
2129,115.17777777777778,30.22222222222222
2130,50.973333333333336,24.88888888888889
2131,77.16444444444444,28.444444444444443
2132,85.00444444444445,30.22222222222222
2133,86.14222222222222,28.444444444444443
2134,126.69333333333333,32.88888888888889
2135,155.58666666666667,30.22222222222222
2136,71.42666666666666,29.777777777777775
2137,44.51555555555556,33.33333333333333
2138,49.87555555555556,32.88888888888889
2139,111.21777777777778,22.666666666666664
2140,51.53333333333333,26.666666666666668
2141,87.23555555555555,28.000000000000004
2142,43.54222222222222,28.000000000000004
2143,118.75555555555556,37.333333333333336
2144,118.08,31.555555555555554
2145,47.284444444444446,28.444444444444443
2146,44.937777777777775,33.33333333333333
2147,152.23111111111112,36.888888888888886
2148,116.85777777777778,36
2149,44.888888888888886,29.777777777777775
2150,83.1288888888889,35.11111111111111
2151,47.07111111111111,30.666666666666664
2152,54.257777777777775,29.333333333333332
2153,35.937777777777775,30.666666666666664
2154,81.85333333333334,32
2155,112.25333333333333,32.44444444444444
2156,78.62666666666667,26.666666666666668
2157,119.33777777777777,25.333333333333336
2158,79.28444444444445,33.77777777777778
2159,46.77333333333333,29.777777777777775
2160,119.87555555555555,28.888888888888886
2161,46.92,32.44444444444444
2162,118.82666666666667,31.555555555555554
2163,77.25777777777778,36
2164,113.70222222222222,30.22222222222222
2165,50.4,35.55555555555556
2166,107.60444444444444,35.11111111111111
2167,88.21333333333334,38.22222222222222
2168,44.937777777777775,36
2169,44.035555555555554,28.888888888888886
2170,69.92444444444445,31.11111111111111
2171,127.1288888888889,33.77777777777778
2172,49.46222222222222,30.666666666666664
2173,70.39555555555556,32.88888888888889
2174,76.82222222222222,35.55555555555556
2175,82.39111111111112,34.22222222222222
2176,75.79555555555555,35.55555555555556
2177,49.41777777777778,30.666666666666664
2178,82.14222222222222,29.333333333333332
2179,50.346666666666664,28.888888888888886
2180,115.81333333333333,37.333333333333336
2181,50.06666666666667,28.444444444444443
2182,50.81777777777778,38.22222222222222
2183,113.8488888888889,33.33333333333333
2184,48.346666666666664,34.22222222222222
2185,39.08888888888889,37.77777777777778
2186,71.95111111111112,30.22222222222222
2187,120.38222222222223,30.666666666666664
2188,115.47555555555556,28.444444444444443
2189,47.60444444444445,34.22222222222222
2190,82.33777777777777,33.77777777777778
2191,50.15555555555556,34.22222222222222
2192,75.21777777777778,32
2193,83.90222222222222,32.44444444444444
2194,76.46666666666667,35.55555555555556
2195,50.528888888888886,33.77777777777778
2196,117.57777777777778,32.44444444444444
2197,44.52444444444444,34.66666666666667
2198,119.44,31.555555555555554
2199,85.37777777777778,29.777777777777775
2200,121.62222222222222,28.888888888888886
2201,87.28444444444445,32.44444444444444
2202,98.44888888888889,33.33333333333333
2203,116.35111111111111,34.66666666666667
2204,46.44444444444444,29.333333333333332
2205,44.733333333333334,30.22222222222222
2206,151.24,31.555555555555554
2207,42.013333333333335,33.77777777777778
2208,79.83111111111111,25.77777777777778
2209,119.56888888888889,31.555555555555554
2210,76.2088888888889,29.333333333333332
2211,44.10666666666667,32.44444444444444
2212,46.986666666666665,32.88888888888889
2213,44.51111111111111,28.888888888888886
2214,121.42666666666666,28.444444444444443
2215,119.36888888888889,23.555555555555554
2216,46.4,28.000000000000004
2217,50.568888888888885,36.44444444444444
2218,114.36444444444444,29.333333333333332
2219,54.528888888888886,29.333333333333332
2220,50.64,34.22222222222222
2221,84.46222222222222,31.555555555555554
2222,92.38222222222223,30.666666666666664
2223,90.96888888888888,35.11111111111111
2224,49.72888888888889,30.666666666666664
2225,108.34666666666666,35.55555555555556
2226,86.15555555555555,35.11111111111111
2227,46.47555555555556,36.44444444444444
2228,46.431111111111115,33.33333333333333
2229,46.422222222222224,33.33333333333333
2230,92.83111111111111,31.555555555555554
2231,76.07111111111111,31.11111111111111
2232,86.78666666666666,37.77777777777778
2233,151.13777777777779,31.555555555555554
2234,151.67111111111112,34.22222222222222
2235,53.48888888888889,33.77777777777778
2236,116.2088888888889,38.22222222222222
2237,57.96,27.555555555555557
2238,107.74222222222222,29.777777777777775
2239,87.47555555555556,33.33333333333333
2240,55.364444444444445,29.777777777777775
2241,45.315555555555555,33.33333333333333
2242,45.07555555555555,25.77777777777778
2243,55.23111111111111,31.555555555555554
2244,42.742222222222225,37.77777777777778
2245,124.85333333333334,31.555555555555554
2246,71.92444444444445,38.666666666666664
2247,40.70666666666666,31.11111111111111
2248,87.22222222222223,28.000000000000004
2249,83.08,32.88888888888889
2250,117.90666666666667,31.555555555555554
2251,108.21333333333334,31.555555555555554
2252,154.52444444444444,33.33333333333333
2253,49.35111111111111,32.88888888888889
2254,88.16,34.66666666666667
2255,115.68,24
2256,116.24,29.777777777777775
2257,46.373333333333335,34.22222222222222
2258,47.617777777777775,39.55555555555556
2259,46.257777777777775,37.333333333333336
2260,47,33.33333333333333
2261,110.85333333333334,27.111111111111114
2262,118.2088888888889,30.666666666666664
2263,85.46222222222222,33.77777777777778
2264,38.17777777777778,35.55555555555556
2265,45.70666666666666,31.555555555555554
2266,84.15555555555555,36
2267,111.5111111111111,30.666666666666664
2268,38.093333333333334,31.555555555555554
2269,84.67555555555556,28.888888888888886
2270,85.12444444444445,37.333333333333336
2271,77.98666666666666,26.666666666666668
2272,82.56444444444445,30.666666666666664
2273,77.74222222222222,32.44444444444444
2274,120.34222222222222,28.444444444444443
2275,121.42222222222222,35.55555555555556
2276,45.70666666666666,31.555555555555554
2277,84.54666666666667,32.88888888888889
2278,187.84,37.333333333333336
2279,85.31111111111112,29.333333333333332
2280,78.19555555555556,29.777777777777775
2281,82.51555555555555,34.66666666666667
2282,112.26666666666667,33.33333333333333
2283,110.20444444444445,31.11111111111111
2284,91.64,32
2285,109.96444444444444,34.66666666666667
2286,84.56,30.22222222222222
2287,85.99111111111111,32.88888888888889
2288,81.41333333333333,32.44444444444444
2289,126.02666666666667,28.888888888888886
2290,87.63111111111111,28.000000000000004
2291,47.69777777777778,35.11111111111111
2292,43.022222222222226,37.333333333333336
2293,119.82666666666667,29.333333333333332
2294,43.63111111111111,32
2295,80.1511111111111,30.22222222222222
2296,119.91111111111111,30.22222222222222
2297,45.906666666666666,32.44444444444444
2298,83.50666666666666,34.66666666666667
2299,74.71111111111111,32
2300,116.90666666666667,35.11111111111111
2301,50.20444444444445,30.22222222222222
2302,48.39111111111111,26.666666666666668
2303,109.89777777777778,30.22222222222222
2304,82.16444444444444,32.88888888888889
2305,84.02666666666667,35.11111111111111
2306,82.86222222222223,33.33333333333333
2307,78.58222222222223,34.22222222222222
2308,45.586666666666666,31.11111111111111
2309,52.44888888888889,32.88888888888889
2310,94.62222222222222,32.44444444444444
2311,76.7688888888889,32.88888888888889
2312,112.35111111111111,31.11111111111111
2313,80.45777777777778,28.444444444444443
2314,87.71555555555555,35.11111111111111
2315,89,33.33333333333333
2316,121.70666666666666,31.11111111111111
2317,79.03111111111112,31.555555555555554
2318,37.48444444444444,28.888888888888886
2319,81.36444444444444,34.22222222222222
2320,89.08,30.22222222222222
2321,52.06666666666667,35.55555555555556
2322,81.95111111111112,33.77777777777778
2323,50.84,35.11111111111111
2324,190.51555555555555,32.44444444444444
2325,114.68444444444444,36
2326,47.36,38.22222222222222
2327,88.51555555555555,29.333333333333332
2328,43.30222222222222,29.777777777777775
2329,84.95111111111112,32.44444444444444
2330,90.04,32
2331,161.12,32.88888888888889
2332,40.19111111111111,30.666666666666664
2333,122.75555555555556,33.33333333333333
2334,42.577777777777776,32
2335,111.19555555555556,31.11111111111111
2336,116.13777777777777,31.555555555555554
2337,45.284444444444446,34.22222222222222
2338,47.33777777777778,31.11111111111111
2339,50.324444444444445,32
2340,184.09777777777776,33.77777777777778
2341,83.84,29.777777777777775
2342,51.12,28.888888888888886
2343,50.84888888888889,32.44444444444444
2344,44.69777777777778,35.11111111111111
2345,117.35555555555555,30.666666666666664
2346,47.36,32.88888888888889
2347,39.471111111111114,31.11111111111111
2348,110.6,33.77777777777778
2349,47.93333333333333,30.22222222222222
2350,73.76,32.44444444444444
2351,73.52,36
2352,55.73777777777778,35.55555555555556
2353,44.111111111111114,35.11111111111111
2354,79.13333333333334,28.888888888888886
2355,54.16888888888889,28.888888888888886
2356,111.04888888888888,35.11111111111111
2357,109.4888888888889,32.88888888888889
2358,49.946666666666665,35.55555555555556
2359,53.422222222222224,28.444444444444443
2360,150.1511111111111,31.11111111111111
2361,87.45333333333333,34.22222222222222
2362,50.04888888888889,30.22222222222222
2363,187.5822222222222,33.33333333333333
2364,40.82222222222222,35.55555555555556
2365,49.16,34.22222222222222
2366,114.49777777777778,30.22222222222222
2367,50.026666666666664,29.777777777777775
2368,77.28888888888889,36.888888888888886
2369,78.24444444444444,33.33333333333333
2370,35.82222222222222,34.66666666666667
2371,41.306666666666665,28.444444444444443
2372,80.93333333333334,25.333333333333336
2373,149.1288888888889,34.66666666666667
2374,87.95555555555555,31.11111111111111
2375,90.96444444444444,34.22222222222222
2376,255.16444444444446,34.66666666666667
2377,86.99111111111111,29.333333333333332
2378,106.86666666666666,31.555555555555554
2379,186.58666666666667,31.555555555555554
2380,81.55555555555556,36
2381,146.5288888888889,32.88888888888889
2382,53.626666666666665,28.444444444444443
2383,77.89777777777778,28.888888888888886
2384,78.39111111111112,30.22222222222222
2385,92.14222222222222,37.333333333333336
2386,114.12444444444445,32
2387,47.56444444444445,32
2388,76.47111111111111,29.777777777777775
2389,90.77333333333333,33.33333333333333
2390,124.56444444444445,29.777777777777775
2391,121.12,29.333333333333332
2392,77.70666666666666,31.555555555555554
2393,181.20444444444445,34.66666666666667
2394,39.31111111111111,28.000000000000004
2395,87.50222222222222,35.11111111111111
2396,45.82222222222222,31.555555555555554
2397,59.60444444444445,33.77777777777778
2398,46.96,33.33333333333333
2399,86.83111111111111,37.333333333333336
2400,109.8488888888889,32
2401,81.88444444444444,32
2402,78.60888888888888,28.000000000000004
2403,77.54666666666667,26.666666666666668
2404,85.8711111111111,37.77777777777778
2405,112.84444444444445,28.888888888888886
2406,59.49333333333333,33.77777777777778
2407,115.7688888888889,35.11111111111111
2408,40.644444444444446,35.11111111111111
2409,114.52888888888889,35.11111111111111
2410,48.626666666666665,31.555555555555554
2411,153.60888888888888,33.33333333333333
2412,47.266666666666666,31.555555555555554
2413,88.60444444444444,32
2414,93.62222222222222,29.333333333333332
2415,53.44888888888889,36
2416,84.49333333333334,23.555555555555554
2417,130.01333333333332,30.22222222222222
2418,113.19555555555556,33.33333333333333
2419,122.72,36.888888888888886
2420,83.02222222222223,25.77777777777778
2421,123.66222222222223,28.000000000000004
2422,82.03555555555556,25.77777777777778
2423,81.45333333333333,32.44444444444444
2424,39.21333333333333,38.22222222222222
2425,123.72444444444444,36.44444444444444
2426,51.32,35.11111111111111
2427,113.64,36.44444444444444
2428,86.51555555555555,32.44444444444444
2429,44.31111111111111,33.33333333333333
2430,116.05777777777777,36
2431,151.96444444444444,32
2432,71.28444444444445,29.333333333333332
2433,73.88888888888889,28.000000000000004
2434,118.7911111111111,33.33333333333333
2435,79.69777777777777,27.111111111111114
2436,47.275555555555556,34.22222222222222
2437,83.97777777777777,29.777777777777775
2438,119.19555555555556,29.333333333333332
2439,120.59555555555555,36.44444444444444
2440,78.99555555555555,31.555555555555554
2441,46.01777777777778,29.777777777777775
2442,149.2577777777778,35.11111111111111
2443,60.10666666666667,34.22222222222222
2444,77.49333333333334,34.66666666666667
2445,122.6,31.11111111111111
2446,82.6,30.666666666666664
2447,78.19555555555556,35.55555555555556
2448,78.16,29.777777777777775
2449,83.87555555555555,37.333333333333336
2450,75.99111111111111,28.444444444444443
2451,50.84888888888889,33.33333333333333
2452,85.09333333333333,30.22222222222222
2453,94.94222222222223,29.333333333333332
2454,143.12,31.11111111111111
2455,42.76444444444444,35.11111111111111
2456,117.99111111111111,30.666666666666664
2457,50.026666666666664,31.11111111111111
2458,79.96,28.888888888888886
2459,57.24444444444445,25.333333333333336
2460,80.24,29.333333333333332
2461,125.46222222222222,33.33333333333333
2462,83.04,29.333333333333332
2463,85.48444444444445,31.555555555555554
2464,46.84444444444444,31.11111111111111
2465,77.4,31.555555555555554
2466,41.208888888888886,33.77777777777778
2467,142.6,30.22222222222222
2468,47.92888888888889,28.444444444444443
2469,90.33333333333333,28.444444444444443
2470,84.00888888888889,28.000000000000004
2471,90.18666666666667,27.555555555555557
2472,122.14666666666666,32.88888888888889
2473,48.78666666666667,29.333333333333332
2474,72.67555555555556,36.44444444444444
2475,147.00444444444443,30.22222222222222
2476,85.80444444444444,35.55555555555556
2477,93.44444444444444,25.77777777777778
2478,84.91111111111111,32.44444444444444
2479,77.84444444444445,37.77777777777778
2480,150.10222222222222,28.888888888888886
2481,147.5377777777778,31.11111111111111
2482,40.044444444444444,29.777777777777775
2483,52.208888888888886,33.77777777777778
2484,79.14222222222222,29.777777777777775
2485,107.71555555555555,30.666666666666664
2486,121.85777777777778,29.777777777777775
2487,86.79555555555555,29.777777777777775
2488,86.52888888888889,28.888888888888886
2489,88.1511111111111,32
2490,118.27555555555556,32.44444444444444
2491,83.65777777777778,39.55555555555556
2492,67.26666666666667,31.11111111111111
2493,146.1911111111111,34.22222222222222
2494,75.76444444444445,29.333333333333332
2495,40.83555555555556,27.555555555555557
2496,79.36888888888889,28.444444444444443
2497,49.28888888888889,33.77777777777778
2498,43.19555555555556,38.22222222222222
2499,49.92888888888889,29.333333333333332
2500,74.29333333333334,36.888888888888886
2501,149.2888888888889,35.55555555555556
2502,83.84444444444445,32.44444444444444
2503,58.782222222222224,33.33333333333333
2504,159.64888888888888,25.333333333333336
2505,186.17333333333335,27.555555555555557
2506,48.91555555555556,30.666666666666664
2507,99.70666666666666,33.77777777777778
2508,84.03111111111112,28.000000000000004
2509,81.47111111111111,29.777777777777775
2510,75.81333333333333,30.22222222222222
2511,74.77777777777777,28.888888888888886
2512,45.75555555555555,33.77777777777778
2513,82.68888888888888,28.444444444444443
2514,87.24888888888889,30.22222222222222
2515,40.995555555555555,32.44444444444444
2516,49.83111111111111,36
2517,48.62222222222222,28.000000000000004
2518,57.782222222222224,29.777777777777775
2519,104.35555555555555,28.000000000000004
2520,147.19555555555556,33.33333333333333
2521,55.44444444444444,30.666666666666664
2522,78.24888888888889,37.77777777777778
2523,115.33333333333333,27.555555555555557
2524,46.58222222222222,33.77777777777778
2525,113.32444444444444,32
2526,43.23111111111111,33.33333333333333
2527,123.54666666666667,28.888888888888886
2528,44.32,29.777777777777775
2529,141.22222222222223,27.555555555555557
2530,85.89777777777778,28.888888888888886
2531,87.22666666666667,32.44444444444444
2532,121.36444444444444,31.11111111111111
2533,53.62222222222222,32
2534,52.92,34.22222222222222
2535,87.26222222222222,32.88888888888889
2536,117.07555555555555,28.888888888888886
2537,83.52888888888889,35.11111111111111
2538,42.16,30.666666666666664
2539,86.26222222222222,32
2540,116.86222222222223,32
2541,89.32,33.77777777777778
2542,41.77777777777778,32.88888888888889
2543,50.693333333333335,32.88888888888889
2544,47.102222222222224,33.77777777777778
2545,52.044444444444444,33.77777777777778
2546,53.06666666666667,30.22222222222222
2547,83.27111111111111,27.555555555555557
2548,177.6888888888889,30.666666666666664
2549,80.5111111111111,31.555555555555554
2550,122.47555555555556,31.11111111111111
2551,43.715555555555554,34.66666666666667
2552,77.00444444444445,33.33333333333333
2553,41.18666666666667,36.44444444444444
2554,37.782222222222224,34.22222222222222
2555,107.88,34.66666666666667
2556,41.07555555555555,32.44444444444444
2557,114.85333333333334,37.333333333333336
2558,120.14222222222222,27.555555555555557
2559,48.94222222222222,30.666666666666664
2560,84.88444444444444,32
2561,47.035555555555554,32
2562,76.74222222222222,33.33333333333333
2563,77.27555555555556,33.77777777777778
2564,48.90222222222222,39.55555555555556
2565,46.382222222222225,33.33333333333333
2566,51.413333333333334,31.555555555555554
2567,80.92888888888889,30.22222222222222
2568,86.46666666666667,32
2569,92.30222222222223,31.11111111111111
2570,90.83555555555556,35.11111111111111
2571,94.72888888888889,32.44444444444444
2572,85.92,28.444444444444443
2573,78.76,25.77777777777778
2574,80.58666666666667,37.77777777777778
2575,81.34222222222222,37.333333333333336
2576,88.71111111111111,31.11111111111111
2577,44.76,32
2578,42.87111111111111,32
2579,81.26666666666667,23.11111111111111
2580,49.44,32.44444444444444
2581,227.96444444444444,33.33333333333333
2582,79.43555555555555,35.11111111111111
2583,125.7911111111111,25.77777777777778
2584,84.97333333333333,36.888888888888886
2585,72.61333333333333,34.66666666666667
2586,51.666666666666664,36
2587,122.94222222222223,35.55555555555556
2588,80.04444444444445,29.333333333333332
2589,88.99111111111111,32.88888888888889
2590,79.18222222222222,31.555555555555554
2591,118.16444444444444,30.22222222222222
2592,40.977777777777774,28.000000000000004
2593,82.41333333333333,34.22222222222222
2594,118.02666666666667,33.77777777777778
2595,88.7911111111111,35.11111111111111
2596,107.96444444444444,34.66666666666667
2597,83.61333333333333,31.555555555555554
2598,51.70666666666666,26.222222222222225
2599,109.34222222222222,36.44444444444444
2600,83.47555555555556,31.555555555555554
2601,115.80444444444444,36.888888888888886
2602,42.56,31.11111111111111
2603,83.64888888888889,32.88888888888889
2604,183.1288888888889,32
2605,82.09777777777778,32.44444444444444
2606,48.83555555555556,34.22222222222222
2607,56.18222222222222,28.000000000000004
2608,150.75555555555556,35.55555555555556
2609,75.32,26.666666666666668
2610,83.11111111111111,32
2611,112.33777777777777,36.888888888888886
2612,79.45777777777778,32.88888888888889
2613,55.82666666666667,35.11111111111111
2614,41.80888888888889,28.444444444444443
2615,149.4177777777778,29.333333333333332
2616,113.31111111111112,29.777777777777775
2617,89.00888888888889,32
2618,78.71555555555555,34.66666666666667
2619,115.64,30.666666666666664
2620,81.18666666666667,28.000000000000004
2621,82.41777777777777,32.44444444444444
2622,78.76444444444445,34.66666666666667
2623,81.04444444444445,28.000000000000004
2624,39.72,31.555555555555554
2625,47.74666666666667,32
2626,40.83111111111111,32.44444444444444
2627,45.715555555555554,29.333333333333332
2628,45.14222222222222,30.666666666666664
2629,110.19111111111111,35.55555555555556
2630,86.74222222222222,29.777777777777775
2631,80.31555555555556,33.77777777777778
2632,73.66222222222223,31.555555555555554
2633,84.41333333333333,36
2634,85.50666666666666,28.000000000000004
2635,51.888888888888886,27.111111111111114
2636,53.14666666666667,29.333333333333332
2637,45.36,31.11111111111111
2638,78.68444444444444,27.111111111111114
2639,49,36
2640,85.19555555555556,26.222222222222225
2641,41.13777777777778,28.888888888888886
2642,93.65777777777778,28.444444444444443
2643,48.8,30.666666666666664
2644,82.61333333333333,28.000000000000004
2645,78.01333333333334,32
2646,109.65333333333334,33.33333333333333
2647,114.73333333333333,28.444444444444443
2648,187.88444444444445,28.888888888888886
2649,61.76444444444444,36.44444444444444
2650,48.71111111111111,34.66666666666667
2651,109.86666666666666,32.88888888888889
2652,49.43555555555555,30.666666666666664
2653,51.68888888888889,32
2654,79.94222222222223,30.22222222222222
2655,148.13333333333333,29.333333333333332
2656,119.8488888888889,39.111111111111114
2657,78.50666666666666,31.11111111111111
2658,44.782222222222224,33.77777777777778
2659,185.75555555555556,31.555555555555554
2660,48.32,37.77777777777778
2661,39.782222222222224,31.555555555555554
2662,147.52,31.555555555555554
2663,41.471111111111114,32.88888888888889
2664,85.71555555555555,38.666666666666664
2665,40.49777777777778,31.555555555555554
2666,49.53777777777778,33.33333333333333
2667,117.74666666666667,26.666666666666668
2668,118.00888888888889,32.44444444444444
2669,83.39111111111112,32.44444444444444
2670,38.53777777777778,35.11111111111111
2671,39.653333333333336,30.666666666666664
2672,76.23555555555555,36.44444444444444
2673,87.48444444444445,32.88888888888889
2674,123.4888888888889,30.22222222222222
2675,43.96,32.44444444444444
2676,117.64,29.333333333333332
2677,91.28444444444445,32
2678,54.675555555555555,28.888888888888886
2679,78.86666666666666,29.777777777777775
2680,112.13333333333334,32
2681,77.38666666666667,33.77777777777778
2682,77.11111111111111,31.555555555555554
2683,146.01777777777778,25.77777777777778
2684,84.32,35.11111111111111
2685,48.364444444444445,30.666666666666664
2686,118.39555555555556,31.555555555555554
2687,80.52444444444444,32
2688,148.32444444444445,36.888888888888886
2689,53.34222222222222,31.11111111111111
2690,88.22666666666667,32.88888888888889
2691,59.2,28.888888888888886
2692,77.86666666666666,30.666666666666664
2693,76.2311111111111,32
2694,117.38222222222223,29.777777777777775
2695,78.86666666666666,29.777777777777775
2696,119.50666666666666,30.22222222222222
2697,53.86666666666667,30.666666666666664
2698,59.63111111111111,32.44444444444444
2699,108.93333333333334,37.77777777777778
2700,193.1822222222222,32
2701,114.03555555555556,35.55555555555556
2702,83.8488888888889,30.666666666666664
2703,84.37777777777778,30.666666666666664
2704,42.791111111111114,32
2705,107.82222222222222,26.222222222222225
2706,39.96888888888889,28.888888888888886
2707,48.82666666666667,33.33333333333333
2708,49.675555555555555,32.88888888888889
2709,79.32888888888888,26.666666666666668
2710,108.63555555555556,35.11111111111111
2711,38.906666666666666,25.77777777777778
2712,80.72,30.666666666666664
2713,47.36,30.666666666666664
2714,37.76888888888889,28.888888888888886
2715,81.2,37.333333333333336
2716,85.98666666666666,33.33333333333333
2717,43.20444444444445,38.22222222222222
2718,46.82222222222222,38.22222222222222
2719,49.897777777777776,32.88888888888889
2720,46.39555555555555,29.333333333333332
2721,45.88444444444445,30.22222222222222
2722,49.05777777777778,29.333333333333332
2723,39.52,33.33333333333333
2724,41.26222222222222,29.333333333333332
2725,113.25777777777778,31.555555555555554
2726,83.75111111111111,34.66666666666667
2727,121.2,29.333333333333332
2728,80.51555555555555,27.555555555555557
2729,43.897777777777776,33.33333333333333
2730,80.99111111111111,30.666666666666664
2731,124.24888888888889,35.55555555555556
2732,46.27111111111111,35.11111111111111
2733,87.32888888888888,26.666666666666668
2734,36.10666666666667,31.555555555555554
2735,118.28,33.77777777777778
2736,46.25333333333333,31.11111111111111
2737,89.72,32.88888888888889
2738,89.84444444444445,30.666666666666664
2739,55.71111111111111,32.88888888888889
2740,121.36444444444444,32.88888888888889
2741,95.45333333333333,35.11111111111111
2742,38.568888888888885,30.22222222222222
2743,39.111111111111114,29.333333333333332
2744,146.7422222222222,32.88888888888889
2745,47.12444444444444,29.333333333333332
2746,149.70222222222222,31.11111111111111
2747,85.32444444444444,35.11111111111111
2748,77.78666666666666,32.44444444444444
2749,116.82666666666667,33.77777777777778
2750,119.07111111111111,36
2751,52.528888888888886,35.55555555555556
2752,109.57777777777778,39.111111111111114
2753,78.93333333333334,27.111111111111114
2754,43.45777777777778,31.555555555555554
2755,179.49333333333334,35.55555555555556
2756,116.34222222222222,30.22222222222222
2757,116.83111111111111,32.88888888888889
2758,41.12888888888889,28.000000000000004
2759,53.85777777777778,33.77777777777778
2760,112.67111111111112,30.22222222222222
2761,117.51555555555555,36.888888888888886
2762,63.50222222222222,31.11111111111111
2763,116.55111111111111,32
2764,39.51555555555556,32
2765,53.49777777777778,39.111111111111114
2766,89.60888888888888,39.111111111111114
2767,127.29333333333334,30.666666666666664
2768,82.04888888888888,29.333333333333332
2769,120.16,35.11111111111111
2770,50.4,37.77777777777778
2771,81.04,27.555555555555557
2772,125.80444444444444,30.22222222222222
2773,49.888888888888886,27.555555555555557
2774,85.60444444444444,29.333333333333332
2775,117.94222222222223,27.111111111111114
2776,144.5511111111111,36
2777,118.90666666666667,24
2778,50.55555555555556,35.55555555555556
2779,78.83555555555556,37.333333333333336
2780,42.50222222222222,30.666666666666664
2781,117.96,37.333333333333336
2782,76.32,32
2783,52.897777777777776,34.22222222222222
2784,114.22666666666667,26.666666666666668
2785,117.46222222222222,29.777777777777775
2786,77.77777777777777,32.44444444444444
2787,110.99111111111111,30.666666666666664
2788,112,32.44444444444444
2789,78.08,35.55555555555556
2790,51.12888888888889,36.888888888888886
2791,117.79555555555555,36.888888888888886
2792,50.83555555555556,32.44444444444444
2793,153.52444444444444,29.777777777777775
2794,53.92888888888889,31.555555555555554
2795,122.32,30.666666666666664
2796,52.07111111111111,29.333333333333332
2797,95.95555555555555,33.77777777777778
2798,50.595555555555556,33.77777777777778
2799,82.36444444444444,33.77777777777778
2800,114.82222222222222,28.888888888888886
2801,86.28,28.000000000000004
2802,42.36,36
2803,57.98222222222222,29.333333333333332
2804,86.48444444444445,32
2805,48.56,32
2806,80.61777777777777,29.333333333333332
2807,113.60888888888888,34.22222222222222
2808,74.66222222222223,28.888888888888886
2809,90.35111111111111,32.44444444444444
2810,80.77777777777777,32.44444444444444
2811,48.01777777777778,32.44444444444444
2812,118.57777777777778,33.33333333333333
2813,81.7911111111111,27.111111111111114
2814,56.111111111111114,33.33333333333333
2815,82.83555555555556,31.555555555555554
2816,82.93333333333334,35.11111111111111
2817,115.52888888888889,38.22222222222222
2818,42.27111111111111,29.777777777777775
2819,52.60888888888889,28.888888888888886
2820,88.64,34.22222222222222
2821,121.05333333333333,29.777777777777775
2822,88.09777777777778,33.33333333333333
2823,48.70666666666666,32.44444444444444
2824,91,35.55555555555556
2825,44.471111111111114,32.44444444444444
2826,44.76,29.333333333333332
2827,110.77777777777777,26.666666666666668
2828,83.81777777777778,27.555555555555557
2829,51.77333333333333,31.555555555555554
2830,78.52888888888889,36.44444444444444
2831,83.02222222222223,32.88888888888889
2832,113.71111111111111,29.777777777777775
2833,85.7688888888889,26.666666666666668
2834,119.48444444444445,37.77777777777778
2835,48.48888888888889,35.55555555555556
2836,118.28,33.33333333333333
2837,78.2,33.33333333333333
2838,118.36,36.44444444444444
2839,57.19111111111111,36
2840,84.67111111111112,29.333333333333332
2841,46.04,29.777777777777775
2842,105.61333333333333,32
2843,104.07555555555555,26.222222222222225
2844,50.17777777777778,37.77777777777778
2845,38.324444444444445,35.55555555555556
2846,85.2088888888889,31.11111111111111
2847,58.568888888888885,34.22222222222222
2848,78.83555555555556,29.777777777777775
2849,52.61333333333334,34.22222222222222
2850,49.35111111111111,35.11111111111111
2851,84.03555555555556,33.77777777777778
2852,43.28,35.55555555555556
2853,42.32888888888889,25.333333333333336
2854,50.36,26.666666666666668
2855,52.52,33.77777777777778
2856,51.96,32
2857,116.44888888888889,32.88888888888889
2858,113.12,36.44444444444444
2859,150.2488888888889,30.666666666666664
2860,80.70666666666666,28.888888888888886
2861,146.77777777777777,34.66666666666667
2862,81.49777777777778,31.555555555555554
2863,122.46666666666667,29.777777777777775
2864,84.46666666666667,29.777777777777775
2865,88.79555555555555,32.88888888888889
2866,112.11555555555556,32.44444444444444
2867,91.56444444444445,29.777777777777775
2868,87.2088888888889,27.555555555555557
2869,86.42222222222222,32.44444444444444
2870,44.07555555555555,30.22222222222222
2871,111.7911111111111,30.22222222222222
2872,115.90222222222222,32.44444444444444
2873,119.94222222222223,33.33333333333333
2874,79.15555555555555,25.333333333333336
2875,117.82666666666667,28.444444444444443
2876,111.69333333333333,29.333333333333332
2877,151.98222222222222,26.666666666666668
2878,81.50666666666666,31.555555555555554
2879,76.00888888888889,34.66666666666667
2880,82.76,28.444444444444443
2881,46.733333333333334,32
2882,47.32,31.11111111111111
2883,143.0088888888889,29.777777777777775
2884,81.10666666666667,31.555555555555554
2885,91.56888888888889,31.11111111111111
2886,51.471111111111114,33.33333333333333
2887,76.00444444444445,29.777777777777775
2888,122.03111111111112,30.666666666666664
2889,56.52,32.44444444444444
2890,80.72,31.11111111111111
2891,40.742222222222225,31.11111111111111
2892,85.07111111111111,35.55555555555556
2893,86.07555555555555,36.888888888888886
2894,83.21777777777778,29.777777777777775
2895,77.58666666666667,24.444444444444443
2896,93.92444444444445,35.55555555555556
2897,80.72888888888889,36.888888888888886
2898,81.10222222222222,32.44444444444444
2899,121.37777777777778,31.555555555555554
2900,78.93777777777778,34.66666666666667
2901,154.92888888888888,24
2902,48.48888888888889,32.44444444444444
2903,54.16444444444444,36.44444444444444
2904,117.30666666666667,37.77777777777778
2905,52.346666666666664,35.11111111111111
2906,50.92444444444445,30.22222222222222
2907,84.83111111111111,32.88888888888889
2908,84.22222222222223,31.11111111111111
2909,43.275555555555556,34.66666666666667
2910,55.39555555555555,31.11111111111111
2911,88.30666666666667,32
2912,82.72888888888889,33.33333333333333
2913,44.45777777777778,29.777777777777775
2914,43.58222222222222,31.555555555555554
2915,118.55111111111111,31.11111111111111
2916,82.13777777777777,26.666666666666668
2917,84.88,26.222222222222225
2918,52.2,31.555555555555554
2919,76.29777777777778,32.88888888888889
2920,150.74666666666667,32.44444444444444
2921,155.52444444444444,25.77777777777778
2922,80.29333333333334,36
2923,127.96888888888888,31.555555555555554
2924,83.5911111111111,34.22222222222222
2925,78.78666666666666,24.444444444444443
2926,114.18222222222222,29.777777777777775
2927,52.16888888888889,34.22222222222222
2928,74.96888888888888,33.77777777777778
2929,77.28444444444445,35.11111111111111
2930,55.78666666666667,39.111111111111114
2931,44.47555555555556,33.77777777777778
2932,114.86666666666666,36.44444444444444
2933,51.48,29.777777777777775
2934,78.7688888888889,30.22222222222222
2935,84.04444444444445,31.11111111111111
2936,80.77777777777777,32
2937,89.45333333333333,33.77777777777778
2938,46.73777777777778,26.222222222222225
2939,92.57777777777778,28.888888888888886
2940,109.82222222222222,30.666666666666664
2941,72.37777777777778,31.11111111111111
2942,120.89777777777778,32
2943,78.04444444444445,30.22222222222222
2944,88.2311111111111,31.11111111111111
2945,74.56444444444445,29.777777777777775
2946,178.35111111111112,29.777777777777775
2947,45.675555555555555,24.88888888888889
2948,79.79555555555555,33.33333333333333
2949,116.24444444444444,30.22222222222222
2950,76.2,36.888888888888886
2951,36.60444444444445,33.33333333333333
2952,38.013333333333335,33.33333333333333
2953,72.93777777777778,33.77777777777778
2954,45.54222222222222,31.11111111111111
2955,42.08888888888889,31.11111111111111
2956,86.05777777777777,35.11111111111111
2957,52,30.22222222222222
2958,83.02222222222223,35.11111111111111
2959,44.733333333333334,30.666666666666664
2960,112.32,33.77777777777778
2961,78.82666666666667,34.22222222222222
2962,46.946666666666665,31.555555555555554
2963,77.68444444444444,25.333333333333336
2964,49.89333333333333,32.88888888888889
2965,59.18222222222222,32
2966,72.28,33.33333333333333
2967,79.50222222222222,28.000000000000004
2968,82.5911111111111,30.666666666666664
2969,45.404444444444444,32
2970,80.64888888888889,27.111111111111114
2971,48.17777777777778,30.22222222222222
2972,50.68,27.555555555555557
2973,82.98222222222222,28.444444444444443
2974,47.76,28.000000000000004
2975,114.09333333333333,29.333333333333332
2976,83.80888888888889,40
2977,119.66222222222223,29.777777777777775
2978,83.54666666666667,29.333333333333332
2979,82.37777777777778,28.000000000000004
2980,37.50666666666667,31.555555555555554
2981,41.44,36.888888888888886
2982,43.964444444444446,26.222222222222225
2983,41.52444444444444,38.22222222222222
2984,47.315555555555555,28.444444444444443
2985,52.96888888888889,32.88888888888889
2986,119.03555555555556,39.55555555555556
2987,43.44888888888889,28.888888888888886
2988,54.675555555555555,34.66666666666667
2989,74.84,34.66666666666667
2990,107.68888888888888,32
2991,78.32444444444444,39.55555555555556
2992,40.72,35.11111111111111
2993,153.39555555555555,32
2994,47.346666666666664,31.555555555555554
2995,89.98222222222222,36.888888888888886
2996,81.91111111111111,30.666666666666664
2997,50.013333333333335,32.44444444444444
2998,46.29333333333334,40.88888888888889
2999,76.61777777777777,36.44444444444444
3000,91.04888888888888,34.22222222222222
3001,117.21333333333334,28.444444444444443
3002,87.95111111111112,28.888888888888886
3003,78.77333333333333,31.11111111111111
3004,149.72,27.555555555555557
3005,56.897777777777776,35.11111111111111
3006,86.57333333333334,31.555555555555554
3007,53.85333333333333,30.666666666666664
3008,122.8711111111111,25.77777777777778
3009,45.035555555555554,28.444444444444443
3010,117.4,28.444444444444443
3011,196.35111111111112,32.44444444444444
3012,109.34666666666666,36
3013,82.65333333333334,35.55555555555556
3014,54.004444444444445,36
3015,108.57333333333334,28.888888888888886
3016,73.44444444444444,30.22222222222222
3017,96.52444444444444,33.77777777777778
3018,88.89333333333333,30.22222222222222
3019,86.12,34.66666666666667
3020,159.9111111111111,32.44444444444444
3021,90.23555555555555,33.33333333333333
3022,58.52,36
3023,45.57333333333333,29.333333333333332
3024,88.21333333333334,32.88888888888889
3025,51.684444444444445,27.111111111111114
3026,47.71111111111111,32.88888888888889
3027,78.32,30.22222222222222
3028,81.10666666666667,36
3029,162,36.888888888888886
3030,45.702222222222225,34.66666666666667
3031,84.06666666666666,28.000000000000004
3032,53.364444444444445,35.11111111111111
3033,87.90222222222222,32.44444444444444
3034,112.53333333333333,30.666666666666664
3035,79.85777777777778,36.44444444444444
3036,52.004444444444445,30.666666666666664
3037,114.73333333333333,32.44444444444444
3038,37,31.555555555555554
3039,52.21333333333333,29.777777777777775
3040,83.28444444444445,31.555555555555554
3041,38.382222222222225,36
3042,43.04,31.555555555555554
3043,42.24888888888889,30.22222222222222
3044,87.83555555555556,33.77777777777778
3045,88.01777777777778,33.33333333333333
3046,46.49333333333333,35.11111111111111
3047,53.111111111111114,36.44444444444444
3048,91.08888888888889,31.555555555555554
3049,49.84444444444444,29.777777777777775
3050,58.95111111111111,35.55555555555556
3051,76.95111111111112,35.11111111111111
3052,48.32,32.44444444444444
3053,45.093333333333334,32.44444444444444
3054,108.65777777777778,28.000000000000004
3055,78.33333333333333,29.333333333333332
3056,125.16,32.88888888888889
3057,75.4888888888889,31.555555555555554
3058,48.013333333333335,34.66666666666667
3059,57.297777777777775,27.111111111111114
3060,121.47111111111111,35.11111111111111
3061,147.00444444444443,35.11111111111111
3062,83.21333333333334,36
3063,84.13777777777777,31.11111111111111
3064,81.44444444444444,31.11111111111111
3065,42.675555555555555,37.77777777777778
3066,41.13777777777778,33.33333333333333
3067,81.84,33.77777777777778
3068,91.05333333333333,35.11111111111111
3069,56.27111111111111,34.22222222222222
3070,77.24,28.888888888888886
3071,50.2,30.666666666666664
3072,49.23555555555556,31.555555555555554
3073,43.49777777777778,31.11111111111111
3074,81.31555555555556,31.11111111111111
3075,119.34666666666666,28.888888888888886
3076,152.86222222222221,31.11111111111111
3077,79.72,28.000000000000004
3078,81,34.22222222222222
3079,48.12,28.444444444444443
3080,78.40444444444445,33.33333333333333
3081,44.70666666666666,34.66666666666667
3082,79.02666666666667,30.666666666666664
3083,117.31555555555556,30.22222222222222
3084,50.74666666666667,32.88888888888889
3085,46.28,27.111111111111114
3086,36.906666666666666,28.888888888888886
3087,77.84444444444445,32
3088,50.45333333333333,30.22222222222222
3089,110.45777777777778,32.44444444444444
3090,112.74666666666667,32
3091,87.28888888888889,36.888888888888886
3092,74.44,36.44444444444444
3093,117.52,29.333333333333332
3094,46.51555555555556,32.44444444444444
3095,88.02666666666667,36.888888888888886
3096,81.04444444444445,32
3097,85.03555555555556,35.11111111111111
3098,83.71555555555555,37.333333333333336
3099,85.60444444444444,25.77777777777778
3100,54.71111111111111,32.88888888888889
3101,79.64,32
3102,120.88,30.666666666666664
3103,163.34222222222223,29.333333333333332
3104,54.90222222222222,27.111111111111114
3105,51.04,31.11111111111111
3106,43.16888888888889,31.11111111111111
3107,85.76444444444445,32.44444444444444
3108,47.577777777777776,30.666666666666664
3109,82.22666666666667,32.44444444444444
3110,43.733333333333334,28.888888888888886
3111,84.28888888888889,25.333333333333336
3112,55.01777777777778,26.666666666666668
3113,85.11111111111111,32.88888888888889
3114,115.85777777777778,33.77777777777778
3115,69.29333333333334,35.55555555555556
3116,48.013333333333335,34.22222222222222
3117,122.64444444444445,32.88888888888889
3118,81.72,32.88888888888889
3119,115.00888888888889,31.11111111111111
3120,43.742222222222225,30.666666666666664
3121,83.08444444444444,36
3122,118.47555555555556,32.44444444444444
3123,56.702222222222225,30.666666666666664
3124,51.022222222222226,37.333333333333336
3125,50.8,32
3126,41.03111111111111,30.666666666666664
3127,115.88444444444444,28.888888888888886
3128,117.42222222222222,27.555555555555557
3129,77.94666666666667,29.777777777777775
3130,112.08444444444444,34.22222222222222
3131,88.19555555555556,28.888888888888886
3132,49.528888888888886,30.666666666666664
3133,120.80444444444444,29.333333333333332
3134,49.96888888888889,32.88888888888889
3135,94.55111111111111,30.666666666666664
3136,55.57333333333333,34.66666666666667
3137,87.56444444444445,33.77777777777778
3138,43.52,33.33333333333333
3139,118.09333333333333,28.888888888888886
3140,74.88888888888889,32
3141,90.01333333333334,30.666666666666664
3142,111.02666666666667,32
3143,43.93333333333333,26.666666666666668
3144,112.39111111111112,32.88888888888889
3145,121.39555555555556,29.777777777777775
3146,54.44888888888889,31.555555555555554
3147,47.16888888888889,35.55555555555556
3148,70.24888888888889,25.77777777777778
3149,129.44444444444446,29.333333333333332
3150,86.31111111111112,29.777777777777775
3151,115.56444444444445,32
3152,73.12444444444445,31.11111111111111
3153,119.8711111111111,33.33333333333333
3154,51.25333333333333,34.22222222222222
3155,55.48,32.88888888888889
3156,87.03111111111112,33.77777777777778
3157,82.01333333333334,37.333333333333336
3158,53.56444444444445,32
3159,82.64888888888889,32.88888888888889
3160,77.89777777777778,34.66666666666667
3161,44.83111111111111,28.444444444444443
3162,87.1511111111111,30.22222222222222
3163,85.59555555555555,32.88888888888889
3164,49.284444444444446,31.11111111111111
3165,85.36444444444444,34.66666666666667
3166,88.68888888888888,31.11111111111111
3167,46.906666666666666,33.33333333333333
3168,79.46222222222222,35.11111111111111
3169,84.01333333333334,36
3170,86.78666666666666,31.555555555555554
3171,78.71555555555555,36.44444444444444
3172,45.791111111111114,31.11111111111111
3173,48.82222222222222,31.555555555555554
3174,81.56444444444445,28.444444444444443
3175,53.297777777777775,30.22222222222222
3176,82.80888888888889,38.22222222222222
3177,74.71111111111111,35.55555555555556
3178,150.12444444444444,32.44444444444444
3179,80.65333333333334,34.22222222222222
3180,40.92444444444445,32.88888888888889
3181,84.10666666666667,26.222222222222225
3182,85.6,30.22222222222222
3183,87.41777777777777,28.888888888888886
3184,80.96444444444444,32.88888888888889
3185,56.404444444444444,35.55555555555556
3186,85.41333333333333,34.66666666666667
3187,152.30666666666667,24.88888888888889
3188,74.88,32.88888888888889
3189,54.48444444444444,30.22222222222222
3190,180.5911111111111,26.666666666666668
3191,48.48888888888889,31.555555555555554
3192,51.17777777777778,29.333333333333332
3193,84.00888888888889,31.555555555555554
3194,119.10666666666667,28.444444444444443
3195,46.62222222222222,34.22222222222222
3196,87.65333333333334,29.777777777777775
3197,72.78222222222222,29.777777777777775
3198,56.382222222222225,35.55555555555556
3199,150.07555555555555,26.222222222222225
3200,41.75555555555555,33.77777777777778
3201,42.22222222222222,29.333333333333332
3202,121.1288888888889,28.888888888888886
3203,48.01777777777778,29.333333333333332
3204,160.60444444444445,35.11111111111111
3205,114.02222222222223,34.66666666666667
3206,81.45777777777778,33.77777777777778
3207,122.72888888888889,32.44444444444444
3208,51.217777777777776,31.11111111111111
3209,45.89333333333333,33.77777777777778
3210,127.1288888888889,32.44444444444444
3211,126.02222222222223,30.22222222222222
3212,119.09333333333333,28.444444444444443
3213,86.53777777777778,29.333333333333332
3214,161.4622222222222,29.333333333333332
3215,50.937777777777775,28.888888888888886
3216,49.053333333333335,31.555555555555554
3217,55.14222222222222,26.666666666666668
3218,46.062222222222225,31.11111111111111
3219,110.91555555555556,31.11111111111111
3220,78.37333333333333,32
3221,84.35555555555555,32.44444444444444
3222,79.85333333333334,29.333333333333332
3223,81.64444444444445,32.88888888888889
3224,114.24,35.11111111111111
3225,47.12888888888889,28.444444444444443
3226,74.00444444444445,31.555555555555554
3227,112.48,34.22222222222222
3228,109.11111111111111,34.66666666666667
3229,157.54666666666665,32
3230,125.33333333333333,32
3231,47.6,27.555555555555557
3232,77.64,32
3233,93.16,26.666666666666668
3234,85.63111111111111,32.44444444444444
3235,116.92444444444445,29.777777777777775
3236,78.08888888888889,33.33333333333333
3237,53.84,30.22222222222222
3238,48.80444444444444,25.77777777777778
3239,117.09333333333333,29.333333333333332
3240,121.63555555555556,28.000000000000004
3241,89.81333333333333,32
3242,80.20444444444445,27.555555555555557
3243,70.59555555555555,29.777777777777775
3244,81.62222222222222,32
3245,183.05777777777777,27.555555555555557
3246,80.80888888888889,32
3247,49.791111111111114,29.333333333333332
3248,88.44888888888889,35.11111111111111
3249,49.111111111111114,36.44444444444444
3250,76.72888888888889,32
3251,45.422222222222224,29.777777777777775
3252,115.07111111111111,28.444444444444443
3253,49.73777777777778,36
3254,73.83111111111111,33.77777777777778
3255,116.15555555555555,33.77777777777778
3256,115.52,30.22222222222222
3257,51.315555555555555,28.888888888888886
3258,99.1288888888889,38.22222222222222
3259,149.7511111111111,31.11111111111111
3260,80.26666666666667,35.55555555555556
3261,81.18222222222222,35.11111111111111
3262,43.78666666666667,32.88888888888889
3263,74.08444444444444,33.77777777777778
3264,89.68888888888888,28.000000000000004
3265,154.77333333333334,33.33333333333333
3266,115.4888888888889,31.555555555555554
3267,94.24444444444444,31.11111111111111
3268,60.53777777777778,34.22222222222222
3269,83.52444444444444,26.666666666666668
3270,51.36888888888889,34.66666666666667
3271,56.373333333333335,30.666666666666664
3272,77.04,33.33333333333333
3273,49.08444444444444,31.11111111111111
3274,122.00888888888889,30.22222222222222
3275,77.33777777777777,27.555555555555557
3276,121.1288888888889,32
3277,43.24888888888889,30.666666666666664
3278,47.83111111111111,34.22222222222222
3279,84.24888888888889,31.555555555555554
3280,121.64,24.444444444444443
3281,80.66222222222223,34.66666666666667
3282,42.52,31.555555555555554
3283,47.715555555555554,33.33333333333333
3284,87.4088888888889,24.88888888888889
3285,47.742222222222225,29.333333333333332
3286,41.275555555555556,36.888888888888886
3287,47.87555555555556,31.555555555555554
3288,86.95111111111112,35.55555555555556
3289,87.33333333333333,29.777777777777775
3290,45.41777777777778,33.77777777777778
3291,43.6,33.77777777777778
3292,54.51111111111111,29.777777777777775
3293,110.83555555555556,35.11111111111111
3294,49.70666666666666,33.33333333333333
3295,80.73333333333333,30.22222222222222
3296,46.257777777777775,31.11111111111111
3297,45.00888888888889,28.444444444444443
3298,130.5822222222222,32.44444444444444
3299,41.83555555555556,34.22222222222222
3300,45.08444444444444,32
3301,116.16888888888889,32
3302,114.74222222222222,31.555555555555554
3303,106.24,37.77777777777778
3304,36.964444444444446,33.33333333333333
3305,71.96,30.666666666666664
3306,121.22666666666667,29.333333333333332
3307,83.37777777777778,29.333333333333332
3308,85.8488888888889,30.22222222222222
3309,147.9911111111111,27.555555555555557
3310,122.1288888888889,28.000000000000004
3311,124.45333333333333,36.44444444444444
3312,77.52888888888889,28.000000000000004
3313,74.48,32
3314,120.68,33.77777777777778
3315,38.111111111111114,31.555555555555554
3316,82.02222222222223,30.22222222222222
3317,73.83111111111111,37.333333333333336
3318,85.28888888888889,35.55555555555556
3319,81.28,35.55555555555556
3320,41.266666666666666,30.666666666666664
3321,83.29777777777778,32.88888888888889
3322,40.8,29.777777777777775
3323,109.33333333333333,28.888888888888886
3324,148.99555555555557,31.555555555555554
3325,53.17333333333333,28.444444444444443
3326,78.44,32.44444444444444
3327,74.08888888888889,37.333333333333336
3328,92.30222222222223,28.000000000000004
3329,111.88888888888889,37.77777777777778
3330,45.75111111111111,27.111111111111114
3331,86.60444444444444,31.11111111111111
3332,215.57777777777778,33.33333333333333
3333,108.88,27.555555555555557
3334,80.4088888888889,31.555555555555554
3335,144.34666666666666,33.33333333333333
3336,158.50666666666666,29.333333333333332
3337,57.11555555555555,23.11111111111111
3338,160.63111111111112,29.777777777777775
3339,47.79555555555555,33.33333333333333
3340,124.19555555555556,35.11111111111111
3341,112.55111111111111,29.777777777777775
3342,113.47111111111111,30.666666666666664
3343,46.71111111111111,34.22222222222222
3344,83.6,31.555555555555554
3345,80.18222222222222,33.33333333333333
3346,150.5911111111111,30.22222222222222
3347,84.03555555555556,28.444444444444443
3348,82.04444444444445,28.444444444444443
3349,77.73777777777778,33.77777777777778
3350,78.41333333333333,32.88888888888889
3351,53.50222222222222,32.88888888888889
3352,47.373333333333335,37.333333333333336
3353,119.18666666666667,30.22222222222222
3354,144.48,40.44444444444444
3355,71.32,33.33333333333333
3356,39.52444444444444,38.22222222222222
3357,76.92444444444445,33.77777777777778
3358,126.20444444444445,28.444444444444443
3359,125.90222222222222,35.55555555555556
3360,55.617777777777775,35.11111111111111
3361,57.217777777777776,28.444444444444443
3362,85.59555555555555,34.66666666666667
3363,59.65777777777778,28.888888888888886
3364,111.4,32.44444444444444
3365,45.71111111111111,34.22222222222222
3366,83.77333333333333,37.333333333333336
3367,156.1911111111111,33.33333333333333
3368,116.09333333333333,34.66666666666667
3369,39.64888888888889,33.33333333333333
3370,50.48444444444444,32.44444444444444
3371,81.74666666666667,28.000000000000004
3372,50.55555555555556,27.111111111111114
3373,83.99111111111111,32.44444444444444
3374,54.297777777777775,35.11111111111111
3375,76.90666666666667,31.11111111111111
3376,47.06666666666667,36.888888888888886
3377,84.59555555555555,32.44444444444444
3378,141.2488888888889,32
3379,157.92,35.11111111111111
3380,35.18222222222222,31.555555555555554
3381,87.29333333333334,34.22222222222222
3382,83.74666666666667,32
3383,110.2,33.33333333333333
3384,43.51111111111111,34.22222222222222
3385,82.76,34.22222222222222
3386,183.98666666666668,33.77777777777778
3387,44.32,25.333333333333336
3388,90.81777777777778,37.333333333333336
3389,78.62666666666667,36.44444444444444
3390,93.28444444444445,28.444444444444443
3391,70.63555555555556,32.88888888888889
3392,121.23555555555555,32.88888888888889
3393,48.74666666666667,33.33333333333333
3394,74.86222222222223,32
3395,54.60888888888889,30.666666666666664
3396,181.12444444444444,31.11111111111111
3397,46.86666666666667,33.33333333333333
3398,113.54666666666667,30.666666666666664
3399,91.81777777777778,36
3400,56.69777777777778,29.777777777777775
3401,78.04888888888888,34.66666666666667
3402,77.10222222222222,32.88888888888889
3403,70.76,34.22222222222222
3404,45.75555555555555,29.777777777777775
3405,40.355555555555554,33.33333333333333
3406,159.61777777777777,30.666666666666664
3407,75.76444444444445,27.555555555555557
3408,116.74222222222222,35.55555555555556
3409,118.36,27.555555555555557
3410,93.88444444444444,29.333333333333332
3411,109.92888888888889,33.33333333333333
3412,113.38666666666667,35.55555555555556
3413,42.83555555555556,24.88888888888889
3414,44.68888888888889,32
3415,37.23555555555556,37.333333333333336
3416,74.77333333333333,27.555555555555557
3417,79.52888888888889,29.333333333333332
3418,89.45777777777778,29.777777777777775
3419,73.81777777777778,32.44444444444444
3420,85.52888888888889,31.11111111111111
3421,42.382222222222225,35.55555555555556
3422,97.2311111111111,28.888888888888886
3423,75.06222222222222,34.22222222222222
3424,79.61777777777777,33.77777777777778
3425,87.97333333333333,32
3426,105.83111111111111,33.77777777777778
3427,44.937777777777775,33.77777777777778
3428,77.23555555555555,28.000000000000004
3429,44.03111111111111,30.666666666666664
3430,82.08444444444444,30.666666666666664
3431,80.27555555555556,31.555555555555554
3432,43.80444444444444,28.888888888888886
3433,86.01777777777778,33.33333333333333
3434,75.24,30.666666666666664
3435,51.53333333333333,36.888888888888886
3436,57.45333333333333,27.555555555555557
3437,82.12444444444445,31.555555555555554
3438,51.72,31.11111111111111
3439,49.58222222222222,33.33333333333333
3440,49.635555555555555,36.888888888888886
3441,82.98666666666666,34.66666666666667
3442,55.053333333333335,29.333333333333332
3443,87.19111111111111,34.66666666666667
3444,72.67111111111112,25.77777777777778
3445,41.22666666666667,35.11111111111111
3446,51.06666666666667,34.22222222222222
3447,40.72,32.88888888888889
3448,58.89333333333333,32.44444444444444
3449,156.80444444444444,32
3450,88.44444444444444,28.888888888888886
3451,114.12,30.22222222222222
3452,85.47555555555556,25.333333333333336
3453,75.89333333333333,32
3454,49.422222222222224,33.77777777777778
3455,70.12444444444445,32.88888888888889
3456,48.791111111111114,35.55555555555556
3457,106.16,36
3458,50.73777777777778,37.77777777777778
3459,110.70666666666666,36.44444444444444
3460,80.17777777777778,32.88888888888889
3461,118.77777777777777,29.777777777777775
3462,63.053333333333335,30.666666666666664
3463,49.05777777777778,29.777777777777775
3464,83.79555555555555,31.11111111111111
3465,43.12888888888889,34.22222222222222
3466,89.39555555555556,33.33333333333333
3467,80.15555555555555,29.333333333333332
3468,112.13333333333334,30.666666666666664
3469,125.06222222222222,33.33333333333333
3470,79.04888888888888,30.666666666666664
3471,46.07555555555555,32.44444444444444
3472,80.91555555555556,32
3473,119.52,33.33333333333333
3474,111.74666666666667,36.888888888888886
3475,50.76888888888889,35.55555555555556
3476,92.63111111111111,36.44444444444444
3477,76.61777777777777,32
3478,118.18222222222222,27.111111111111114
3479,38.65777777777778,33.77777777777778
3480,80.53777777777778,30.666666666666664
3481,87.64444444444445,26.666666666666668
3482,115.27111111111111,32.88888888888889
3483,80.46222222222222,36.44444444444444
3484,56.724444444444444,35.55555555555556
3485,114.47555555555556,33.77777777777778
3486,125.40444444444445,28.888888888888886
3487,121.82666666666667,30.22222222222222
3488,48.36,28.888888888888886
3489,80.77333333333333,34.22222222222222
3490,120.92888888888889,28.000000000000004
3491,90.12,29.333333333333332
3492,127.53333333333333,30.22222222222222
3493,146.60888888888888,32
3494,78.35555555555555,26.222222222222225
3495,40.977777777777774,35.55555555555556
3496,51.25333333333333,32
3497,125.86666666666666,28.444444444444443
3498,117.33333333333333,32
3499,79.57333333333334,34.66666666666667
3500,47.38666666666666,29.777777777777775
3501,86.24888888888889,36
3502,92.50222222222222,30.666666666666664
3503,76.98222222222222,28.000000000000004
3504,82.92888888888889,25.333333333333336
3505,78.31111111111112,37.77777777777778
3506,81.20444444444445,37.77777777777778
3507,192.34666666666666,34.22222222222222
3508,46.044444444444444,36.44444444444444
3509,53.35111111111111,29.777777777777775
3510,50.83555555555556,28.888888888888886
3511,80.56,29.777777777777775
3512,43.13777777777778,33.33333333333333
3513,55.102222222222224,31.555555555555554
3514,44.80444444444444,31.555555555555554
3515,51.626666666666665,28.000000000000004
3516,82.03111111111112,33.77777777777778
3517,45.346666666666664,34.22222222222222
3518,80.16444444444444,30.666666666666664
3519,111.37777777777778,27.555555555555557
3520,43.56,32.44444444444444
3521,45.062222222222225,31.11111111111111
3522,108.24,29.333333333333332
3523,87.91111111111111,36.44444444444444
3524,114.96,29.777777777777775
3525,113.53777777777778,26.222222222222225
3526,92.02666666666667,30.22222222222222
3527,112.31111111111112,33.33333333333333
3528,42.208888888888886,36.44444444444444
3529,111.19555555555556,30.666666666666664
3530,92.04,30.22222222222222
3531,141.90666666666667,30.22222222222222
3532,48.46666666666667,24.88888888888889
3533,151.38666666666666,26.666666666666668
3534,84.90666666666667,30.666666666666664
3535,88.17333333333333,30.666666666666664
3536,43.08888888888889,31.555555555555554
3537,82.08888888888889,30.22222222222222
3538,115.34222222222222,32.88888888888889
3539,123.30222222222223,28.888888888888886
3540,72.34666666666666,32.88888888888889
3541,73.25777777777778,31.555555555555554
3542,91.63555555555556,28.444444444444443
3543,53.69777777777778,36.44444444444444
3544,86.20444444444445,30.22222222222222
3545,80.83111111111111,32.88888888888889
3546,53.404444444444444,30.22222222222222
3547,45.99111111111111,34.66666666666667
3548,83.07111111111111,35.11111111111111
3549,51.111111111111114,28.444444444444443
3550,42,29.777777777777775
3551,87.14666666666666,30.22222222222222
3552,86.49777777777778,32.44444444444444
3553,148.2,36
3554,82.02666666666667,28.000000000000004
3555,54.70666666666666,32
3556,116.24,30.666666666666664
3557,82.53333333333333,37.333333333333336
3558,84.25777777777778,31.11111111111111
3559,114.56,33.33333333333333
3560,182.90222222222224,32.44444444444444
3561,92.94666666666667,34.22222222222222
3562,39.973333333333336,31.11111111111111
3563,52.644444444444446,32
3564,145.87555555555556,31.555555555555554
3565,151.94666666666666,30.666666666666664
3566,85.46222222222222,32
3567,52.14666666666667,30.666666666666664
3568,226.4622222222222,32
3569,116.59555555555555,32.88888888888889
3570,49.66222222222222,32.88888888888889
3571,49.635555555555555,32.88888888888889
3572,87.36444444444444,24
3573,126.61333333333333,31.555555555555554
3574,56.39111111111111,32
3575,191.70666666666668,26.222222222222225
3576,116.62666666666667,34.22222222222222
3577,42.82666666666667,35.55555555555556
3578,55.87111111111111,28.888888888888886
3579,114.05333333333333,24.444444444444443
3580,149.6,31.555555555555554
3581,76.16444444444444,34.22222222222222
3582,147.62222222222223,31.11111111111111
3583,116.28,30.666666666666664
3584,110.88,32.88888888888889
3585,49.16444444444444,31.555555555555554
3586,88.09777777777778,29.777777777777775
3587,46.17333333333333,31.11111111111111
3588,75.33777777777777,33.77777777777778
3589,75.04444444444445,32.88888888888889
3590,153.6,31.11111111111111
3591,83.46222222222222,32.88888888888889
3592,119.2088888888889,32.88888888888889
3593,45.955555555555556,33.33333333333333
3594,84.10666666666667,31.555555555555554
3595,46.782222222222224,30.22222222222222
3596,113.03111111111112,33.33333333333333
3597,156.79111111111112,31.555555555555554
3598,70.01333333333334,34.22222222222222
3599,40.82222222222222,28.444444444444443
3600,48.76444444444444,25.77777777777778
3601,113.58222222222223,31.555555555555554
3602,74.06222222222222,35.55555555555556
3603,120.43555555555555,28.444444444444443
3604,89.79555555555555,29.333333333333332
3605,214.21777777777777,31.11111111111111
3606,122.26222222222222,30.22222222222222
3607,114.5911111111111,32
3608,49.77777777777778,25.333333333333336
3609,43.63111111111111,31.555555555555554
3610,54.84888888888889,38.666666666666664
3611,77.30666666666667,30.22222222222222
3612,55.355555555555554,33.33333333333333
3613,83.47111111111111,37.77777777777778
3614,39.27111111111111,28.000000000000004
3615,156.44,29.777777777777775
3616,80.49777777777778,32.44444444444444
3617,89.65333333333334,32
3618,151.08,29.333333333333332
3619,79.88888888888889,34.66666666666667
3620,149.79111111111112,34.66666666666667
3621,121.03111111111112,27.555555555555557
3622,44.315555555555555,29.777777777777775
3623,115.18222222222222,31.11111111111111
3624,83.52444444444444,27.111111111111114
3625,85.2,27.555555555555557
3626,51.29333333333334,32.88888888888889
3627,118.08,30.22222222222222
3628,115.8711111111111,37.77777777777778
3629,45.77777777777778,32.88888888888889
3630,82.66222222222223,31.555555555555554
3631,113.17333333333333,34.66666666666667
3632,91.71111111111111,29.777777777777775
3633,114.51555555555555,33.77777777777778
3634,117.79555555555555,31.11111111111111
3635,53,31.11111111111111
3636,44.40888888888889,35.55555555555556
3637,155.57333333333332,36.888888888888886
3638,78.49777777777778,36
3639,73.29777777777778,25.333333333333336
3640,82.54222222222222,31.11111111111111
3641,80.28888888888889,31.555555555555554
3642,84.85333333333334,28.444444444444443
3643,44.76888888888889,29.777777777777775
3644,46.684444444444445,30.22222222222222
3645,80.05333333333333,34.66666666666667
3646,77.67111111111112,32
3647,149.6888888888889,30.666666666666664
3648,117.03555555555556,32.88888888888889
3649,54.74666666666667,29.777777777777775
3650,75.00888888888889,35.55555555555556
3651,77.5111111111111,36
3652,46.28888888888889,32.44444444444444
3653,182.04888888888888,33.77777777777778
3654,82.21333333333334,32.44444444444444
3655,42.47555555555556,30.666666666666664
3656,111.89333333333333,32.44444444444444
3657,41.80444444444444,31.555555555555554
3658,51.18666666666667,36.44444444444444
3659,51.03111111111111,41.333333333333336
3660,149.6888888888889,36
3661,81.70666666666666,32.88888888888889
3662,41.48,36.44444444444444
3663,45.99111111111111,26.666666666666668
3664,114.92888888888889,28.888888888888886
3665,76.56888888888889,34.66666666666667
3666,114.96,32.44444444444444
3667,155.7422222222222,34.66666666666667
3668,151.44,31.555555555555554
3669,41.36888888888889,30.666666666666664
3670,114.67555555555556,26.222222222222225
3671,79.91111111111111,30.22222222222222
3672,82,32
3673,44.47555555555556,34.22222222222222
3674,154.42222222222222,32.88888888888889
3675,82.93333333333334,29.777777777777775
3676,50.64888888888889,32.44444444444444
3677,79.33777777777777,25.333333333333336
3678,80.97777777777777,30.666666666666664
3679,57.31111111111111,31.11111111111111
3680,37.888888888888886,26.666666666666668
3681,79.03555555555556,30.22222222222222
3682,77.57333333333334,32.44444444444444
3683,52.626666666666665,29.777777777777775
3684,121.48,31.555555555555554
3685,82.68444444444444,26.666666666666668
3686,184.37777777777777,31.11111111111111
3687,85.27555555555556,32.44444444444444
3688,90.25777777777778,29.333333333333332
3689,79.70666666666666,33.33333333333333
3690,86.73777777777778,26.222222222222225
3691,77.47111111111111,30.22222222222222
3692,83.68888888888888,28.000000000000004
3693,110.07111111111111,28.888888888888886
3694,49.96888888888889,36.888888888888886
3695,83.22222222222223,29.777777777777775
3696,80.69777777777777,27.111111111111114
3697,93.06222222222222,31.11111111111111
3698,45.51555555555556,28.444444444444443
3699,50.617777777777775,32.88888888888889
3700,157.21777777777777,32.44444444444444
3701,74.62666666666667,30.666666666666664
3702,150.0888888888889,28.444444444444443
3703,125.5911111111111,27.555555555555557
3704,35.77333333333333,34.22222222222222
3705,51.60444444444445,30.666666666666664
3706,79.89333333333333,34.66666666666667
3707,76.96444444444444,35.55555555555556
3708,46.78666666666667,31.11111111111111
3709,80.12,28.888888888888886
3710,74.12444444444445,28.444444444444443
3711,49.617777777777775,36
3712,78.27111111111111,32
3713,146.03555555555556,40.44444444444444
3714,112.64888888888889,29.777777777777775
3715,83.74666666666667,32.44444444444444
3716,114.69777777777777,36.44444444444444
3717,73.16,33.77777777777778
3718,76,29.333333333333332
3719,83.77333333333333,33.33333333333333
3720,44.92,28.888888888888886
3721,45.24888888888889,31.555555555555554
3722,124.2,31.11111111111111
3723,114.99111111111111,29.333333333333332
3724,47.16,32.44444444444444
3725,83.36888888888889,34.22222222222222
3726,56.275555555555556,30.22222222222222
3727,119.68888888888888,39.111111111111114
3728,38.82222222222222,35.11111111111111
3729,83.93333333333334,32
3730,115.69333333333333,33.77777777777778
3731,48.102222222222224,33.33333333333333
3732,82.61777777777777,35.55555555555556
3733,37.653333333333336,36.44444444444444
3734,113.4888888888889,32
3735,83.86222222222223,27.555555555555557
3736,122,32.44444444444444
3737,61.675555555555555,30.666666666666664
3738,55.102222222222224,35.11111111111111
3739,58.568888888888885,26.666666666666668
3740,87.94666666666667,31.11111111111111
3741,55.60888888888889,31.11111111111111
3742,53.04888888888889,34.22222222222222
3743,108.96,35.55555555555556
3744,110.1511111111111,35.11111111111111
3745,56.973333333333336,33.77777777777778
3746,115.01333333333334,32.88888888888889
3747,50.96888888888889,31.11111111111111
3748,82.45333333333333,31.11111111111111
3749,53.16888888888889,36
3750,159.45333333333335,28.444444444444443
3751,85.28,35.11111111111111
3752,39.86222222222222,37.77777777777778
3753,51.24888888888889,29.333333333333332
3754,116.42222222222222,30.22222222222222
3755,119.33333333333333,28.444444444444443
3756,116.54222222222222,32.44444444444444
3757,83.77777777777777,30.666666666666664
3758,109.70222222222222,27.111111111111114
3759,111.17777777777778,35.11111111111111
3760,142.8711111111111,32.44444444444444
3761,79.2088888888889,32.88888888888889
3762,154.32,32
3763,113.11555555555556,28.000000000000004
3764,109.35111111111111,33.77777777777778
3765,81.44888888888889,29.777777777777775
3766,54.32888888888889,31.11111111111111
3767,122.69777777777777,35.55555555555556
3768,90.43111111111111,31.11111111111111
3769,49.90222222222222,36.44444444444444
3770,142.70222222222222,31.555555555555554
3771,112.55111111111111,35.11111111111111
3772,46.08,32.44444444444444
3773,45.275555555555556,32
3774,46.23111111111111,32.44444444444444
3775,109.78222222222222,28.444444444444443
3776,81.18666666666667,36
3777,86.04,25.77777777777778
3778,56.11555555555555,32.44444444444444
3779,87.53777777777778,31.11111111111111
3780,85.60888888888888,29.333333333333332
3781,46.315555555555555,29.777777777777775
3782,83.05333333333333,32.88888888888889
3783,121.58222222222223,32.44444444444444
3784,88.71555555555555,37.333333333333336
3785,80.60444444444444,28.888888888888886
3786,116.89333333333333,29.777777777777775
3787,147.34666666666666,33.77777777777778
3788,54.85333333333333,33.33333333333333
3789,78.62222222222222,29.777777777777775
3790,43.14222222222222,37.333333333333336
3791,80.97333333333333,28.888888888888886
3792,50.257777777777775,30.22222222222222
3793,159.25333333333333,36.44444444444444
3794,126.73777777777778,28.000000000000004
3795,83.17333333333333,37.333333333333336
3796,46.94222222222222,26.666666666666668
3797,49.82222222222222,38.22222222222222
3798,45.742222222222225,27.555555555555557
3799,157.31555555555556,26.666666666666668
3800,127.52444444444444,30.22222222222222
3801,87.35111111111111,34.66666666666667
3802,131.63111111111112,31.555555555555554
3803,57.093333333333334,34.22222222222222
3804,77.97777777777777,28.444444444444443
3805,51.78666666666667,32.88888888888889
3806,79.79555555555555,34.66666666666667
3807,73.8488888888889,27.555555555555557
3808,76.60888888888888,30.22222222222222
3809,80.18222222222222,30.22222222222222
3810,45.266666666666666,27.555555555555557
3811,86.86222222222223,36.44444444444444
3812,121.54666666666667,35.55555555555556
3813,57.95111111111111,38.666666666666664
3814,43.81777777777778,33.77777777777778
3815,114.67111111111112,28.444444444444443
3816,140.73333333333332,32.88888888888889
3817,72.76,35.11111111111111
3818,38.83555555555556,28.888888888888886
3819,85.86666666666666,33.33333333333333
3820,119.12444444444445,27.111111111111114
3821,46.79555555555555,37.333333333333336
3822,50.16888888888889,33.77777777777778
3823,129.24,37.333333333333336
3824,76.80888888888889,36
3825,38.75111111111111,34.66666666666667
3826,91.17777777777778,31.11111111111111
3827,84.33777777777777,34.66666666666667
3828,52.742222222222225,34.22222222222222
3829,83.94666666666667,35.11111111111111
3830,82.68444444444444,33.77777777777778
3831,116.05777777777777,31.11111111111111
3832,51.70666666666666,34.22222222222222
3833,35.93333333333333,28.444444444444443
3834,118.7688888888889,37.333333333333336
3835,80.07555555555555,30.666666666666664
3836,52.36888888888889,32.88888888888889
3837,89.45777777777778,32.44444444444444
3838,106.13777777777777,37.333333333333336
3839,49.14666666666667,33.77777777777778
3840,125.92444444444445,25.333333333333336
3841,76.69333333333333,28.888888888888886
3842,46.68,33.77777777777778
3843,46.10666666666667,34.22222222222222
3844,82.26666666666667,27.111111111111114
3845,122.24888888888889,28.888888888888886
3846,88.61777777777777,32
3847,57.66222222222222,32.88888888888889
3848,92.06222222222222,35.55555555555556
3849,49.471111111111114,31.11111111111111
3850,47.16888888888889,29.777777777777775
3851,89.27555555555556,28.000000000000004
3852,46.4,40
3853,49.38666666666666,34.22222222222222
3854,84.43111111111111,34.66666666666667
3855,41.635555555555555,33.77777777777778
3856,76.22666666666667,29.777777777777775
3857,175.67555555555555,36.44444444444444
3858,84.28,38.22222222222222
3859,81.42222222222222,36
3860,45.23111111111111,29.777777777777775
3861,40.275555555555556,34.66666666666667
3862,126.88,26.222222222222225
3863,115.87555555555555,30.22222222222222
3864,111.01333333333334,29.777777777777775
3865,51.16444444444444,30.22222222222222
3866,47.55555555555556,32.44444444444444
3867,112.53333333333333,33.33333333333333
3868,47.333333333333336,29.333333333333332
3869,86.30222222222223,29.333333333333332
3870,42.44888888888889,30.666666666666664
3871,39.34222222222222,30.666666666666664
3872,50.70666666666666,37.333333333333336
3873,79.02666666666667,35.11111111111111
3874,88.56444444444445,28.000000000000004
3875,186.1911111111111,31.555555555555554
3876,88.56,25.77777777777778
3877,110.99111111111111,29.333333333333332
3878,45.09777777777778,31.555555555555554
3879,252.94222222222223,31.555555555555554
3880,55.955555555555556,30.666666666666664
3881,77.84,32.44444444444444
3882,52.22666666666667,33.33333333333333
3883,118.44444444444444,30.666666666666664
3884,55.25333333333333,38.22222222222222
3885,80.10222222222222,32.44444444444444
3886,48.14666666666667,26.222222222222225
3887,145.32444444444445,33.77777777777778
3888,76.4088888888889,32.88888888888889
3889,112.29777777777778,32
3890,45.93333333333333,32.88888888888889
3891,42.13333333333333,30.22222222222222
3892,42.702222222222225,28.444444444444443
3893,68.02222222222223,30.22222222222222
3894,86.64888888888889,35.55555555555556
3895,76.17777777777778,36.888888888888886
3896,149.93333333333334,33.77777777777778
3897,118.4,32.44444444444444
3898,44.33777777777778,26.666666666666668
3899,109.76,39.55555555555556
3900,187.60444444444445,31.11111111111111
3901,50.471111111111114,32.88888888888889
3902,147.38666666666666,32.88888888888889
3903,114.31111111111112,40.44444444444444
3904,83.02222222222223,28.444444444444443
3905,78.61777777777777,38.22222222222222
3906,39.45777777777778,26.666666666666668
3907,54.92,29.777777777777775
3908,155.9111111111111,31.11111111111111
3909,91.60444444444444,32.44444444444444
3910,40.93333333333333,30.22222222222222
3911,99.31555555555556,34.22222222222222
3912,49.702222222222225,31.555555555555554
3913,78.44888888888889,32.44444444444444
3914,47.75555555555555,25.333333333333336
3915,39.49777777777778,39.111111111111114
3916,161.23111111111112,27.555555555555557
3917,50.6,29.333333333333332
3918,118.67555555555556,32.44444444444444
3919,45.08,32.88888888888889
3920,93.13777777777777,34.66666666666667
3921,75.39111111111112,32
3922,116.71111111111111,33.77777777777778
3923,139.82666666666665,28.888888888888886
3924,74.18666666666667,29.333333333333332
3925,84.59555555555555,30.666666666666664
3926,39.715555555555554,23.555555555555554
3927,169.57333333333332,24.444444444444443
3928,153.31555555555556,36.44444444444444
3929,39.986666666666665,28.000000000000004
3930,47.79555555555555,25.333333333333336
3931,40.81777777777778,28.888888888888886
3932,49.791111111111114,34.22222222222222
3933,49.50222222222222,30.22222222222222
3934,80.26222222222222,25.77777777777778
3935,79.66222222222223,28.888888888888886
3936,113.29777777777778,32.88888888888889
3937,69.09333333333333,30.22222222222222
3938,110.62222222222222,34.22222222222222
3939,80.10222222222222,33.77777777777778
3940,89.47555555555556,28.888888888888886
3941,119.52888888888889,32.44444444444444
3942,58.84444444444444,33.77777777777778
3943,79.08444444444444,28.000000000000004
3944,79.63555555555556,30.22222222222222
3945,46.87111111111111,32.88888888888889
3946,149.0888888888889,35.55555555555556
3947,47.72888888888889,27.555555555555557
3948,50.23555555555556,31.11111111111111
3949,146.08,24.88888888888889
3950,63.90222222222222,28.444444444444443
3951,47.95111111111111,30.22222222222222
3952,46.715555555555554,30.666666666666664
3953,42.053333333333335,32.88888888888889
3954,81.90666666666667,36.44444444444444
3955,97.79555555555555,28.444444444444443
3956,50.635555555555555,32.44444444444444
3957,42.684444444444445,30.666666666666664
3958,83.80888888888889,34.22222222222222
3959,85.8,31.11111111111111
3960,57.43555555555555,32
3961,50.52444444444444,29.777777777777775
3962,48.617777777777775,29.777777777777775
3963,41.92444444444445,31.11111111111111
3964,43.55111111111111,33.33333333333333
3965,47.644444444444446,34.66666666666667
3966,121.83555555555556,32.44444444444444
3967,45.026666666666664,34.66666666666667
3968,52.46222222222222,29.777777777777775
3969,78.36,32.44444444444444
3970,46.13333333333333,30.22222222222222
3971,40.217777777777776,28.444444444444443
3972,82.75111111111111,34.22222222222222
3973,52.47555555555556,37.333333333333336
3974,84.14222222222222,28.888888888888886
3975,54,34.22222222222222
3976,116.47555555555556,30.666666666666664
3977,43.87111111111111,30.22222222222222
3978,47,27.111111111111114
3979,86.8,31.555555555555554
3980,49.87555555555556,35.11111111111111
3981,42.053333333333335,32.88888888888889
3982,109.36888888888889,32.88888888888889
3983,73.33777777777777,30.666666666666664
3984,77.95555555555555,35.55555555555556
3985,48.54666666666667,30.22222222222222
3986,85.79555555555555,28.444444444444443
3987,43.10666666666667,30.22222222222222
3988,77.41777777777777,32.88888888888889
3989,79.27555555555556,34.22222222222222
3990,54.568888888888885,32.88888888888889
3991,111.90666666666667,34.66666666666667
3992,43.22222222222222,32
3993,88.85777777777778,32.44444444444444
3994,51.355555555555554,31.555555555555554
3995,48.90222222222222,38.22222222222222
3996,42.986666666666665,29.333333333333332
3997,121.96888888888888,30.22222222222222
3998,151.6888888888889,39.55555555555556
3999,50.986666666666665,32.44444444444444
4000,81.49777777777778,26.666666666666668
4001,115.5111111111111,32
4002,112.55111111111111,26.222222222222225
4003,113.06222222222222,31.11111111111111
4004,52.92,30.666666666666664
4005,87.56444444444445,36.44444444444444
4006,86.12,29.777777777777775
4007,114.73333333333333,32.88888888888889
4008,73.01777777777778,37.77777777777778
4009,46.91111111111111,31.555555555555554
4010,74.74666666666667,35.11111111111111
4011,84.48,28.000000000000004
4012,119.47555555555556,28.444444444444443
4013,62.026666666666664,28.000000000000004
4014,74.47111111111111,28.000000000000004
4015,117.55111111111111,36
4016,41.59111111111111,36
4017,78.88888888888889,31.11111111111111
4018,73.86666666666666,38.666666666666664
4019,41.528888888888886,34.66666666666667
4020,77.2311111111111,34.66666666666667
4021,55.81333333333333,29.777777777777775
4022,63.17333333333333,30.22222222222222
4023,118.98222222222222,34.66666666666667
4024,108.52,34.66666666666667
4025,45.92888888888889,24
4026,185.69333333333333,31.11111111111111
4027,80.22222222222223,35.11111111111111
4028,77.47555555555556,32.88888888888889
4029,78.52888888888889,27.555555555555557
4030,87.94222222222223,31.11111111111111
4031,77.73333333333333,32
4032,118.44444444444444,32.88888888888889
4033,83.49777777777778,28.444444444444443
4034,42.964444444444446,25.333333333333336
4035,39.12,31.11111111111111
4036,121.14666666666666,27.555555555555557
4037,49.35111111111111,28.444444444444443
4038,72.24444444444444,33.33333333333333
4039,48.26222222222222,33.77777777777778
4040,79.48444444444445,29.777777777777775
4041,49.24,34.66666666666667
4042,75.96888888888888,32.44444444444444
4043,90.38222222222223,32.88888888888889
4044,49.013333333333335,31.555555555555554
4045,74.22222222222223,32.88888888888889
4046,43.093333333333334,32.88888888888889
4047,51.62222222222222,28.888888888888886
4048,82.57777777777778,32.44444444444444
4049,84.81777777777778,32.44444444444444
4050,115.84444444444445,32
4051,93.70666666666666,34.22222222222222
4052,73.39555555555556,30.666666666666664
4053,117.52,28.000000000000004
4054,63.28888888888889,34.66666666666667
4055,74.74666666666667,30.666666666666664
4056,49.07555555555555,28.888888888888886
4057,41.81777777777778,35.11111111111111
4058,81.32,32
4059,48.946666666666665,31.555555555555554
4060,58.45777777777778,30.666666666666664
4061,115.1288888888889,34.22222222222222
4062,45.88,28.888888888888886
4063,50.897777777777776,30.22222222222222
4064,48.55555555555556,32.88888888888889
4065,75.03111111111112,35.11111111111111
4066,118.90222222222222,32.44444444444444
4067,115.70666666666666,31.555555555555554
4068,116.49333333333334,33.77777777777778
4069,117.24,30.666666666666664
4070,82.67555555555556,33.33333333333333
4071,115.97777777777777,31.555555555555554
4072,86.16,35.11111111111111
4073,48.13777777777778,34.22222222222222
4074,55.44444444444444,23.555555555555554
4075,113.81777777777778,36.44444444444444
4076,41.61333333333334,32
4077,79.90666666666667,33.77777777777778
4078,70.09333333333333,30.22222222222222
4079,79.49333333333334,33.77777777777778
4080,93.12444444444445,34.22222222222222
4081,47.17777777777778,29.333333333333332
4082,117.24,32.88888888888889
4083,84.89777777777778,28.444444444444443
4084,44.62222222222222,36.888888888888886
4085,75.5111111111111,30.22222222222222
4086,45.586666666666666,32.44444444444444
4087,41.46666666666667,32.88888888888889
4088,72.59555555555555,26.222222222222225
4089,120.53333333333333,35.11111111111111
4090,124.84,28.888888888888886
4091,83.09333333333333,31.555555555555554
4092,42.81777777777778,33.33333333333333
4093,45.44,24
4094,88.88,31.555555555555554
4095,57.4,29.777777777777775
4096,126.71111111111111,35.11111111111111
4097,79.96888888888888,32.88888888888889
4098,133.78222222222223,34.22222222222222
4099,75.54222222222222,28.444444444444443
4100,40.48444444444444,34.22222222222222
4101,152.8,30.22222222222222
4102,84.70666666666666,33.77777777777778
4103,43.284444444444446,34.22222222222222
4104,77.33777777777777,31.555555555555554
4105,49.46666666666667,27.111111111111114
4106,90.5111111111111,28.888888888888886
4107,121.92444444444445,38.22222222222222
4108,83.39111111111112,29.777777777777775
4109,47.54666666666667,27.555555555555557
4110,119.44444444444444,31.555555555555554
4111,105.83111111111111,32.44444444444444
4112,78.39555555555556,32.88888888888889
4113,42.95111111111111,32
4114,80.02222222222223,36
4115,52.21333333333333,24.88888888888889
4116,116.57333333333334,36.44444444444444
4117,79.4088888888889,29.333333333333332
4118,128.49333333333334,32.88888888888889
4119,48.111111111111114,32.44444444444444
4120,111.34222222222222,32
4121,49.422222222222224,33.77777777777778
4122,114.39555555555556,25.77777777777778
4123,87.62222222222222,34.66666666666667
4124,43.48,32.44444444444444
4125,114.10666666666667,28.444444444444443
4126,85.64444444444445,32
4127,50.83111111111111,29.777777777777775
4128,83.67555555555556,38.22222222222222
4129,115.46222222222222,28.444444444444443
4130,41.99111111111111,36.44444444444444
4131,84.41777777777777,35.11111111111111
4132,44.528888888888886,30.666666666666664
4133,78.72888888888889,26.666666666666668
4134,52.18666666666667,31.11111111111111
4135,81.90666666666667,28.000000000000004
4136,76.70222222222222,33.33333333333333
4137,85.05777777777777,37.333333333333336
4138,42.20444444444445,37.333333333333336
4139,43.47555555555556,33.77777777777778
4140,43.40888888888889,31.555555555555554
4141,85.25333333333333,33.77777777777778
4142,112.80444444444444,34.66666666666667
4143,109.50222222222222,30.22222222222222
4144,88.5911111111111,29.333333333333332
4145,151.48444444444445,35.11111111111111
4146,41.88,33.33333333333333
4147,46.92444444444445,31.555555555555554
4148,60.08444444444444,31.555555555555554
4149,79.94222222222223,34.66666666666667
4150,119.74222222222222,30.666666666666664
4151,140.92888888888888,31.555555555555554
4152,76.82666666666667,31.11111111111111
4153,117.80888888888889,35.11111111111111
4154,86.7911111111111,35.11111111111111
4155,71.2088888888889,29.777777777777775
4156,55.413333333333334,30.666666666666664
4157,47.315555555555555,35.11111111111111
4158,77.67555555555556,34.22222222222222
4159,42.6,32.44444444444444
4160,45.284444444444446,36
4161,111.33777777777777,30.22222222222222
4162,124.4,29.777777777777775
4163,106.93777777777778,35.11111111111111
4164,46.653333333333336,34.66666666666667
4165,90.89777777777778,24.88888888888889
4166,65.03555555555556,30.22222222222222
4167,47.69777777777778,33.33333333333333
4168,79.16888888888889,30.22222222222222
4169,50.733333333333334,34.22222222222222
4170,118.78222222222222,28.444444444444443
4171,106.94666666666667,34.22222222222222
4172,114.20444444444445,32.88888888888889
4173,85.37777777777778,30.22222222222222
4174,90.21333333333334,32.88888888888889
4175,52.346666666666664,28.000000000000004
4176,73.92888888888889,29.333333333333332
4177,45.36,35.11111111111111
4178,44.99111111111111,30.666666666666664
4179,108.23555555555555,34.22222222222222
4180,49.08888888888889,35.11111111111111
4181,52.12,34.22222222222222
4182,43.06666666666667,31.11111111111111
4183,147.5511111111111,36
4184,128.5822222222222,35.11111111111111
4185,118.35555555555555,31.11111111111111
4186,121.29333333333334,36
4187,43.83555555555556,36
4188,116.75555555555556,27.555555555555557
4189,45.617777777777775,31.11111111111111
4190,41.62222222222222,28.888888888888886
4191,187.13333333333333,32
4192,80.76,31.11111111111111
4193,75.31555555555556,39.111111111111114
4194,48.08888888888889,26.222222222222225
4195,76.8,36.44444444444444
4196,118.60888888888888,29.333333333333332
4197,114.89333333333333,34.66666666666667
4198,84.81777777777778,32.44444444444444
4199,41.053333333333335,30.666666666666664
4200,46.75555555555555,31.555555555555554
4201,80.64888888888889,30.22222222222222
4202,113.58666666666667,27.555555555555557
4203,122.14222222222222,33.33333333333333
4204,80.20444444444445,32.88888888888889
4205,49.23555555555556,24.88888888888889
4206,89.05777777777777,28.000000000000004
4207,46.84,29.777777777777775
4208,87.12,25.77777777777778
4209,43.83555555555556,38.22222222222222
4210,86.61333333333333,32
4211,52.91111111111111,31.11111111111111
4212,45.85777777777778,28.888888888888886
4213,42.53777777777778,32.44444444444444
4214,78.8488888888889,35.11111111111111
4215,111.99555555555555,32.44444444444444
4216,155.45777777777778,29.333333333333332
4217,51.333333333333336,33.33333333333333
4218,165.2488888888889,34.22222222222222
4219,110.75555555555556,34.22222222222222
4220,109.5911111111111,31.11111111111111
4221,115.48,28.000000000000004
4222,118.53333333333333,30.666666666666664
4223,57.2,29.333333333333332
4224,121.06222222222222,30.666666666666664
4225,92.84444444444445,28.888888888888886
4226,154.02666666666667,29.777777777777775
4227,75.2311111111111,37.77777777777778
4228,112.45333333333333,34.22222222222222
4229,49.05777777777778,31.555555555555554
4230,45.91111111111111,35.55555555555556
4231,80.42222222222222,35.55555555555556
4232,108.58666666666667,31.555555555555554
4233,38.44888888888889,32.44444444444444
4234,44.44888888888889,31.11111111111111
4235,62.69777777777778,30.22222222222222
4236,127.7688888888889,31.11111111111111
4237,77.77777777777777,31.555555555555554
4238,79.16,29.777777777777775
4239,135.86666666666667,31.555555555555554
4240,73.94222222222223,34.22222222222222
4241,46.01777777777778,26.222222222222225
4242,84.57333333333334,37.77777777777778
4243,81.81777777777778,27.111111111111114
4244,146.63111111111112,24.444444444444443
4245,47.75555555555555,28.888888888888886
4246,52.013333333333335,30.22222222222222
4247,83.19111111111111,29.333333333333332
4248,84.04,34.66666666666667
4249,42.42666666666667,32
4250,43.782222222222224,28.000000000000004
4251,81.78222222222222,33.33333333333333
4252,39.95111111111111,32.44444444444444
4253,86.18666666666667,29.777777777777775
4254,85.03111111111112,35.55555555555556
4255,51.63111111111111,30.22222222222222
4256,81.67111111111112,33.33333333333333
4257,85.61333333333333,27.111111111111114
4258,112.8488888888889,31.555555555555554
4259,76.32444444444444,29.333333333333332
4260,77.12,33.77777777777778
4261,123.39555555555556,30.666666666666664
4262,50.77777777777778,32
4263,114.16,33.77777777777778
4264,55.955555555555556,30.22222222222222
4265,43.45777777777778,32
4266,91.02222222222223,35.11111111111111
4267,50.73777777777778,29.333333333333332
4268,82.64444444444445,32
4269,93.12,30.666666666666664
4270,152.47555555555556,33.77777777777778
4271,76.75111111111111,31.11111111111111
4272,49.324444444444445,31.555555555555554
4273,38.266666666666666,34.66666666666667
4274,118.93777777777778,28.444444444444443
4275,43.92888888888889,29.333333333333332
4276,79.40444444444445,32.88888888888889
4277,83.23555555555555,29.777777777777775
4278,40.595555555555556,34.66666666666667
4279,53.68888888888889,26.666666666666668
4280,76.1288888888889,29.333333333333332
4281,82.44888888888889,31.11111111111111
4282,121.28888888888889,33.33333333333333
4283,128.19555555555556,32.44444444444444
4284,86.85333333333334,33.77777777777778
4285,91.52888888888889,32.44444444444444
4286,45.55111111111111,32.44444444444444
4287,51.65777777777778,29.333333333333332
4288,118.94222222222223,31.11111111111111
4289,117.75555555555556,25.333333333333336
4290,49.23555555555556,37.333333333333336
4291,123.46222222222222,36.888888888888886
4292,114.20444444444445,32.88888888888889
4293,54.67111111111111,32
4294,80.5911111111111,27.111111111111114
4295,159.16,39.111111111111114
4296,80.83111111111111,38.22222222222222
4297,81.35555555555555,35.11111111111111
4298,89.05333333333333,34.22222222222222
4299,86.71111111111111,33.77777777777778
4300,45.471111111111114,29.333333333333332
4301,45.06666666666667,30.22222222222222
4302,48.44444444444444,31.11111111111111
4303,46.906666666666666,36.888888888888886
4304,144.07111111111112,36
4305,44.88,35.11111111111111
4306,78.91555555555556,36.44444444444444
4307,78.48,27.555555555555557
4308,46.306666666666665,34.22222222222222
4309,75.72444444444444,36
4310,45.471111111111114,33.33333333333333
4311,50.044444444444444,35.55555555555556
4312,149.01333333333332,33.33333333333333
4313,114.67555555555556,34.22222222222222
4314,81.71555555555555,31.555555555555554
4315,121.21333333333334,37.333333333333336
4316,44.61333333333334,29.333333333333332
4317,51.30222222222222,31.11111111111111
4318,49.03111111111111,34.22222222222222
4319,118.42222222222222,39.55555555555556
4320,49.50222222222222,33.77777777777778
4321,45.85333333333333,32.44444444444444
4322,86.82666666666667,31.555555555555554
4323,55.68,27.555555555555557
4324,53.87555555555556,25.77777777777778
4325,83.96,32.44444444444444
4326,120.55111111111111,30.22222222222222
4327,76.01333333333334,33.33333333333333
4328,47.24,36.888888888888886
4329,145.5288888888889,35.55555555555556
4330,81.96444444444444,31.555555555555554
4331,77.60444444444444,33.33333333333333
4332,90.17333333333333,32
4333,48.897777777777776,35.11111111111111
4334,87.86222222222223,23.11111111111111
4335,52.65777777777778,32
4336,157.90222222222224,29.333333333333332
4337,47.94222222222222,33.77777777777778
4338,79.73333333333333,38.22222222222222
4339,82.61333333333333,28.000000000000004
4340,147.5288888888889,29.333333333333332
4341,89.08444444444444,38.22222222222222
4342,42.24888888888889,29.333333333333332
4343,109.30222222222223,35.55555555555556
4344,120.61333333333333,32.88888888888889
4345,44.382222222222225,32
4346,78.89333333333333,36.888888888888886
4347,76.54222222222222,32.88888888888889
4348,77.71111111111111,28.000000000000004
4349,81.55555555555556,28.888888888888886
4350,49.82222222222222,31.11111111111111
4351,40.977777777777774,35.11111111111111
4352,123.59555555555555,33.33333333333333
4353,110.88444444444444,32.44444444444444
4354,45.19555555555556,28.000000000000004
4355,83.70666666666666,35.55555555555556
4356,105.94666666666667,34.66666666666667
4357,50.413333333333334,27.555555555555557
4358,80.8488888888889,29.333333333333332
4359,41.217777777777776,35.11111111111111
4360,79.01333333333334,27.111111111111114
4361,52.81333333333333,32
4362,78.88888888888889,25.333333333333336
4363,45.382222222222225,31.11111111111111
4364,78.69333333333333,33.33333333333333
4365,53.91555555555556,38.22222222222222
4366,83.16444444444444,32.88888888888889
4367,56.86666666666667,30.666666666666664
4368,150.67555555555555,29.777777777777775
4369,151.70222222222222,27.555555555555557
4370,58.62222222222222,31.11111111111111
4371,81.2311111111111,30.666666666666664
4372,115.78222222222222,29.777777777777775
4373,49.11555555555555,32
4374,82.94666666666667,31.555555555555554
4375,49.715555555555554,32.44444444444444
4376,117.84,35.55555555555556
4377,113.85777777777778,30.22222222222222
4378,55.49333333333333,28.000000000000004
4379,49.85777777777778,29.333333333333332
4380,85.41333333333333,32
4381,59.208888888888886,35.11111111111111
4382,79.54666666666667,37.77777777777778
4383,81.28,30.666666666666664
4384,42.675555555555555,28.888888888888886
4385,43.64888888888889,35.11111111111111
4386,48.28888888888889,34.66666666666667
4387,50.24888888888889,35.11111111111111
4388,116.97333333333333,31.11111111111111
4389,45.15555555555556,29.333333333333332
4390,75.4,35.11111111111111
4391,82.8711111111111,31.555555555555554
4392,111.68888888888888,35.11111111111111
4393,47.306666666666665,30.666666666666664
4394,42.724444444444444,30.666666666666664
4395,77.57777777777778,32.44444444444444
4396,125.81777777777778,32
4397,43.84,28.444444444444443
4398,41.964444444444446,32.88888888888889
4399,55.80888888888889,35.11111111111111
4400,109.07111111111111,34.22222222222222
4401,144.62222222222223,25.333333333333336
4402,83.09777777777778,32.88888888888889
4403,79.80888888888889,32.44444444444444
4404,81.93333333333334,25.333333333333336
4405,120.89333333333333,28.444444444444443
4406,110.44444444444444,30.666666666666664
4407,158.37333333333333,34.22222222222222
4408,82.92444444444445,29.333333333333332
4409,42.297777777777775,28.888888888888886
4410,128.27555555555554,28.888888888888886
4411,90.35555555555555,29.333333333333332
4412,48.49333333333333,37.333333333333336
4413,79.82222222222222,32.44444444444444
4414,192.94666666666666,32.44444444444444
4415,49.38666666666666,35.55555555555556
4416,50.346666666666664,31.11111111111111
4417,85.37777777777778,32
4418,126.88888888888889,28.888888888888886
4419,42.026666666666664,32.88888888888889
4420,80.2088888888889,28.888888888888886
4421,112.7688888888889,27.555555555555557
4422,157.2577777777778,31.555555555555554
4423,43.81777777777778,32.88888888888889
4424,118.73777777777778,29.777777777777775
4425,155.73333333333332,26.666666666666668
4426,40.87111111111111,31.555555555555554
4427,74.97777777777777,28.888888888888886
4428,86.68888888888888,33.33333333333333
4429,47.84,35.55555555555556
4430,50.13333333333333,34.22222222222222
4431,118.47111111111111,32.44444444444444
4432,81.5911111111111,26.666666666666668
4433,47.85777777777778,27.555555555555557
4434,73.22222222222223,31.11111111111111
4435,144.49333333333334,28.444444444444443
4436,50.34222222222222,32.88888888888889
4437,51.52444444444444,29.333333333333332
4438,44.92,32.44444444444444
4439,45.54666666666667,34.22222222222222
4440,49.004444444444445,33.33333333333333
4441,75.45333333333333,31.555555555555554
4442,55.955555555555556,28.888888888888886
4443,81.41333333333333,32.88888888888889
4444,60.31111111111111,31.555555555555554
4445,77.18222222222222,28.000000000000004
4446,45.986666666666665,28.444444444444443
4447,82.70222222222222,34.66666666666667
4448,99.76,29.333333333333332
4449,45.42666666666667,25.77777777777778
4450,48.89333333333333,30.22222222222222
4451,116,28.444444444444443
4452,76.21333333333334,29.333333333333332
4453,82.46666666666667,26.666666666666668
4454,90.72444444444444,31.555555555555554
4455,42.93333333333333,26.222222222222225
4456,117.14666666666666,32
4457,48.044444444444444,29.777777777777775
4458,39.675555555555555,32
4459,85.61777777777777,33.77777777777778
4460,41.568888888888885,28.000000000000004
4461,82.98666666666666,28.444444444444443
4462,81.64888888888889,24.444444444444443
4463,120.16,32
4464,114.89777777777778,30.22222222222222
4465,145.81333333333333,32.44444444444444
4466,55.626666666666665,38.666666666666664
4467,82.50222222222222,32.88888888888889
4468,184.76888888888888,32.44444444444444
4469,92.14666666666666,32.44444444444444
4470,42.102222222222224,27.111111111111114
4471,80.61333333333333,37.77777777777778
4472,82.37777777777778,29.777777777777775
4473,81.80888888888889,36.888888888888886
4474,86.75111111111111,28.888888888888886
4475,147.05777777777777,34.66666666666667
4476,80.73777777777778,32.44444444444444
4477,84.28444444444445,30.666666666666664
4478,110.96444444444444,34.22222222222222
4479,75.69777777777777,31.555555555555554
4480,113.95555555555555,34.22222222222222
4481,80.24,32
4482,45.50222222222222,32
4483,85.48444444444445,34.66666666666667
4484,111.04,28.000000000000004
4485,86.88888888888889,32
4486,117.57777777777778,28.888888888888886
4487,66.98222222222222,30.22222222222222
4488,77.77333333333333,32.88888888888889
4489,41.266666666666666,31.11111111111111
4490,81.59555555555555,31.555555555555554
4491,78.37777777777778,31.555555555555554
4492,114.01333333333334,28.888888888888886
4493,157.22666666666666,32
4494,150.02666666666667,33.77777777777778
4495,85.92888888888889,33.33333333333333
4496,113.86222222222223,32.88888888888889
4497,96.55111111111111,30.666666666666664
4498,112.80444444444444,36
4499,38.528888888888886,34.66666666666667
4500,40.19111111111111,34.66666666666667
4501,123.14222222222222,26.222222222222225
4502,49.51555555555556,33.33333333333333
4503,49.373333333333335,35.11111111111111
4504,49.275555555555556,35.55555555555556
4505,113.72888888888889,34.22222222222222
4506,74.80444444444444,34.66666666666667
4507,73.43555555555555,32.44444444444444
4508,52.84444444444444,33.33333333333333
4509,84.50666666666666,39.55555555555556
4510,45.68888888888889,32.88888888888889
4511,140.98666666666668,31.11111111111111
4512,48.25333333333333,29.777777777777775
4513,115.28444444444445,32.88888888888889
4514,90.36444444444444,37.333333333333336
4515,86.32444444444444,36.44444444444444
4516,49.24,32
4517,74.29333333333334,28.888888888888886
4518,47.37777777777778,32.44444444444444
4519,116.2311111111111,34.66666666666667
4520,89.04444444444445,29.333333333333332
4521,185.95111111111112,34.22222222222222
4522,86.27111111111111,26.222222222222225
4523,136.95111111111112,29.333333333333332
4524,35.87111111111111,38.666666666666664
4525,81.68888888888888,31.555555555555554
4526,46.19555555555556,30.666666666666664
4527,85.24888888888889,33.33333333333333
4528,87.8,34.22222222222222
4529,45.702222222222225,36
4530,113.89777777777778,36
4531,131.26666666666668,25.77777777777778
4532,116.09333333333333,24.88888888888889
4533,118.33333333333333,32.88888888888889
4534,45.87555555555556,34.22222222222222
4535,111.05333333333333,32.44444444444444
4536,47.24888888888889,32.44444444444444
4537,41.2,33.77777777777778
4538,43.16,32
4539,60.00888888888889,32.44444444444444
4540,115.66666666666667,33.77777777777778
4541,49.275555555555556,32
4542,44.568888888888885,33.77777777777778
4543,53.91555555555556,35.55555555555556
4544,113.89777777777778,33.77777777777778
4545,42.42666666666667,33.77777777777778
4546,46.23111111111111,28.444444444444443
4547,39.23555555555556,39.55555555555556
4548,114.06666666666666,32.88888888888889
4549,44.257777777777775,31.555555555555554
4550,57.724444444444444,31.11111111111111
4551,77.70666666666666,28.888888888888886
4552,45.36,35.11111111111111
4553,39.99111111111111,28.444444444444443
4554,46.977777777777774,29.777777777777775
4555,48.373333333333335,35.55555555555556
4556,84.26666666666667,28.444444444444443
4557,40,33.33333333333333
4558,83.91555555555556,31.555555555555554
4559,82.04888888888888,33.33333333333333
4560,138.1288888888889,32
4561,81.20444444444445,36
4562,82.63555555555556,35.55555555555556
4563,124.71555555555555,27.111111111111114
4564,147.5822222222222,32.88888888888889
4565,46.30222222222222,37.333333333333336
4566,57.36888888888889,33.77777777777778
4567,74.56888888888889,36
4568,114.79555555555555,31.11111111111111
4569,52.275555555555556,32.44444444444444
4570,47.46222222222222,29.777777777777775
4571,77.7911111111111,32
4572,82.91555555555556,32.44444444444444
4573,41.53333333333333,35.11111111111111
4574,76.98666666666666,33.33333333333333
4575,121.06222222222222,32
4576,126.80888888888889,35.55555555555556
4577,89.78666666666666,28.888888888888886
4578,50.71111111111111,35.11111111111111
4579,44.80888888888889,33.33333333333333
4580,85.64,29.333333333333332
4581,46.595555555555556,29.333333333333332
4582,88.15555555555555,39.111111111111114
4583,112.71111111111111,32
4584,40.56444444444445,30.666666666666664
4585,46.39111111111111,32.88888888888889
4586,56.91111111111111,30.666666666666664
4587,110.34222222222222,31.555555555555554
4588,150.9911111111111,25.333333333333336
4589,87.68888888888888,35.11111111111111
4590,87.14222222222222,25.333333333333336
4591,51.05777777777778,28.444444444444443
4592,117.60444444444444,29.777777777777775
4593,41.85333333333333,28.444444444444443
4594,162.8711111111111,29.777777777777775
4595,88.56888888888889,30.666666666666664
4596,46.76888888888889,32.88888888888889
4597,83.29333333333334,27.555555555555557
4598,40.102222222222224,31.555555555555554
4599,82.35555555555555,29.333333333333332
4600,87.52444444444444,33.33333333333333
4601,183.62666666666667,30.22222222222222
4602,48.12444444444444,33.77777777777778
4603,55.364444444444445,31.11111111111111
4604,113.24,27.555555555555557
4605,51.88444444444445,31.555555555555554
4606,45.76,36
4607,112.04,27.555555555555557
4608,44.09777777777778,35.11111111111111
4609,123.36444444444444,36.888888888888886
4610,84.96,28.000000000000004
4611,184.44,30.22222222222222
4612,86.80444444444444,34.22222222222222
4613,47.32,32
4614,72.48444444444445,27.555555555555557
4615,109.99555555555555,31.11111111111111
4616,122.6,36
4617,153.56,34.22222222222222
4618,100.03555555555556,29.777777777777775
4619,47.27111111111111,34.22222222222222
4620,65.09333333333333,30.666666666666664
4621,74.72888888888889,32
4622,46.004444444444445,34.22222222222222
4623,47.324444444444445,27.111111111111114
4624,47.60444444444445,31.11111111111111
4625,117.96,31.555555555555554
4626,104.81777777777778,35.55555555555556
4627,62.07555555555555,30.22222222222222
4628,154.51555555555555,32
4629,77.24,34.22222222222222
4630,90.56888888888889,34.66666666666667
4631,57.715555555555554,27.111111111111114
4632,109.14666666666666,32.44444444444444
4633,112.91111111111111,27.111111111111114
4634,118.08,38.22222222222222
4635,91.11555555555556,35.55555555555556
4636,122.44444444444444,36.44444444444444
4637,55.08888888888889,30.666666666666664
4638,77.02666666666667,33.77777777777778
4639,154.17333333333335,30.666666666666664
4640,82.80444444444444,28.000000000000004
4641,48.32,28.888888888888886
4642,161.46666666666667,31.555555555555554
4643,78.84,32.44444444444444
4644,71.48,38.666666666666664
4645,120.62666666666667,28.888888888888886
4646,154.46666666666667,32.88888888888889
4647,117.11111111111111,29.333333333333332
4648,82.71111111111111,32.88888888888889
4649,46.67111111111111,32.88888888888889
4650,123.52,28.888888888888886
4651,104.98666666666666,34.22222222222222
4652,61.61333333333334,33.77777777777778
4653,53.684444444444445,35.11111111111111
4654,83.88444444444444,32.44444444444444
4655,84.61777777777777,32.44444444444444
4656,50.28,32.44444444444444
4657,69.67111111111112,29.777777777777775
4658,92.39555555555556,31.555555555555554
4659,46.95111111111111,28.444444444444443
4660,88.69777777777777,32.88888888888889
4661,116.50666666666666,33.33333333333333
4662,115.51555555555555,36.888888888888886
4663,71.34222222222222,39.111111111111114
4664,118.76,37.333333333333336
4665,82.43111111111111,29.333333333333332
4666,47.39555555555555,29.777777777777775
4667,82.57777777777778,25.333333333333336
4668,49.99111111111111,31.11111111111111
4669,79.6,35.11111111111111
4670,43.90222222222222,29.777777777777775
4671,53.74666666666667,34.66666666666667
4672,38.81333333333333,26.222222222222225
4673,77.72888888888889,27.555555555555557
4674,43.92,32.88888888888889
4675,47.16,35.11111111111111
4676,77.94666666666667,31.555555555555554
4677,51.76888888888889,33.77777777777778
4678,109.67555555555556,32.88888888888889
4679,49.217777777777776,35.11111111111111
4680,88.4888888888889,28.000000000000004
4681,37.39111111111111,31.11111111111111
4682,52.46222222222222,34.66666666666667
4683,42.724444444444444,33.77777777777778
4684,48.44,39.111111111111114
4685,185.37333333333333,30.666666666666664
4686,127.85777777777778,26.222222222222225
4687,132.19555555555556,32
4688,43.24888888888889,36
4689,54.17333333333333,30.22222222222222
4690,48.00888888888889,31.555555555555554
4691,71.95111111111112,31.11111111111111
4692,49.12444444444444,34.22222222222222
4693,45.12888888888889,32
4694,117.64,37.77777777777778
4695,113.55111111111111,25.77777777777778
4696,48.90222222222222,32.44444444444444
4697,57.035555555555554,32.88888888888889
4698,42.79555555555555,26.666666666666668
4699,74.39111111111112,38.22222222222222
4700,46.46666666666667,31.555555555555554
4701,149.12,32.44444444444444
4702,109.75555555555556,32.88888888888889
4703,87.64888888888889,28.444444444444443
4704,78.44444444444444,30.22222222222222
4705,79.00444444444445,35.55555555555556
4706,53.44,27.555555555555557
4707,44.71111111111111,34.22222222222222
4708,112.98666666666666,30.666666666666664
4709,120.34222222222222,24
4710,62.995555555555555,32.88888888888889
4711,50.32,31.11111111111111
4712,78.03555555555556,30.666666666666664
4713,115.93333333333334,30.666666666666664
4714,87.40444444444445,29.333333333333332
4715,86.96444444444444,30.666666666666664
4716,42.275555555555556,33.77777777777778
4717,141.66666666666666,30.666666666666664
4718,86.92,30.666666666666664
4719,77.74222222222222,35.11111111111111
4720,47.48,32.44444444444444
4721,145.81333333333333,36.888888888888886
4722,78.46222222222222,32.88888888888889
4723,52.275555555555556,28.888888888888886
4724,43.297777777777775,32
4725,47.946666666666665,28.000000000000004
4726,45.84888888888889,31.555555555555554
4727,74.88888888888889,32.88888888888889
4728,85.11111111111111,30.22222222222222
4729,52.91111111111111,32
4730,75.26222222222222,34.66666666666667
4731,76.92,37.77777777777778
4732,47.577777777777776,30.22222222222222
4733,36.72888888888889,36.888888888888886
4734,84.83111111111111,30.22222222222222
4735,89.31111111111112,32.88888888888889
4736,50.44888888888889,32
4737,49.91555555555556,36
4738,53.44888888888889,29.333333333333332
4739,82.55555555555556,32.88888888888889
4740,153.31555555555556,28.888888888888886
4741,82.16,33.77777777777778
4742,77.39555555555556,29.777777777777775
4743,112.55111111111111,28.444444444444443
4744,80.80888888888889,32.44444444444444
4745,151.50222222222223,30.666666666666664
4746,86.55111111111111,32
4747,83.53777777777778,32
4748,74.26666666666667,32.88888888888889
4749,79.7911111111111,30.666666666666664
4750,48,36.44444444444444
4751,120.8,35.55555555555556
4752,119.1288888888889,32.88888888888889
4753,79.65333333333334,34.66666666666667
4754,81.84444444444445,32
4755,43.05777777777778,25.333333333333336
4756,108.54222222222222,28.888888888888886
4757,43.91555555555556,31.11111111111111
4758,115.13777777777777,29.777777777777775
4759,75.8488888888889,28.444444444444443
4760,70.61333333333333,32.88888888888889
4761,86.47111111111111,32.44444444444444
4762,49.973333333333336,28.888888888888886
4763,40.31111111111111,38.22222222222222
4764,104.78666666666666,37.333333333333336
4765,85.11555555555556,34.22222222222222
4766,76.97333333333333,30.666666666666664
4767,79.72888888888889,31.555555555555554
4768,78.33777777777777,36.888888888888886
4769,47.64888888888889,38.666666666666664
4770,116.55111111111111,32.44444444444444
4771,50.2,33.77777777777778
4772,74.8488888888889,24.88888888888889
4773,83.4088888888889,34.22222222222222
4774,77.85333333333334,34.22222222222222
4775,142.79111111111112,33.77777777777778
4776,49.24888888888889,30.22222222222222
4777,96.24444444444444,34.22222222222222
4778,87.01777777777778,28.888888888888886
4779,92.02666666666667,32.44444444444444
4780,60.28888888888889,27.111111111111114
4781,86.82666666666667,28.000000000000004
4782,45.16444444444444,32
4783,56.4,34.22222222222222
4784,47.986666666666665,29.333333333333332
4785,92.62666666666667,34.22222222222222
4786,87.67555555555556,36.44444444444444
4787,121.12444444444445,33.33333333333333
4788,84.99111111111111,28.000000000000004
4789,47.34222222222222,31.11111111111111
4790,50.062222222222225,32.44444444444444
4791,46.52444444444444,34.66666666666667
4792,145.32888888888888,29.333333333333332
4793,78.36,29.777777777777775
4794,76.81333333333333,26.222222222222225
4795,82.4,26.666666666666668
4796,60.23111111111111,32
4797,46.92,32
4798,149.50666666666666,32
4799,79.80444444444444,32.44444444444444
4800,111.96,35.11111111111111
4801,49.062222222222225,37.333333333333336
4802,37.57333333333333,33.33333333333333
4803,84.98666666666666,31.11111111111111
4804,88.06666666666666,32.44444444444444
4805,54.004444444444445,31.11111111111111
4806,87.71111111111111,32
4807,80.71111111111111,32.44444444444444
4808,45.45777777777778,36
4809,180.4488888888889,34.66666666666667
4810,81.36,35.55555555555556
4811,117.56888888888889,28.888888888888886
4812,43.04888888888889,30.22222222222222
4813,114.26666666666667,34.66666666666667
4814,89.52444444444444,30.22222222222222
4815,48.46666666666667,33.33333333333333
4816,76.39555555555556,31.11111111111111
4817,82.68888888888888,31.555555555555554
4818,76.82222222222222,35.11111111111111
4819,40.18666666666667,28.888888888888886
4820,79.99111111111111,37.333333333333336
4821,88.43111111111111,35.11111111111111
4822,111.88888888888889,29.333333333333332
4823,86.4888888888889,38.22222222222222
4824,44.702222222222225,37.77777777777778
4825,50.81777777777778,33.77777777777778
4826,144.3111111111111,33.77777777777778
4827,41.22666666666667,28.000000000000004
4828,79.83555555555556,30.22222222222222
4829,47.82666666666667,35.55555555555556
4830,49.666666666666664,27.555555555555557
4831,89.06222222222222,29.333333333333332
4832,82.70222222222222,32.88888888888889
4833,77.26222222222222,24.444444444444443
4834,83.65333333333334,37.333333333333336
4835,114.96,32.88888888888889
4836,47.568888888888885,32.44444444444444
4837,52.16,34.22222222222222
4838,85.81333333333333,28.444444444444443
4839,79.08888888888889,31.11111111111111
4840,109.74666666666667,34.22222222222222
4841,152.2488888888889,30.666666666666664
4842,48.13777777777778,33.33333333333333
4843,78.31555555555556,30.666666666666664
4844,113.8488888888889,30.666666666666664
4845,34.76,36.44444444444444
4846,122.88888888888889,32.44444444444444
4847,83.6,26.222222222222225
4848,125.35555555555555,29.777777777777775
4849,114.31555555555556,28.888888888888886
4850,48.93333333333333,32.44444444444444
4851,82.05333333333333,32.88888888888889
4852,41.995555555555555,30.22222222222222
4853,72.75111111111111,33.33333333333333
4854,82.73333333333333,31.11111111111111
4855,72.58666666666667,31.555555555555554
4856,77.28444444444445,38.22222222222222
4857,76.55111111111111,29.333333333333332
4858,50.2,30.22222222222222
4859,75.50222222222222,28.000000000000004
4860,117.59555555555555,28.444444444444443
4861,118.6,28.000000000000004
4862,73.75555555555556,26.666666666666668
4863,86.85333333333334,29.777777777777775
4864,49.06666666666667,28.444444444444443
4865,108.8488888888889,28.888888888888886
4866,83.92444444444445,30.666666666666664
4867,86.96444444444444,34.22222222222222
4868,75.33333333333333,34.66666666666667
4869,45.45777777777778,34.66666666666667
4870,123.01777777777778,31.11111111111111
4871,45.422222222222224,31.555555555555554
4872,47.284444444444446,30.22222222222222
4873,46.36,27.111111111111114
4874,84.26666666666667,40
4875,57.973333333333336,38.22222222222222
4876,58.24888888888889,32.44444444444444
4877,51.28888888888889,29.333333333333332
4878,83.28888888888889,28.000000000000004
4879,88.07555555555555,27.555555555555557
4880,79.56888888888889,34.22222222222222
4881,109.92,30.22222222222222
4882,88.68,28.444444444444443
4883,85.36444444444444,33.33333333333333
4884,49.51111111111111,35.11111111111111
4885,74.97333333333333,31.11111111111111
4886,80.56444444444445,30.22222222222222
4887,90.60888888888888,31.555555555555554
4888,35.8,27.555555555555557
4889,82.72888888888889,32.44444444444444
4890,161.93777777777777,33.77777777777778
4891,57.333333333333336,26.666666666666668
4892,53.85777777777778,27.111111111111114
4893,81.33333333333333,37.333333333333336
4894,141.87555555555556,28.444444444444443
4895,84.42222222222222,30.22222222222222
4896,76.38666666666667,34.66666666666667
4897,49.92,35.11111111111111
4898,86.74222222222222,30.666666666666664
4899,43.13333333333333,30.666666666666664
4900,45.98222222222222,29.777777777777775
4901,84.08,26.666666666666668
4902,72.60888888888888,30.666666666666664
4903,51.44888888888889,36
4904,96.56,30.666666666666664
4905,43.23555555555556,29.333333333333332
4906,112.91111111111111,29.777777777777775
4907,88.94666666666667,29.777777777777775
4908,52.05777777777778,28.000000000000004
4909,42.60888888888889,29.333333333333332
4910,111.00444444444445,32.88888888888889
4911,116.77333333333333,28.888888888888886
4912,43.61333333333334,31.555555555555554
4913,83.96444444444444,32.88888888888889
4914,46.49333333333333,37.333333333333336
4915,43.65777777777778,32.88888888888889
4916,60.888888888888886,31.11111111111111
4917,84.77333333333333,33.77777777777778
4918,54.51555555555556,34.66666666666667
4919,82.22666666666667,28.444444444444443
4920,44.53777777777778,32.44444444444444
4921,43.937777777777775,34.66666666666667
4922,55.39111111111111,38.22222222222222
4923,73.17777777777778,31.555555555555554
4924,87.79555555555555,31.11111111111111
4925,77.7688888888889,28.888888888888886
4926,42.964444444444446,35.11111111111111
4927,79.55555555555556,29.333333333333332
4928,84.61777777777777,30.22222222222222
4929,49.004444444444445,25.77777777777778
4930,80.28,32.88888888888889
4931,81.09777777777778,35.55555555555556
4932,49.84,30.666666666666664
4933,73.46666666666667,32.88888888888889
4934,54.13777777777778,27.555555555555557
4935,53.986666666666665,27.555555555555557
4936,85.88888888888889,23.11111111111111
4937,42.76444444444444,36
4938,82.42222222222222,28.444444444444443
4939,113.29777777777778,29.333333333333332
4940,87.7688888888889,33.77777777777778
4941,47.964444444444446,36.44444444444444
4942,49.12444444444444,24.444444444444443
4943,52.07111111111111,32
4944,85.98666666666666,33.33333333333333
4945,74.14666666666666,38.22222222222222
4946,59.60888888888889,27.111111111111114
4947,45.95111111111111,28.000000000000004
4948,84.13777777777777,31.11111111111111
4949,52.92,30.666666666666664
4950,79.78666666666666,31.11111111111111
4951,91.49777777777778,31.555555555555554
4952,82.20444444444445,34.22222222222222
4953,77.67111111111112,30.666666666666664
4954,177.90666666666667,31.11111111111111
4955,44.333333333333336,36.888888888888886
4956,59.026666666666664,36
4957,48.31111111111111,29.333333333333332
4958,52.297777777777775,31.11111111111111
4959,76.66666666666667,36
4960,85.74666666666667,30.666666666666664
4961,53.35111111111111,27.555555555555557
4962,47.333333333333336,30.666666666666664
4963,120.37777777777778,32.44444444444444
4964,83.43111111111111,36
4965,39.88444444444445,30.22222222222222
4966,95.2,34.22222222222222
4967,89.13777777777777,30.22222222222222
4968,79.08,32.44444444444444
4969,118.00888888888889,32
4970,79.8,30.666666666666664
4971,75.56888888888889,34.22222222222222
4972,87.82222222222222,32.88888888888889
4973,87.84,30.22222222222222
4974,75.68,31.11111111111111
4975,53.364444444444445,26.666666666666668
4976,52.022222222222226,29.333333333333332
4977,77.95555555555555,33.77777777777778
4978,91.84444444444445,28.000000000000004
4979,117.98222222222222,32.88888888888889
4980,81.74222222222222,31.555555555555554
4981,54.46666666666667,32
4982,56.72,37.333333333333336
4983,38.595555555555556,32
4984,52.80888888888889,34.66666666666667
4985,81.42666666666666,30.22222222222222
4986,49.52444444444444,28.000000000000004
4987,58.23111111111111,26.666666666666668
4988,65.05777777777777,20.444444444444446
4989,95.8488888888889,32
4990,36.79555555555555,34.22222222222222
4991,53.53777777777778,28.444444444444443
4992,47.86666666666667,32.88888888888889
4993,153.62222222222223,30.666666666666664
4994,87.85333333333334,34.66666666666667
4995,85.60444444444444,36.44444444444444
4996,113.44,31.11111111111111
4997,44.24444444444445,26.222222222222225
4998,81.30666666666667,27.111111111111114
4999,75.65777777777778,33.33333333333333
5000,76.89777777777778,32.44444444444444
5001,83.2,32.88888888888889
5002,50.026666666666664,34.22222222222222
5003,116.19555555555556,35.55555555555556
5004,39.60444444444445,32.44444444444444
5005,48.044444444444444,35.11111111111111
5006,60.87111111111111,36.888888888888886
5007,153.20444444444445,34.22222222222222
5008,45.275555555555556,29.777777777777775
5009,110.54222222222222,35.11111111111111
5010,71.59555555555555,35.11111111111111
5011,81.98222222222222,31.555555555555554
5012,82.31111111111112,33.77777777777778
5013,73.96444444444444,36.44444444444444
5014,82.76,35.11111111111111
5015,114.46666666666667,31.11111111111111
5016,154.49777777777777,30.22222222222222
5017,179.51555555555555,35.55555555555556
5018,114.32888888888888,35.55555555555556
5019,43.78666666666667,31.555555555555554
5020,46.18666666666667,22.666666666666664
5021,50.66222222222222,35.11111111111111
5022,87.34666666666666,36
5023,47.355555555555554,37.333333333333336
5024,114.41333333333333,30.22222222222222
5025,76.27555555555556,28.888888888888886
5026,40.315555555555555,27.555555555555557
5027,119.75555555555556,31.555555555555554
5028,80.37333333333333,29.333333333333332
5029,88.11111111111111,32.44444444444444
5030,78.97777777777777,34.66666666666667
5031,43.635555555555555,32
5032,84.02222222222223,34.22222222222222
5033,45.31111111111111,28.444444444444443
5034,92.25333333333333,34.22222222222222
5035,83.62666666666667,32.44444444444444
5036,36,24
5037,124.49333333333334,35.11111111111111
5038,113.92,37.333333333333336
5039,42.73777777777778,29.777777777777775
5040,49.471111111111114,28.444444444444443
5041,40.99111111111111,31.555555555555554
5042,78.37777777777778,31.555555555555554
5043,77.30666666666667,29.777777777777775
5044,54.19555555555556,26.666666666666668
5045,51.80444444444444,31.555555555555554
5046,124.44444444444444,34.66666666666667
5047,53.91111111111111,26.666666666666668
5048,48.68888888888889,28.444444444444443
5049,46.24888888888889,33.33333333333333
5050,81.1288888888889,28.888888888888886
5051,38.906666666666666,33.33333333333333
5052,77.07111111111111,30.22222222222222
5053,146.05777777777777,28.444444444444443
5054,110.98222222222222,30.22222222222222
5055,119.64888888888889,30.666666666666664
5056,50.81777777777778,38.22222222222222
5057,119,27.111111111111114
5058,44.568888888888885,27.555555555555557
5059,72.36888888888889,33.77777777777778
5060,41.29333333333334,28.888888888888886
5061,78.95555555555555,30.22222222222222
5062,94.90222222222222,28.888888888888886
5063,122.92888888888889,26.222222222222225
5064,45.30222222222222,35.11111111111111
5065,86.75555555555556,32.88888888888889
5066,85.16444444444444,28.888888888888886
5067,86.81333333333333,31.555555555555554
5068,47.16444444444444,33.77777777777778
5069,52.964444444444446,31.11111111111111
5070,54.25333333333333,26.222222222222225
5071,76.2,30.22222222222222
5072,47.217777777777776,32
5073,117.88444444444444,36.888888888888886
5074,44.69777777777778,29.333333333333332
5075,44.23111111111111,32.88888888888889
5076,44.21333333333333,32.44444444444444
5077,117.44444444444444,33.33333333333333
5078,44.217777777777776,31.11111111111111
5079,80.49333333333334,30.666666666666664
5080,84.13333333333334,34.66666666666667
5081,54.013333333333335,31.11111111111111
5082,115.21333333333334,32.88888888888889
5083,45.67111111111111,33.77777777777778
5084,79.38222222222223,32.44444444444444
5085,82.69333333333333,27.111111111111114
5086,106.15555555555555,30.666666666666664
5087,112.45333333333333,27.111111111111114
5088,50.24,25.77777777777778
5089,52.38666666666666,31.11111111111111
5090,85.75111111111111,28.444444444444443
5091,85.28,30.666666666666664
5092,51.70666666666666,30.666666666666664
5093,42.702222222222225,32.44444444444444
5094,45.431111111111115,33.77777777777778
5095,83.15555555555555,30.22222222222222
5096,52.42666666666667,22.666666666666664
5097,88.02222222222223,30.666666666666664
5098,110.85333333333334,33.77777777777778
5099,46.44888888888889,36.44444444444444
5100,151.87555555555556,35.55555555555556
5101,123.90666666666667,32.88888888888889
5102,91.31111111111112,33.77777777777778
5103,152.68444444444444,35.11111111111111
5104,112.90222222222222,38.22222222222222
5105,114.39111111111112,29.333333333333332
5106,223.82666666666665,28.444444444444443
5107,81.2311111111111,29.777777777777775
5108,80.21333333333334,34.66666666666667
5109,84.98222222222222,33.77777777777778
5110,34.577777777777776,36.888888888888886
5111,82.50666666666666,32
5112,45.64888888888889,28.888888888888886
5113,75.04,34.22222222222222
5114,46.73777777777778,32.44444444444444
5115,52.053333333333335,32.88888888888889
5116,113.24888888888889,31.11111111111111
5117,79.26666666666667,39.55555555555556
5118,118.32,31.555555555555554
5119,114.03111111111112,34.22222222222222
5120,55.45777777777778,31.555555555555554
5121,81.11111111111111,30.666666666666664
5122,117.28888888888889,30.666666666666664
5123,46.08,29.777777777777775
5124,52.35111111111111,29.333333333333332
5125,48.12444444444444,28.888888888888886
5126,89.12,31.11111111111111
5127,158.28,31.555555555555554
5128,44.18222222222222,33.77777777777778
5129,109.56444444444445,32.44444444444444
5130,117.05777777777777,29.333333333333332
5131,54.8,30.666666666666664
5132,49.946666666666665,34.22222222222222
5133,185.78222222222223,31.11111111111111
5134,135.64888888888888,25.77777777777778
5135,51.76888888888889,31.555555555555554
5136,83.08888888888889,28.000000000000004
5137,123.28,34.22222222222222
5138,116.1511111111111,35.55555555555556
5139,51.92,27.111111111111114
5140,82.56444444444445,36
5141,36.19555555555556,28.444444444444443
5142,46.33777777777778,30.666666666666664
5143,77.04444444444445,32.88888888888889
5144,87.50666666666666,37.77777777777778
5145,110.00444444444445,37.77777777777778
5146,46.324444444444445,31.555555555555554
5147,118.19555555555556,33.33333333333333
5148,47.35111111111111,30.22222222222222
5149,75.88444444444444,29.777777777777775
5150,155.4177777777778,24.444444444444443
5151,193.74666666666667,36.888888888888886
5152,39.324444444444445,30.22222222222222
5153,89.11555555555556,33.77777777777778
5154,83.4888888888889,29.777777777777775
5155,43.14222222222222,35.55555555555556
5156,44.91555555555556,31.555555555555554
5157,120.7911111111111,32.88888888888889
5158,41.24,26.222222222222225
5159,48.01777777777778,33.77777777777778
5160,45.266666666666666,25.77777777777778
5161,46.82222222222222,35.55555555555556
5162,57.4,32.88888888888889
5163,46.91555555555556,29.777777777777775
5164,56.37777777777778,27.111111111111114
5165,97.47555555555556,31.11111111111111
5166,152.33777777777777,35.11111111111111
5167,119.11111111111111,27.111111111111114
5168,90.8488888888889,31.555555555555554
5169,51.81777777777778,39.55555555555556
5170,47.55111111111111,33.33333333333333
5171,88.99111111111111,33.77777777777778
5172,80.97333333333333,29.777777777777775
5173,179.72444444444446,31.11111111111111
5174,52.733333333333334,31.11111111111111
5175,89.33333333333333,30.22222222222222
5176,117.82222222222222,35.55555555555556
5177,83.66222222222223,32.88888888888889
5178,44.23555555555556,32
5179,87.14222222222222,28.444444444444443
5180,187.6,30.666666666666664
5181,49.79555555555555,32.44444444444444
5182,40.52444444444444,34.22222222222222
5183,119.6,36
5184,88.94222222222223,33.77777777777778
5185,40.471111111111114,28.888888888888886
5186,119.81777777777778,37.333333333333336
5187,44.644444444444446,29.333333333333332
5188,76.1288888888889,34.22222222222222
5189,49.333333333333336,36.44444444444444
5190,79.20444444444445,30.666666666666664
5191,47.69777777777778,31.11111111111111
5192,116.53333333333333,33.33333333333333
5193,109.47111111111111,31.555555555555554
5194,81.82666666666667,32
5195,42.83555555555556,25.77777777777778
5196,53.266666666666666,32.88888888888889
5197,52.46222222222222,26.666666666666668
5198,78.55555555555556,37.333333333333336
5199,48.48,28.000000000000004
5200,54.46666666666667,31.11111111111111
5201,102.32888888888888,32.44444444444444
5202,143.70666666666668,34.66666666666667
5203,50.062222222222225,30.666666666666664
5204,82.35555555555555,33.77777777777778
5205,91.09777777777778,28.000000000000004
5206,56.82222222222222,28.444444444444443
5207,109.14666666666666,30.666666666666664
5208,81.21333333333334,29.333333333333332
5209,78.05777777777777,29.333333333333332
5210,74.13777777777777,35.11111111111111
5211,86,28.000000000000004
5212,53.48444444444444,28.000000000000004
5213,78.68444444444444,36.888888888888886
5214,46.73777777777778,32.44444444444444
5215,58.96888888888889,30.666666666666664
5216,119.80444444444444,32.44444444444444
5217,83.05333333333333,31.555555555555554
5218,82.30222222222223,32
5219,55.21333333333333,36
5220,115.37777777777778,36.888888888888886
5221,111.00888888888889,32.44444444444444
5222,82.64888888888889,26.666666666666668
5223,50.12,32.88888888888889
5224,112.36888888888889,32
5225,162.0222222222222,30.22222222222222
5226,91.19555555555556,33.77777777777778
5227,90.31111111111112,29.777777777777775
5228,49.76444444444444,32
5229,49.74666666666667,29.777777777777775
5230,83.69777777777777,29.777777777777775
5231,85.32888888888888,30.22222222222222
5232,47.46666666666667,27.111111111111114
5233,50.32,30.666666666666664
5234,128.6,35.55555555555556
5235,57.91111111111111,34.22222222222222
5236,115.43111111111111,32
5237,48.20444444444445,36.44444444444444
5238,46.50222222222222,31.11111111111111
5239,148.46666666666667,32.44444444444444
5240,112.27111111111111,35.11111111111111
5241,76.98666666666666,33.77777777777778
5242,44.51555555555556,34.22222222222222
5243,50.44444444444444,30.22222222222222
5244,42.297777777777775,35.11111111111111
5245,51.986666666666665,31.555555555555554
5246,77.95111111111112,27.555555555555557
5247,52.13333333333333,33.77777777777778
5248,114.42222222222222,24.444444444444443
5249,46.053333333333335,30.666666666666664
5250,42.724444444444444,32.88888888888889
5251,87.24,33.77777777777778
5252,84.19111111111111,31.555555555555554
5253,81.72,30.22222222222222
5254,49.07111111111111,35.55555555555556
5255,54.897777777777776,29.333333333333332
5256,42.12444444444444,31.555555555555554
5257,51.90222222222222,26.222222222222225
5258,83.24444444444444,32
5259,84.30222222222223,26.222222222222225
5260,49.37777777777778,33.77777777777778
5261,81.84,28.444444444444443
5262,82.37333333333333,30.666666666666664
5263,85.8488888888889,32.88888888888889
5264,86.63555555555556,32.88888888888889
5265,79.96888888888888,33.77777777777778
5266,77.10222222222222,29.777777777777775
5267,108.39555555555556,31.11111111111111
5268,42.06666666666667,36.44444444444444
5269,75.41777777777777,33.77777777777778
5270,73.75111111111111,30.22222222222222
5271,51.53333333333333,34.66666666666667
5272,114.22222222222223,30.22222222222222
5273,81.73333333333333,37.333333333333336
5274,86.7688888888889,27.555555555555557
5275,146,30.22222222222222
5276,146.62222222222223,32.88888888888889
5277,92.31111111111112,27.555555555555557
5278,51.422222222222224,30.666666666666664
5279,50.96,31.555555555555554
5280,79.39111111111112,30.22222222222222
5281,83.45777777777778,30.22222222222222
5282,82.96444444444444,34.66666666666667
5283,41.13777777777778,31.555555555555554
5284,49.51111111111111,31.11111111111111
5285,129.08444444444444,33.33333333333333
5286,129.82666666666665,36.888888888888886
5287,46.897777777777776,31.555555555555554
5288,42.75555555555555,32
5289,84.42666666666666,32.44444444444444
5290,56.36,33.77777777777778
5291,61.973333333333336,32.88888888888889
5292,42.48888888888889,38.22222222222222
5293,47.57333333333333,26.666666666666668
5294,83.49777777777778,30.666666666666664
5295,79.95555555555555,35.55555555555556
5296,109.6,30.22222222222222
5297,119.72,30.22222222222222
5298,121.67111111111112,28.444444444444443
5299,145.29777777777778,32.44444444444444
5300,118.01333333333334,29.333333333333332
5301,90.74222222222222,35.55555555555556
5302,116.56888888888889,32.88888888888889
5303,52.60888888888889,36.888888888888886
5304,78.00444444444445,34.66666666666667
5305,49.85333333333333,29.777777777777775
5306,115.31555555555556,32.88888888888889
5307,111.89333333333333,30.22222222222222
5308,157.32888888888888,35.11111111111111
5309,37.39555555555555,32.44444444444444
5310,81.41777777777777,31.11111111111111
5311,119.92,35.55555555555556
5312,113.70222222222222,32.88888888888889
5313,36.13777777777778,33.33333333333333
5314,75.64,31.555555555555554
5315,153.64444444444445,34.66666666666667
5316,38.15555555555556,34.22222222222222
5317,114.2,29.333333333333332
5318,48.2,31.555555555555554
5319,101.8,34.22222222222222
5320,57.333333333333336,26.222222222222225
5321,82.38222222222223,32
5322,78.38666666666667,31.11111111111111
5323,75.83111111111111,30.666666666666664
5324,75.16,28.000000000000004
5325,85.46666666666667,30.666666666666664
5326,152.85777777777778,29.777777777777775
5327,72.65777777777778,31.555555555555554
5328,76.04,33.77777777777778
5329,51,33.77777777777778
5330,111.19111111111111,33.33333333333333
5331,83.44,32
5332,83.11555555555556,27.111111111111114
5333,153.56444444444443,34.22222222222222
5334,185.74666666666667,32.44444444444444
5335,44.906666666666666,34.66666666666667
5336,34.324444444444445,37.333333333333336
5337,150.77777777777777,40
5338,36.684444444444445,32.44444444444444
5339,43.47555555555556,33.33333333333333
5340,80.79555555555555,35.11111111111111
5341,90.99111111111111,32
5342,114.57333333333334,35.11111111111111
5343,115.6,28.444444444444443
5344,83.75555555555556,33.77777777777778
5345,49.47555555555556,31.11111111111111
5346,93.20444444444445,30.666666666666664
5347,58.946666666666665,32.88888888888889
5348,49.45333333333333,28.444444444444443
5349,73.90666666666667,31.11111111111111
5350,221.90222222222224,33.77777777777778
5351,89.64,34.22222222222222
5352,40.44888888888889,36.888888888888886
5353,51.04,34.66666666666667
5354,83.16,31.11111111111111
5355,62.52444444444444,34.66666666666667
5356,48.91555555555556,32
5357,49.955555555555556,31.11111111111111
5358,187.42666666666668,27.111111111111114
5359,56.04,30.22222222222222
5360,55.64,30.22222222222222
5361,86.95555555555555,34.22222222222222
5362,43.88,32.44444444444444
5363,79.4088888888889,37.77777777777778
5364,140.56444444444443,28.000000000000004
5365,191.04,34.66666666666667
5366,48.08888888888889,28.000000000000004
5367,83.48444444444445,31.11111111111111
5368,118.64,28.888888888888886
5369,73.73333333333333,25.77777777777778
5370,72.14666666666666,33.77777777777778
5371,72.72888888888889,35.11111111111111
5372,41.324444444444445,30.22222222222222
5373,88.89333333333333,25.77777777777778
5374,79.37333333333333,30.666666666666664
5375,79.19111111111111,30.22222222222222
5376,141.01333333333332,33.77777777777778
5377,50.39111111111111,28.444444444444443
5378,73.96888888888888,33.77777777777778
5379,87.82222222222222,33.33333333333333
5380,78.31555555555556,32.44444444444444
5381,82.22666666666667,34.22222222222222
5382,59,28.888888888888886
5383,72.52444444444444,35.11111111111111
5384,84.92444444444445,32.44444444444444
5385,41.76,33.33333333333333
5386,43.284444444444446,28.444444444444443
5387,86.61777777777777,30.666666666666664
5388,75.31555555555556,35.55555555555556
5389,51.34222222222222,32
5390,153.66666666666666,35.11111111111111
5391,47.346666666666664,36.44444444444444
5392,121.15555555555555,32.88888888888889
5393,131.34666666666666,27.555555555555557
5394,77.00444444444445,33.77777777777778
5395,113.49777777777778,37.77777777777778
5396,89.45333333333333,32.88888888888889
5397,55.24888888888889,35.55555555555556
5398,42.58222222222222,31.555555555555554
5399,48.2,36.44444444444444
5400,45.8,33.77777777777778
5401,49.32,29.777777777777775
5402,37.62222222222222,32
5403,80.32888888888888,32.44444444444444
5404,86.43111111111111,34.66666666666667
5405,142.88,27.111111111111114
5406,113.1288888888889,34.22222222222222
5407,47.675555555555555,29.333333333333332
5408,119.24888888888889,28.444444444444443
5409,81.71555555555555,32
5410,154.95111111111112,25.77777777777778
5411,50.306666666666665,35.55555555555556
5412,40.16444444444444,31.555555555555554
5413,112.47111111111111,33.33333333333333
5414,78.52888888888889,31.11111111111111
5415,79.90222222222222,34.66666666666667
5416,153.51555555555555,28.000000000000004
5417,80.96444444444444,42.22222222222222
5418,87.54666666666667,30.22222222222222
5419,75.32444444444444,31.555555555555554
5420,119.46666666666667,42.22222222222222
5421,104.22666666666667,29.333333333333332
5422,122.88888888888889,32
5423,83.17777777777778,30.666666666666664
5424,91.40444444444445,30.666666666666664
5425,149.82666666666665,25.333333333333336
5426,54.6,29.333333333333332
5427,87.64,29.333333333333332
5428,37.25333333333333,27.555555555555557
5429,116.96,27.555555555555557
5430,111.56888888888889,33.33333333333333
5431,84.01333333333334,31.11111111111111
5432,42.13777777777778,29.777777777777775
5433,43.644444444444446,28.444444444444443
5434,47.22222222222222,30.666666666666664
5435,112.54222222222222,31.11111111111111
5436,57.946666666666665,29.777777777777775
5437,148.48,24.444444444444443
5438,51.09777777777778,30.22222222222222
5439,117.69777777777777,29.333333333333332
5440,113.29333333333334,38.666666666666664
5441,76.8711111111111,36.888888888888886
5442,42.00888888888889,28.444444444444443
5443,107.95111111111112,30.22222222222222
5444,46.07111111111111,32.44444444444444
5445,117.18666666666667,35.11111111111111
5446,74.76444444444445,33.33333333333333
5447,108.18222222222222,31.555555555555554
5448,54.84,33.33333333333333
5449,45.60888888888889,32
5450,47.13777777777778,36
5451,115.28888888888889,31.11111111111111
5452,140.01777777777778,37.333333333333336
5453,77.37777777777778,29.333333333333332
5454,75.63555555555556,36
5455,109.72444444444444,28.444444444444443
5456,55.22666666666667,30.666666666666664
5457,50.75555555555555,31.11111111111111
5458,86.19111111111111,31.11111111111111
5459,94.99111111111111,36
5460,76.00444444444445,26.222222222222225
5461,73.76444444444445,38.666666666666664
5462,43.315555555555555,32.88888888888889
5463,75.02666666666667,40
5464,41.75555555555555,33.33333333333333
5465,50.13333333333333,32
5466,47.88444444444445,26.222222222222225
5467,78.52888888888889,27.111111111111114
5468,145.21333333333334,32
5469,79.31111111111112,30.22222222222222
5470,36.08,34.66666666666667
5471,44.08444444444444,30.22222222222222
5472,86.4,31.11111111111111
5473,82.60888888888888,37.77777777777778
5474,177.8,38.666666666666664
5475,80.59555555555555,29.777777777777775
5476,79.08444444444444,33.33333333333333
5477,84.60444444444444,31.11111111111111
5478,47.92444444444445,32.88888888888889
5479,51.32888888888889,28.444444444444443
5480,81.38666666666667,31.555555555555554
5481,82.19111111111111,27.555555555555557
5482,146.36,33.33333333333333
5483,217.4711111111111,34.66666666666667
5484,79.54666666666667,32.88888888888889
5485,46.266666666666666,26.222222222222225
5486,83.26666666666667,27.555555555555557
5487,78.5111111111111,29.777777777777775
5488,92.55111111111111,29.777777777777775
5489,184.02666666666667,34.22222222222222
5490,42.257777777777775,32.88888888888889
5491,43.715555555555554,34.22222222222222
5492,75.72,33.33333333333333
5493,112.53333333333333,32.44444444444444
5494,86.55555555555556,24
5495,107.03111111111112,31.555555555555554
5496,87.01777777777778,25.77777777777778
5497,123.91555555555556,33.77777777777778
5498,79.4088888888889,31.555555555555554
5499,86.82666666666667,29.777777777777775
5500,85.49333333333334,27.555555555555557
5501,81.80888888888889,34.22222222222222
5502,83.98222222222222,31.555555555555554
5503,81.01777777777778,33.77777777777778
5504,76.10666666666667,34.22222222222222
5505,52.888888888888886,30.666666666666664
5506,49.68,30.22222222222222
5507,81.17333333333333,27.555555555555557
5508,117.13777777777777,32
5509,47.70666666666666,38.666666666666664
5510,108.47111111111111,31.555555555555554
5511,79.19111111111111,32
5512,75.36888888888889,28.888888888888886
5513,111.44888888888889,33.77777777777778
5514,79.7911111111111,29.333333333333332
5515,47.91111111111111,30.666666666666664
5516,91.21777777777778,34.22222222222222
5517,85.43555555555555,37.333333333333336
5518,37.955555555555556,25.333333333333336
5519,42.05777777777778,40
5520,83.65333333333334,30.22222222222222
5521,82.2,32.88888888888889
5522,76.70222222222222,36.44444444444444
5523,125.29333333333334,30.22222222222222
5524,42.80444444444444,34.66666666666667
5525,42.44,29.333333333333332
5526,42.23555555555556,32
5527,46.422222222222224,30.22222222222222
5528,143.82666666666665,33.33333333333333
5529,89.16,29.777777777777775
5530,48.08888888888889,30.666666666666664
5531,81.95111111111112,36.888888888888886
5532,49.284444444444446,30.666666666666664
5533,85.99111111111111,34.22222222222222
5534,58.11555555555555,31.555555555555554
5535,87.25333333333333,30.666666666666664
5536,148.65777777777777,28.000000000000004
5537,122.27555555555556,24.88888888888889
5538,106.96444444444444,35.55555555555556
5539,123.35555555555555,28.444444444444443
5540,110.96444444444444,36.44444444444444
5541,125.06222222222222,36
5542,90.75555555555556,35.11111111111111
5543,78.68444444444444,34.22222222222222
5544,106.01333333333334,31.11111111111111
5545,109.86222222222223,36
5546,86.03555555555556,29.777777777777775
5547,82.31111111111112,27.555555555555557
5548,76.78222222222222,34.66666666666667
5549,41.89333333333333,33.77777777777778
5550,118.62666666666667,34.22222222222222
5551,54.32,32.88888888888889
5552,114.12,31.11111111111111
5553,49.6,31.11111111111111
5554,111.68888888888888,32.88888888888889
5555,48.528888888888886,29.333333333333332
5556,85.81777777777778,33.33333333333333
5557,151.95555555555555,32.88888888888889
5558,76.80888888888889,30.22222222222222
5559,76.52444444444444,33.33333333333333
5560,85.96888888888888,31.555555555555554
5561,89.81777777777778,30.22222222222222
5562,132.2,27.555555555555557
5563,42.85777777777778,30.666666666666664
5564,113.52888888888889,36.44444444444444
5565,51.355555555555554,28.444444444444443
5566,51.53777777777778,29.333333333333332
5567,157.68444444444444,34.66666666666667
5568,115.63111111111111,37.333333333333336
5569,44.79555555555555,31.11111111111111
5570,121.07555555555555,35.11111111111111
5571,59.95111111111111,29.777777777777775
5572,83.52888888888889,30.666666666666664
5573,89.58666666666667,30.22222222222222
5574,84.41333333333333,29.333333333333332
5575,154.36888888888888,34.66666666666667
5576,49.10666666666667,24.444444444444443
5577,52.18666666666667,30.666666666666664
5578,109.14666666666666,29.777777777777775
5579,82.8488888888889,33.77777777777778
5580,41.39555555555555,25.333333333333336
5581,85.02666666666667,35.11111111111111
5582,78.39111111111112,32.88888888888889
5583,47.4,32
5584,44.96,32.88888888888889
5585,87.93333333333334,28.000000000000004
5586,82.68888888888888,28.888888888888886
5587,108.07555555555555,28.888888888888886
5588,34.85777777777778,31.555555555555554
5589,153.41333333333333,29.777777777777775
5590,47.86666666666667,32.44444444444444
5591,77.40444444444445,33.77777777777778
5592,84.51555555555555,35.55555555555556
5593,212.66222222222223,29.777777777777775
5594,85.74222222222222,27.555555555555557
5595,42.85777777777778,34.22222222222222
5596,84.8488888888889,33.77777777777778
5597,88.58666666666667,30.22222222222222
5598,45.33777777777778,33.77777777777778
5599,124.41333333333333,39.111111111111114
5600,127.74222222222222,29.777777777777775
5601,95.71111111111111,31.11111111111111
5602,153.09777777777776,31.11111111111111
5603,49.48888888888889,30.22222222222222
5604,146.82666666666665,31.555555555555554
5605,48.80888888888889,30.666666666666664
5606,48.08444444444444,33.77777777777778
5607,44.46222222222222,30.666666666666664
5608,110.63111111111111,32.44444444444444
5609,80.32,33.77777777777778
5610,117.02222222222223,30.22222222222222
5611,49.635555555555555,33.77777777777778
5612,48.11555555555555,30.22222222222222
5613,114.60444444444444,28.888888888888886
5614,78.19555555555556,27.111111111111114
5615,46.48,32
5616,77.84444444444445,36.888888888888886
5617,126.34666666666666,33.33333333333333
5618,77.52888888888889,37.333333333333336
5619,79.80888888888889,32
5620,47.41777777777778,31.555555555555554
5621,38.71111111111111,30.22222222222222
5622,48.91111111111111,37.333333333333336
5623,82.28,29.777777777777775
5624,47.16444444444444,34.66666666666667
5625,76.51555555555555,27.111111111111114
5626,119.68888888888888,29.333333333333332
5627,50.87555555555556,29.777777777777775
5628,79.33777777777777,33.33333333333333
5629,41.208888888888886,31.555555555555554
5630,49.43555555555555,31.11111111111111
5631,83.5111111111111,35.11111111111111
5632,55.431111111111115,37.77777777777778
5633,57.30222222222222,34.22222222222222
5634,55.03111111111111,33.33333333333333
5635,147.73777777777778,28.444444444444443
5636,111.08444444444444,31.11111111111111
5637,53.17333333333333,34.22222222222222
5638,121.33333333333333,36.44444444444444
5639,77.1511111111111,30.22222222222222
5640,39.404444444444444,28.444444444444443
5641,41.84888888888889,34.22222222222222
5642,47.80444444444444,29.777777777777775
5643,82.57333333333334,32.88888888888889
5644,61.14666666666667,38.22222222222222
5645,89.2311111111111,30.22222222222222
5646,77.28444444444445,36
5647,49.32,31.555555555555554
5648,46.66222222222222,36.888888888888886
5649,72.26222222222222,29.333333333333332
5650,116.24888888888889,28.888888888888886
5651,74.8711111111111,34.66666666666667
5652,112.39555555555556,31.11111111111111
5653,42.86666666666667,31.11111111111111
5654,55.52444444444444,32
5655,64.78222222222222,28.000000000000004
5656,52.33777777777778,33.33333333333333
5657,178.8711111111111,29.777777777777775
5658,80.08888888888889,35.55555555555556
5659,46.63111111111111,32.88888888888889
5660,46.413333333333334,35.55555555555556
5661,46.635555555555555,29.777777777777775
5662,124.94666666666667,35.11111111111111
5663,79.97333333333333,30.666666666666664
5664,76.42666666666666,29.777777777777775
5665,52.12888888888889,26.222222222222225
5666,73.52888888888889,30.666666666666664
5667,50.653333333333336,31.11111111111111
5668,119.54666666666667,33.77777777777778
5669,121.04888888888888,27.555555555555557
5670,113.39111111111112,34.22222222222222
5671,47.044444444444444,28.444444444444443
5672,112.16444444444444,36
5673,49.08444444444444,23.555555555555554
5674,87.32888888888888,35.11111111111111
5675,36.55555555555556,34.66666666666667
5676,44.86666666666667,29.777777777777775
5677,46.84,29.777777777777775
5678,78.63555555555556,36
5679,76.38222222222223,28.888888888888886
5680,49.635555555555555,32
5681,54.275555555555556,25.77777777777778
5682,40.44888888888889,30.22222222222222
5683,76.79555555555555,31.555555555555554
5684,84.16444444444444,36.888888888888886
5685,118.72,27.555555555555557
5686,42.19111111111111,27.555555555555557
5687,79.7911111111111,30.666666666666664
5688,81.42666666666666,32
5689,114.88,31.555555555555554
5690,50.013333333333335,32.88888888888889
5691,114.76,32.88888888888889
5692,49.01777777777778,37.77777777777778
5693,50.022222222222226,33.77777777777778
5694,45.61333333333334,29.777777777777775
5695,111.10666666666667,34.66666666666667
5696,54.68,31.11111111111111
5697,48.373333333333335,34.22222222222222
5698,79.45777777777778,39.111111111111114
5699,83.89333333333333,27.555555555555557
5700,113.45333333333333,33.33333333333333
5701,185.04444444444445,28.000000000000004
5702,116.06222222222222,27.555555555555557
5703,50.413333333333334,24.88888888888889
5704,50.28888888888889,32.44444444444444
5705,84.34666666666666,30.22222222222222
5706,86.14222222222222,35.11111111111111
5707,88.62222222222222,32
5708,75.06222222222222,34.22222222222222
5709,86.38666666666667,28.000000000000004
5710,84.2311111111111,24.444444444444443
5711,118.25333333333333,29.777777777777775
5712,50.10666666666667,27.555555555555557
5713,52.25333333333333,32.44444444444444
5714,94.94666666666667,32
5715,53.413333333333334,31.11111111111111
5716,83.25777777777778,37.333333333333336
5717,149.10222222222222,28.444444444444443
5718,51.52444444444444,28.444444444444443
5719,160.70666666666668,40
5720,45.63111111111111,34.22222222222222
5721,50.88444444444445,28.888888888888886
5722,121.68888888888888,33.33333333333333
5723,54.20444444444445,29.777777777777775
5724,84.45777777777778,28.888888888888886
5725,88.33333333333333,32
5726,79.4088888888889,33.33333333333333
5727,110.48,31.11111111111111
5728,88.7911111111111,26.222222222222225
5729,76.71555555555555,34.22222222222222
5730,109.27555555555556,30.666666666666664
5731,153.95111111111112,27.555555555555557
5732,149.05777777777777,30.22222222222222
5733,80.16444444444444,34.66666666666667
5734,118.28,32
5735,122.98222222222222,31.11111111111111
5736,127.26666666666667,36.44444444444444
5737,85.8488888888889,33.77777777777778
5738,57.51555555555556,25.333333333333336
5739,73.1511111111111,30.22222222222222
5740,76.28888888888889,34.66666666666667
5741,130.73777777777778,28.888888888888886
5742,49.062222222222225,31.555555555555554
5743,81.27111111111111,30.22222222222222
5744,53.17333333333333,29.333333333333332
5745,80.7688888888889,30.666666666666664
5746,40.55111111111111,29.333333333333332
5747,113.90666666666667,34.66666666666667
5748,54.10666666666667,34.66666666666667
5749,89.8488888888889,26.666666666666668
5750,77.72888888888889,27.555555555555557
5751,44.2,29.333333333333332
5752,48.52444444444444,32.88888888888889
5753,53.09777777777778,32.44444444444444
5754,47.82222222222222,29.777777777777775
5755,139.12444444444444,35.55555555555556
5756,146.37333333333333,33.77777777777778
5757,45.92444444444445,30.666666666666664
5758,150.15555555555557,28.444444444444443
5759,153.50666666666666,31.11111111111111
5760,51.266666666666666,26.666666666666668
5761,50.626666666666665,27.555555555555557
5762,47.06666666666667,32
5763,75.25777777777778,27.111111111111114
5764,50.586666666666666,29.777777777777775
5765,51.364444444444445,33.77777777777778
5766,85.58222222222223,30.22222222222222
5767,50.13777777777778,30.22222222222222
5768,153.77777777777777,33.77777777777778
5769,83.92,28.888888888888886
5770,76.37333333333333,30.666666666666664
5771,82.83555555555556,36
5772,51.01777777777778,34.22222222222222
5773,45.2,34.66666666666667
5774,51.76888888888889,31.555555555555554
5775,112.75555555555556,32
5776,86.7911111111111,29.333333333333332
5777,145.06666666666666,31.11111111111111
5778,81.30666666666667,35.55555555555556
5779,44.37777777777778,38.22222222222222
5780,149,34.22222222222222
5781,47.44,32
5782,49.53333333333333,29.777777777777775
5783,84.24,30.22222222222222
5784,82.98222222222222,33.33333333333333
5785,85.08,29.333333333333332
5786,118.69777777777777,25.77777777777778
5787,114.4888888888889,30.666666666666664
5788,86.65333333333334,35.11111111111111
5789,44.22666666666667,33.77777777777778
5790,48.76888888888889,32.44444444444444
5791,81.47111111111111,28.444444444444443
5792,69.01777777777778,36
5793,118.39555555555556,32
5794,108.78222222222222,32.44444444444444
5795,90.66222222222223,27.555555555555557
5796,76.66222222222223,29.777777777777775
5797,53.77777777777778,32.88888888888889
5798,53.28,26.666666666666668
5799,142.95111111111112,33.33333333333333
5800,37.973333333333336,31.555555555555554
5801,59.76888888888889,28.444444444444443
5802,115.60888888888888,25.333333333333336
5803,78.17333333333333,29.777777777777775
5804,118.40444444444445,33.77777777777778
5805,121.47555555555556,29.777777777777775
5806,82.54666666666667,31.11111111111111
5807,122.25333333333333,33.33333333333333
5808,151.58666666666667,38.22222222222222
5809,40.95111111111111,31.11111111111111
5810,49.955555555555556,28.000000000000004
5811,57.653333333333336,28.888888888888886
5812,112.36,34.22222222222222
5813,41.70666666666666,32
5814,48.49333333333333,28.444444444444443
5815,47.18222222222222,25.333333333333336
5816,88.32444444444444,34.66666666666667
5817,31.715555555555557,36
5818,151.1822222222222,31.555555555555554
5819,80.87555555555555,27.111111111111114
5820,99.63111111111111,33.77777777777778
5821,50.56444444444445,32.88888888888889
5822,115.77777777777777,30.22222222222222
5823,46.8,34.22222222222222
5824,87.11111111111111,29.333333333333332
5825,41.54222222222222,30.666666666666664
5826,87.44444444444444,34.66666666666667
5827,47.897777777777776,33.33333333333333
5828,47.52,30.22222222222222
5829,49.50666666666667,28.444444444444443
5830,49.29333333333334,35.55555555555556
5831,187.95111111111112,30.666666666666664
5832,59.96888888888889,30.22222222222222
5833,109.14666666666666,35.11111111111111
5834,45.99111111111111,36.44444444444444
5835,54.36,29.777777777777775
5836,45.87111111111111,35.11111111111111
5837,85.81777777777778,32.44444444444444
5838,60.004444444444445,32
5839,50.01777777777778,32.44444444444444
5840,86.16444444444444,30.22222222222222
5841,92.56444444444445,29.777777777777775
5842,106.49333333333334,36.888888888888886
5843,75.88444444444444,28.444444444444443
5844,150.03555555555556,30.666666666666664
5845,70.81333333333333,37.77777777777778
5846,43.73777777777778,36.44444444444444
5847,79.52444444444444,28.888888888888886
5848,43.284444444444446,34.22222222222222
5849,70.4888888888889,30.22222222222222
5850,80.25333333333333,33.33333333333333
5851,87.84,32
5852,39.653333333333336,27.111111111111114
5853,48.16,35.11111111111111
5854,46.346666666666664,32.44444444444444
5855,81.66666666666667,28.444444444444443
5856,77.37333333333333,36.44444444444444
5857,107.16888888888889,25.77777777777778
5858,54.644444444444446,34.66666666666667
5859,42.973333333333336,28.444444444444443
5860,59.64,31.11111111111111
5861,88.64444444444445,32.44444444444444
5862,85.29333333333334,29.777777777777775
5863,48.93333333333333,33.77777777777778
5864,53.413333333333334,33.33333333333333
5865,88.63555555555556,36.44444444444444
5866,52.626666666666665,30.666666666666664
5867,88.13333333333334,33.77777777777778
5868,75.37333333333333,25.77777777777778
5869,43.062222222222225,31.555555555555554
5870,85.64888888888889,29.333333333333332
5871,87.52888888888889,27.555555555555557
5872,51.08444444444444,33.77777777777778
5873,44.08,28.444444444444443
5874,95.1288888888889,32.44444444444444
5875,79.13777777777777,23.555555555555554
5876,112.24,32
5877,77.01777777777778,34.22222222222222
5878,112.53777777777778,33.33333333333333
5879,127.58666666666667,24.88888888888889
5880,89.09777777777778,30.22222222222222
5881,148.06222222222223,33.33333333333333
5882,78.71111111111111,31.555555555555554
5883,81.78666666666666,33.77777777777778
5884,52.77777777777778,27.555555555555557
5885,38.84444444444444,32
5886,47.44888888888889,32
5887,90.43555555555555,30.666666666666664
5888,71.57777777777778,30.22222222222222
5889,54.742222222222225,34.22222222222222
5890,82.64888888888889,38.22222222222222
5891,114.02666666666667,32
5892,119.84,34.66666666666667
5893,164.35555555555555,32.88888888888889
5894,89.21333333333334,32.88888888888889
5895,41.39555555555555,35.55555555555556
5896,183.40444444444444,28.444444444444443
5897,112.12,30.666666666666664
5898,86.06222222222222,34.22222222222222
5899,84.46666666666667,30.22222222222222
5900,48.306666666666665,28.444444444444443
5901,82.03111111111112,34.66666666666667
5902,118.35555555555555,30.22222222222222
5903,77.75555555555556,35.55555555555556
5904,74.74666666666667,34.66666666666667
5905,39.07555555555555,31.11111111111111
5906,44.99111111111111,37.333333333333336
5907,115.93333333333334,32
5908,116.64444444444445,32.88888888888889
5909,74.88,28.888888888888886
5910,83.68,30.666666666666664
5911,120.50222222222222,35.55555555555556
5912,118.41333333333333,28.444444444444443
5913,89.46222222222222,33.33333333333333
5914,52.528888888888886,30.22222222222222
5915,73.11111111111111,25.77777777777778
5916,78.38222222222223,35.11111111111111
5917,180.8,28.000000000000004
5918,76.16444444444444,33.77777777777778
5919,106.76,32.44444444444444
5920,125.42222222222222,34.66666666666667
5921,167.30666666666667,28.000000000000004
5922,90.85333333333334,35.11111111111111
5923,123.63555555555556,36
5924,151.13333333333333,32.88888888888889
5925,88.38222222222223,27.111111111111114
5926,44.382222222222225,30.666666666666664
5927,47.404444444444444,35.55555555555556
5928,89.30222222222223,33.77777777777778
5929,72.57777777777778,26.666666666666668
5930,110.16444444444444,33.33333333333333
5931,86.97333333333333,33.33333333333333
5932,54.004444444444445,24.88888888888889
5933,85.14222222222222,28.000000000000004
5934,78.37333333333333,37.333333333333336
5935,78.07111111111111,26.666666666666668
5936,52.782222222222224,29.777777777777775
5937,36.284444444444446,29.777777777777775
5938,87.91111111111111,31.11111111111111
5939,76.20444444444445,34.66666666666667
5940,43.297777777777775,29.777777777777775
5941,51.81777777777778,32
5942,84.30666666666667,32
5943,109.50222222222222,37.77777777777778
5944,84.68444444444444,31.11111111111111
5945,145.27555555555554,29.777777777777775
5946,80.03111111111112,32
5947,45.40888888888889,35.55555555555556
5948,55.782222222222224,30.666666666666664
5949,52.65777777777778,31.555555555555554
5950,76.6,33.77777777777778
5951,87.8488888888889,28.888888888888886
5952,40.50222222222222,32.88888888888889
5953,49.44,29.333333333333332
5954,49.81777777777778,34.66666666666667
5955,51.86222222222222,28.000000000000004
5956,78.47111111111111,26.222222222222225
5957,94.12444444444445,28.444444444444443
5958,52.653333333333336,32.44444444444444
5959,77.46222222222222,27.111111111111114
5960,39.568888888888885,33.77777777777778
5961,48.74666666666667,36.44444444444444
5962,110.97333333333333,36.888888888888886
5963,85.17333333333333,28.888888888888886
5964,83.41333333333333,32.44444444444444
5965,43.51111111111111,31.11111111111111
5966,82.42666666666666,31.555555555555554
5967,79.33333333333333,28.000000000000004
5968,83.49333333333334,30.666666666666664
5969,37.78666666666667,32.88888888888889
5970,54.28888888888889,35.11111111111111
5971,50.14222222222222,36.888888888888886
5972,116.96,33.77777777777778
5973,52.275555555555556,34.22222222222222
5974,48.59111111111111,34.22222222222222
5975,43.19555555555556,40
5976,120.56444444444445,28.888888888888886
5977,42.888888888888886,29.777777777777775
5978,116.08,33.33333333333333
5979,52.906666666666666,29.777777777777775
5980,48.782222222222224,34.66666666666667
5981,118.84444444444445,37.77777777777778
5982,96.68888888888888,33.77777777777778
5983,89.08888888888889,38.666666666666664
5984,48.99111111111111,33.33333333333333
5985,112.49333333333334,31.11111111111111
5986,82.62666666666667,29.333333333333332
5987,41.955555555555556,32.88888888888889
5988,44.035555555555554,31.555555555555554
5989,50.32888888888889,35.11111111111111
5990,119.53777777777778,33.33333333333333
5991,161.20444444444445,30.22222222222222
5992,52.022222222222226,34.22222222222222
5993,80.1288888888889,27.555555555555557
5994,89.36888888888889,30.22222222222222
5995,82.51555555555555,35.55555555555556
5996,73.68,31.555555555555554
5997,157.4711111111111,32.44444444444444
5998,41.31111111111111,36
5999,87.58666666666667,30.22222222222222
6000,112.86666666666666,29.333333333333332
6001,45.85333333333333,27.111111111111114
6002,112.32444444444444,33.77777777777778
6003,254.24,32.88888888888889
6004,56.68888888888889,33.77777777777778
6005,160.15555555555557,34.22222222222222
6006,45.12444444444444,35.55555555555556
6007,77.43111111111111,32.44444444444444
6008,81.31111111111112,28.000000000000004
6009,53.906666666666666,37.77777777777778
6010,55.995555555555555,35.55555555555556
6011,148.86222222222221,30.666666666666664
6012,111.68,28.444444444444443
6013,77.90222222222222,34.22222222222222
6014,104.69777777777777,32.88888888888889
6015,82.95111111111112,39.111111111111114
6016,112.57333333333334,32
6017,91.18666666666667,31.11111111111111
6018,81.44888888888889,28.888888888888886
6019,104.56,32.88888888888889
6020,89.17333333333333,30.22222222222222
6021,97.13777777777777,29.333333333333332
6022,48.324444444444445,40.44444444444444
6023,121.82222222222222,26.666666666666668
6024,82.65777777777778,28.888888888888886
6025,52.297777777777775,35.55555555555556
6026,80.11555555555556,33.77777777777778
6027,42.49333333333333,30.22222222222222
6028,83.09777777777778,34.22222222222222
6029,47.15111111111111,33.33333333333333
6030,47.83111111111111,28.000000000000004
6031,39.724444444444444,27.555555555555557
6032,159.98666666666668,28.888888888888886
6033,171.36444444444444,32
6034,154.39555555555555,28.888888888888886
6035,82.24444444444444,34.66666666666667
6036,71.80444444444444,32.88888888888889
6037,117.83555555555556,32
6038,45.62222222222222,29.777777777777775
6039,98.96444444444444,32
6040,82.38666666666667,30.22222222222222
6041,39.14666666666667,27.555555555555557
6042,91.78222222222222,33.33333333333333
6043,84.64888888888889,31.555555555555554
6044,53.28,36
6045,92.27555555555556,33.77777777777778
6046,78.44444444444444,39.111111111111114
6047,51.29333333333334,32.44444444444444
6048,53.12,33.77777777777778
6049,93.86222222222223,30.22222222222222
6050,109.98666666666666,36.888888888888886
6051,53.38666666666666,31.555555555555554
6052,44.69777777777778,28.000000000000004
6053,113.86222222222223,34.66666666666667
6054,81.66222222222223,33.77777777777778
6055,146.96444444444444,33.77777777777778
6056,49.58222222222222,30.666666666666664
6057,53.45777777777778,35.11111111111111
6058,153.23555555555555,32.44444444444444
6059,116.24,27.111111111111114
6060,67.37333333333333,32
6061,82.99555555555555,35.11111111111111
6062,79.05333333333333,33.77777777777778
6063,113.51555555555555,26.666666666666668
6064,148.96,30.22222222222222
6065,116.08444444444444,40.44444444444444
6066,44.46222222222222,33.77777777777778
6067,90.76,29.777777777777775
6068,50.14666666666667,33.33333333333333
6069,128.82222222222222,32
6070,96.4,32.88888888888889
6071,84.1288888888889,30.666666666666664
6072,83.94222222222223,27.555555555555557
6073,83.88888888888889,32
6074,121.88,31.555555555555554
6075,87.66666666666667,30.666666666666664
6076,50.897777777777776,31.555555555555554
6077,115.77777777777777,35.55555555555556
6078,53.27111111111111,33.33333333333333
6079,78.32888888888888,31.555555555555554
6080,43.4,31.11111111111111
6081,78.61777777777777,33.33333333333333
6082,117.22222222222223,34.22222222222222
6083,147.60444444444445,24.88888888888889
6084,120.91111111111111,30.22222222222222
6085,146.48,31.555555555555554
6086,157.07111111111112,26.666666666666668
6087,118.11555555555556,31.555555555555554
6088,81.31555555555556,28.000000000000004
6089,52.44,28.888888888888886
6090,56.62222222222222,32
6091,40.80444444444444,29.777777777777775
6092,79.24888888888889,28.888888888888886
6093,87.78222222222222,33.33333333333333
6094,49.035555555555554,28.888888888888886
6095,120.52,33.33333333333333
6096,111.23555555555555,33.77777777777778
6097,157.67111111111112,34.66666666666667
6098,118.63111111111111,35.11111111111111
6099,80.7688888888889,28.000000000000004
6100,40.04,28.444444444444443
6101,43.053333333333335,32
6102,55.626666666666665,30.666666666666664
6103,52.16444444444444,35.55555555555556
6104,115.64444444444445,34.22222222222222
6105,45.25333333333333,33.33333333333333
6106,58.626666666666665,28.888888888888886
6107,90.47111111111111,29.333333333333332
6108,146.93333333333334,35.55555555555556
6109,88.32888888888888,29.777777777777775
6110,44.617777777777775,32.88888888888889
6111,119.62222222222222,27.555555555555557
6112,81.28,36.44444444444444
6113,128.58666666666667,28.888888888888886
6114,80.32888888888888,33.77777777777778
6115,112.36888888888889,33.33333333333333
6116,85.66222222222223,33.33333333333333
6117,45.08888888888889,29.333333333333332
6118,48.73777777777778,29.777777777777775
6119,78.04888888888888,32.44444444444444
6120,53.28888888888889,33.77777777777778
6121,52.49333333333333,31.11111111111111
6122,83.90222222222222,29.777777777777775
6123,83.8711111111111,28.888888888888886
6124,80.86666666666666,33.77777777777778
6125,118.83111111111111,26.666666666666668
6126,57.55111111111111,29.333333333333332
6127,112.32888888888888,31.555555555555554
6128,46.382222222222225,32.88888888888889
6129,72.22222222222223,31.11111111111111
6130,54.81777777777778,34.66666666666667
6131,86.7911111111111,28.444444444444443
6132,86.07111111111111,31.11111111111111
6133,53.946666666666665,31.555555555555554
6134,113.17777777777778,28.888888888888886
6135,84.98666666666666,28.444444444444443
6136,85.56444444444445,31.11111111111111
6137,112.17333333333333,29.333333333333332
6138,161.5911111111111,32.44444444444444
6139,86.73777777777778,30.666666666666664
6140,62.00888888888889,31.11111111111111
6141,48.39111111111111,36.44444444444444
6142,47.45333333333333,26.222222222222225
6143,51.89333333333333,32.88888888888889
6144,81.93333333333334,32.88888888888889
6145,53,28.888888888888886
6146,41.973333333333336,32.44444444444444
6147,54.84444444444444,30.666666666666664
6148,49.093333333333334,33.77777777777778
6149,48.48444444444444,27.111111111111114
6150,47.791111111111114,28.000000000000004
6151,184.96,35.11111111111111
6152,78.44,30.22222222222222
6153,110.96888888888888,30.666666666666664
6154,117.07111111111111,34.22222222222222
6155,84.28,31.555555555555554
6156,79.92444444444445,33.77777777777778
6157,79.45333333333333,33.77777777777778
6158,125.34666666666666,34.66666666666667
6159,91.29333333333334,31.555555555555554
6160,44.23111111111111,28.888888888888886
6161,85.4088888888889,26.222222222222225
6162,46.297777777777775,24
6163,90.68444444444444,37.77777777777778
6164,61.89333333333333,30.22222222222222
6165,79.24,31.11111111111111
6166,117.91111111111111,31.11111111111111
6167,51.40888888888889,34.66666666666667
6168,47.44888888888889,28.888888888888886
6169,142.27555555555554,32
6170,148.87555555555556,31.555555555555554
6171,77.7911111111111,32
6172,35.964444444444446,33.33333333333333
6173,79.64888888888889,37.77777777777778
6174,46.035555555555554,38.22222222222222
6175,78.88444444444444,32.44444444444444
6176,151.77777777777777,35.55555555555556
6177,52.28,30.666666666666664
6178,89.85333333333334,31.555555555555554
6179,154.56444444444443,36.888888888888886
6180,112.1288888888889,32
6181,118.33333333333333,25.77777777777778
6182,126.65777777777778,32.88888888888889
6183,123.92,33.33333333333333
6184,89.72,31.11111111111111
6185,52.50222222222222,33.33333333333333
6186,77.2311111111111,36.44444444444444
6187,80.4888888888889,35.55555555555556
6188,47.39111111111111,31.555555555555554
6189,110.43555555555555,30.666666666666664
6190,123.96,31.555555555555554
6191,73.17333333333333,32
6192,50.63111111111111,32.88888888888889
6193,113.11555555555556,35.11111111111111
6194,83.77777777777777,29.777777777777775
6195,47.977777777777774,31.555555555555554
6196,86.85777777777778,32.44444444444444
6197,53.324444444444445,33.33333333333333
6198,86.2,29.777777777777775
6199,46.77777777777778,32.44444444444444
6200,48.04888888888889,36.888888888888886
6201,71.71111111111111,31.555555555555554
6202,94.98222222222222,32.88888888888889
6203,108.59555555555555,32.88888888888889
6204,45.53333333333333,32.88888888888889
6205,122.15555555555555,36
6206,44.275555555555556,33.33333333333333
6207,87.67111111111112,28.888888888888886
6208,81.13333333333334,30.22222222222222
6209,42.85333333333333,32
6210,47.257777777777775,26.666666666666668
6211,79.50222222222222,30.22222222222222
6212,152.90666666666667,29.333333333333332
6213,70.81777777777778,28.000000000000004
6214,47.07555555555555,33.33333333333333
6215,47.91111111111111,28.888888888888886
6216,82.57777777777778,27.555555555555557
6217,83.38222222222223,32.44444444444444
6218,76.93333333333334,28.888888888888886
6219,90.31111111111112,30.22222222222222
6220,92.62666666666667,32.88888888888889
6221,80.19111111111111,31.11111111111111
6222,114,29.333333333333332
6223,88.44888888888889,37.333333333333336
6224,87.22222222222223,32.88888888888889
6225,119.21333333333334,32.44444444444444
6226,119.45777777777778,33.77777777777778
6227,80.26666666666667,36.44444444444444
6228,48.63111111111111,31.555555555555554
6229,85.54222222222222,30.22222222222222
6230,46.38666666666666,32.44444444444444
6231,42.68,30.22222222222222
6232,44.50222222222222,35.11111111111111
6233,48.33777777777778,32.44444444444444
6234,83.6,34.22222222222222
6235,46.51111111111111,27.111111111111114
6236,50.09777777777778,33.77777777777778
6237,121.69777777777777,31.11111111111111
6238,47.29333333333334,32
6239,111.18222222222222,32.44444444444444
6240,87.01333333333334,31.555555555555554
6241,73.75111111111111,31.555555555555554
6242,91.03555555555556,29.777777777777775
6243,43.49333333333333,36
6244,48.42666666666667,35.55555555555556
6245,117.4888888888889,32.88888888888889
6246,55.54666666666667,34.22222222222222
6247,57.56444444444445,33.33333333333333
6248,185.82666666666665,39.111111111111114
6249,76.97777777777777,28.444444444444443
6250,47.208888888888886,35.55555555555556
6251,50.19555555555556,38.666666666666664
6252,77.33777777777777,35.55555555555556
6253,92.48444444444445,33.33333333333333
6254,90.6,30.666666666666664
6255,44.52,35.55555555555556
6256,127.24444444444444,31.11111111111111
6257,85.88,29.333333333333332
6258,121.92444444444445,30.666666666666664
6259,89.65333333333334,36.888888888888886
6260,44.82666666666667,31.11111111111111
6261,117.49333333333334,36.888888888888886
6262,44.6,34.66666666666667
6263,87.26666666666667,29.777777777777775
6264,48.568888888888885,28.888888888888886
6265,82.01777777777778,35.55555555555556
6266,60.89333333333333,32.88888888888889
6267,41.364444444444445,36
6268,86.42222222222222,34.66666666666667
6269,119.5111111111111,27.555555555555557
6270,46.986666666666665,32.88888888888889
6271,95.72444444444444,33.77777777777778
6272,36.85333333333333,36
6273,86.45777777777778,31.11111111111111
6274,44.39555555555555,36.888888888888886
6275,114.52,31.11111111111111
6276,74.96888888888888,27.555555555555557
6277,90.05333333333333,32.44444444444444
6278,81.2,28.444444444444443
6279,76.1511111111111,32
6280,89.56444444444445,29.777777777777775
6281,112.95111111111112,35.55555555555556
6282,88.74222222222222,34.66666666666667
6283,153.39555555555555,36
6284,156.46666666666667,35.11111111111111
6285,42.32888888888889,32.88888888888889
6286,149.57777777777778,30.22222222222222
6287,43.66222222222222,39.55555555555556
6288,115.35111111111111,35.11111111111111
6289,187.58666666666667,32
6290,36.98222222222222,33.33333333333333
6291,47.52,30.666666666666664
6292,93.16888888888889,31.11111111111111
6293,79.18666666666667,34.22222222222222
6294,123.56,27.555555555555557
6295,84.82222222222222,29.333333333333332
6296,52.60888888888889,27.555555555555557
6297,79.14222222222222,32.44444444444444
6298,112.10222222222222,36.44444444444444
6299,81.00444444444445,34.22222222222222
6300,46.96888888888889,33.77777777777778
6301,46.00888888888889,33.33333333333333
6302,82.61333333333333,32.88888888888889
6303,80.43111111111111,29.777777777777775
6304,46.87111111111111,32.88888888888889
6305,60.09777777777778,28.000000000000004
6306,75.91555555555556,36.44444444444444
6307,43.51555555555556,30.666666666666664
6308,78.16888888888889,28.888888888888886
6309,119.70666666666666,29.333333333333332
6310,80.28444444444445,33.77777777777778
6311,89.36888888888889,28.888888888888886
6312,117.16888888888889,31.555555555555554
6313,47.742222222222225,34.66666666666667
6314,84.48,40
6315,121.33333333333333,28.888888888888886
6316,118.23555555555555,33.77777777777778
6317,81.64888888888889,35.11111111111111
6318,81.30666666666667,30.22222222222222
6319,150.4622222222222,32.44444444444444
6320,76.58222222222223,35.11111111111111
6321,82.84444444444445,28.444444444444443
6322,77.28444444444445,38.666666666666664
6323,153.44,35.11111111111111
6324,81.15555555555555,28.444444444444443
6325,75.03111111111112,34.22222222222222
6326,115.79555555555555,27.555555555555557
6327,44.18222222222222,31.11111111111111
6328,49.25333333333333,35.55555555555556
6329,52.28,33.33333333333333
6330,85.71555555555555,30.666666666666664
6331,45.44,35.11111111111111
6332,43.062222222222225,36.44444444444444
6333,76.16888888888889,35.55555555555556
6334,114.18666666666667,31.11111111111111
6335,93.04888888888888,34.22222222222222
6336,83.73333333333333,33.77777777777778
6337,74.45777777777778,33.77777777777778
6338,52.13777777777778,32.44444444444444
6339,44.11555555555555,31.11111111111111
6340,90.48444444444445,34.66666666666667
6341,84.70222222222222,39.111111111111114
6342,77.40444444444445,27.555555555555557
6343,83.66222222222223,31.11111111111111
6344,45.8,32.88888888888889
6345,48.96888888888889,30.22222222222222
6346,82.10222222222222,31.11111111111111
6347,92.15555555555555,27.555555555555557
6348,107.25777777777778,28.444444444444443
6349,86.39111111111112,32.88888888888889
6350,101.6,29.777777777777775
6351,38.38666666666666,32
6352,120.11111111111111,30.666666666666664
6353,154.12444444444444,28.444444444444443
6354,80.52444444444444,35.11111111111111
6355,89.66222222222223,28.444444444444443
6356,80.61333333333333,32.88888888888889
6357,89.34222222222222,32.44444444444444
6358,47.15555555555556,27.111111111111114
6359,135.8488888888889,32.88888888888889
6360,44.404444444444444,30.22222222222222
6361,77.97777777777777,32.44444444444444
6362,76.06222222222222,33.33333333333333
6363,44.51555555555556,36.888888888888886
6364,79.24888888888889,32.44444444444444
6365,87.1288888888889,32.88888888888889
6366,65.12444444444445,30.22222222222222
6367,72.32,36
6368,37.29333333333334,25.333333333333336
6369,94.94222222222223,28.444444444444443
6370,53.58222222222222,35.11111111111111
6371,79.63555555555556,30.22222222222222
6372,72.98666666666666,35.55555555555556
6373,50.42666666666667,32.44444444444444
6374,75.08888888888889,29.777777777777775
6375,86.53777777777778,32
6376,148.76,35.55555555555556
6377,100.15555555555555,31.555555555555554
6378,75.43555555555555,28.000000000000004
6379,79.33777777777777,30.666666666666664
6380,112.92444444444445,29.777777777777775
6381,80.99111111111111,35.11111111111111
6382,58.45777777777778,34.22222222222222
6383,146.10222222222222,30.22222222222222
6384,46.4,34.66666666666667
6385,55.30222222222222,35.55555555555556
6386,115.22666666666667,28.888888888888886
6387,86.55555555555556,22.666666666666664
6388,118.36888888888889,35.55555555555556
6389,78.81777777777778,37.77777777777778
6390,42.742222222222225,28.444444444444443
6391,48.86222222222222,32.44444444444444
6392,43.617777777777775,37.333333333333336
6393,151.9911111111111,29.333333333333332
6394,189.64888888888888,30.666666666666664
6395,43.29333333333334,24.444444444444443
6396,76.05333333333333,29.777777777777775
6397,87.04888888888888,30.666666666666664
6398,97.02666666666667,31.11111111111111
6399,52.64888888888889,29.777777777777775
6400,68.84444444444445,38.666666666666664
6401,88.37777777777778,32.44444444444444
6402,85,32
6403,42.90222222222222,31.11111111111111
6404,111.85333333333334,32
6405,86.88888888888889,29.333333333333332
6406,155.29333333333332,32.88888888888889
6407,151.68444444444444,29.777777777777775
6408,79.22222222222223,30.22222222222222
6409,118.05333333333333,29.333333333333332
6410,185.74666666666667,30.666666666666664
6411,43.568888888888885,35.11111111111111
6412,52.68888888888889,34.22222222222222
6413,47.30222222222222,33.77777777777778
6414,74.31111111111112,32
6415,78.56,31.555555555555554
6416,116.08888888888889,28.444444444444443
6417,146.10222222222222,32.44444444444444
6418,47.2,29.777777777777775
6419,116.41777777777777,34.22222222222222
6420,127.22666666666667,33.77777777777778
6421,82.5911111111111,34.66666666666667
6422,76.35555555555555,33.77777777777778
6423,113.57777777777778,28.000000000000004
6424,77.64888888888889,30.666666666666664
6425,78.44888888888889,28.888888888888886
6426,142.35555555555555,31.555555555555554
6427,112.1288888888889,33.77777777777778
6428,43.30222222222222,32
6429,45.78666666666667,35.55555555555556
6430,53.4,34.22222222222222
6431,38.26222222222222,33.33333333333333
6432,44.004444444444445,32.88888888888889
6433,116.78222222222222,29.777777777777775
6434,91.76,27.111111111111114
6435,117.40444444444445,30.666666666666664
6436,50.946666666666665,31.11111111111111
6437,65.49777777777778,36.888888888888886
6438,152.1688888888889,26.222222222222225
6439,115.63111111111111,29.333333333333332
6440,121.49333333333334,30.22222222222222
6441,117.71555555555555,36.888888888888886
6442,158.58666666666667,32
6443,40.08444444444444,33.33333333333333
6444,119.2,30.666666666666664
6445,117.27555555555556,27.111111111111114
6446,81.25333333333333,36.888888888888886
6447,87.36444444444444,32.88888888888889
6448,79.89333333333333,37.77777777777778
6449,54.49777777777778,33.77777777777778
6450,51.92888888888889,33.77777777777778
6451,53.87111111111111,31.555555555555554
6452,91.72888888888889,33.77777777777778
6453,111.22666666666667,36.44444444444444
6454,53.324444444444445,29.777777777777775
6455,53.715555555555554,30.666666666666664
6456,76.8,32.88888888888889
6457,156.15555555555557,31.11111111111111
6458,64.02222222222223,31.555555555555554
6459,109.54222222222222,29.777777777777775
6460,45.964444444444446,35.55555555555556
6461,145.60444444444445,29.333333333333332
6462,81.57777777777778,32
6463,43.26222222222222,35.11111111111111
6464,49.57333333333333,29.777777777777775
6465,45.00888888888889,30.666666666666664
6466,51.17777777777778,34.22222222222222
6467,77.41777777777777,40
6468,113.25777777777778,30.666666666666664
6469,117.26666666666667,32.88888888888889
6470,80.72888888888889,32
6471,50.666666666666664,31.11111111111111
6472,77.41333333333333,31.555555555555554
6473,51.91111111111111,30.22222222222222
6474,44.66222222222222,30.666666666666664
6475,47.38666666666666,32.44444444444444
6476,82.89333333333333,33.33333333333333
6477,86.96,30.666666666666664
6478,55.373333333333335,28.000000000000004
6479,81.7688888888889,32.88888888888889
6480,77.03111111111112,31.555555555555554
6481,148.13333333333333,32.88888888888889
6482,112.32,28.444444444444443
6483,47.471111111111114,28.888888888888886
6484,128.36444444444444,33.77777777777778
6485,49.93333333333333,34.66666666666667
6486,80.71555555555555,34.22222222222222
6487,48.38666666666666,30.22222222222222
6488,81.26666666666667,28.444444444444443
6489,85.83555555555556,30.666666666666664
6490,125.60888888888888,28.444444444444443
6491,59.791111111111114,33.33333333333333
6492,90.97333333333333,34.22222222222222
6493,43.06666666666667,32
6494,109.87555555555555,26.222222222222225
6495,58.297777777777775,31.11111111111111
6496,129.23555555555555,31.11111111111111
6497,40.85777777777778,32.44444444444444
6498,72.68,39.111111111111114
6499,82.28444444444445,35.11111111111111
6500,56.91555555555556,30.666666666666664
6501,53.12,31.555555555555554
6502,116.94666666666667,27.111111111111114
6503,91.22666666666667,32
6504,93.06222222222222,28.888888888888886
6505,85.19111111111111,34.22222222222222
6506,47.355555555555554,30.666666666666664
6507,47.80888888888889,31.555555555555554
6508,71.28444444444445,36
6509,124.39555555555556,28.444444444444443
6510,43.27111111111111,31.555555555555554
6511,89.28444444444445,30.666666666666664
6512,79.07555555555555,32.44444444444444
6513,83.43111111111111,26.666666666666668
6514,140.4,33.33333333333333
6515,79.8,33.77777777777778
6516,61.64888888888889,30.22222222222222
6517,74.46222222222222,31.11111111111111
6518,46.33777777777778,36.888888888888886
6519,45.333333333333336,37.333333333333336
6520,88.49333333333334,32
6521,89.81777777777778,32
6522,74.58666666666667,27.111111111111114
6523,148.27555555555554,33.77777777777778
6524,88.47555555555556,30.22222222222222
6525,39.626666666666665,36.44444444444444
6526,76.73333333333333,30.22222222222222
6527,80.33777777777777,31.555555555555554
6528,75.37777777777778,33.77777777777778
6529,45.46222222222222,34.22222222222222
6530,49.64888888888889,29.333333333333332
6531,52.64888888888889,34.22222222222222
6532,88.19555555555556,29.777777777777775
6533,51.44,29.333333333333332
6534,85.65777777777778,33.77777777777778
6535,53.17333333333333,29.333333333333332
6536,91.33777777777777,32.88888888888889
6537,43.17333333333333,35.11111111111111
6538,48.333333333333336,30.666666666666664
6539,77.66666666666667,31.11111111111111
6540,113.33777777777777,28.888888888888886
6541,76.39555555555556,33.77777777777778
6542,125.77333333333333,27.555555555555557
6543,45.51111111111111,26.666666666666668
6544,46.026666666666664,28.000000000000004
6545,56.995555555555555,29.333333333333332
6546,76.99555555555555,30.22222222222222
6547,50.675555555555555,33.33333333333333
6548,125.34222222222222,30.22222222222222
6549,146.89333333333335,32.44444444444444
6550,81.89333333333333,39.111111111111114
6551,72.46222222222222,34.22222222222222
6552,43.23111111111111,30.666666666666664
6553,105.09777777777778,30.666666666666664
6554,52.306666666666665,38.666666666666664
6555,37.986666666666665,30.22222222222222
6556,110.5911111111111,32.44444444444444
6557,76.38666666666667,26.666666666666668
6558,50.04,30.22222222222222
6559,49.56444444444445,34.22222222222222
6560,76.68888888888888,32.88888888888889
6561,91,34.66666666666667
6562,96.53777777777778,33.33333333333333
6563,49.995555555555555,32
6564,48.66222222222222,35.55555555555556
6565,44.062222222222225,32
6566,81.11111111111111,30.666666666666664
6567,48.26222222222222,29.333333333333332
6568,45.595555555555556,26.666666666666668
6569,86.8,33.33333333333333
6570,79.09777777777778,34.22222222222222
6571,114.86222222222223,33.33333333333333
6572,82.99555555555555,36
6573,113.74666666666667,31.555555555555554
6574,73.26666666666667,33.33333333333333
6575,77.11555555555556,33.33333333333333
6576,116.27111111111111,28.888888888888886
6577,81.2,24
6578,52.08,28.000000000000004
6579,82.62222222222222,33.77777777777778
6580,95.34222222222222,32.44444444444444
6581,51.50222222222222,32
6582,52.644444444444446,28.888888888888886
6583,81.64444444444445,27.111111111111114
6584,68.93777777777778,32
6585,55.71111111111111,28.000000000000004
6586,182.86222222222221,35.11111111111111
6587,149.7511111111111,30.666666666666664
6588,72.86666666666666,32.44444444444444
6589,80.7688888888889,35.11111111111111
6590,86.25333333333333,32
6591,44.43555555555555,33.77777777777778
6592,74.22222222222223,30.22222222222222
6593,52.16,30.22222222222222
6594,45.111111111111114,33.33333333333333
6595,79.98666666666666,23.555555555555554
6596,78.89777777777778,34.22222222222222
6597,75.36888888888889,29.777777777777775
6598,91.74222222222222,28.000000000000004
6599,85.50222222222222,34.22222222222222
6600,47.86666666666667,35.11111111111111
6601,80.63111111111111,35.55555555555556
6602,119.27555555555556,30.666666666666664
6603,84.00444444444445,28.444444444444443
6604,84.52888888888889,29.333333333333332
6605,49.6,28.888888888888886
6606,153.02666666666667,37.77777777777778
6607,119.36888888888889,34.22222222222222
6608,109.1288888888889,35.11111111111111
6609,163.06222222222223,27.555555555555557
6610,45.324444444444445,28.888888888888886
6611,179.57333333333332,32
6612,44.27111111111111,30.666666666666664
6613,126.08888888888889,32
6614,81.96444444444444,29.333333333333332
6615,79.74222222222222,39.111111111111114
6616,63.25333333333333,31.11111111111111
6617,86.65777777777778,30.22222222222222
6618,78.2088888888889,30.22222222222222
6619,153.46666666666667,31.555555555555554
6620,87.46222222222222,32.88888888888889
6621,46.644444444444446,36
6622,74.02222222222223,28.888888888888886
6623,79.37777777777778,27.555555555555557
6624,80.24888888888889,29.333333333333332
6625,85.47111111111111,34.22222222222222
6626,88.34666666666666,31.555555555555554
6627,110.02222222222223,27.555555555555557
6628,85.5111111111111,30.22222222222222
6629,42.55111111111111,34.22222222222222
6630,41.21333333333333,35.55555555555556
6631,57.35111111111111,27.555555555555557
6632,118.7911111111111,29.777777777777775
6633,114.67555555555556,30.22222222222222
6634,111.61777777777777,29.333333333333332
6635,72.84444444444445,27.555555555555557
6636,75.19111111111111,30.666666666666664
6637,78.17333333333333,30.22222222222222
6638,82.36888888888889,31.555555555555554
6639,50.16444444444444,27.555555555555557
6640,77.95111111111112,35.55555555555556
6641,44.66222222222222,38.22222222222222
6642,54.595555555555556,26.666666666666668
6643,45.84444444444444,30.666666666666664
6644,89.66222222222223,29.777777777777775
6645,156.76444444444445,31.555555555555554
6646,164.48888888888888,28.000000000000004
6647,108.74222222222222,28.444444444444443
6648,80.94666666666667,32
6649,59.022222222222226,23.555555555555554
6650,74.22222222222223,29.333333333333332
6651,57.60444444444445,34.22222222222222
6652,188.66666666666666,32
6653,89.64888888888889,36.44444444444444
6654,109.86222222222223,34.66666666666667
6655,56.6,35.55555555555556
6656,85.96,32.88888888888889
6657,82.14222222222222,32.88888888888889
6658,151.88888888888889,29.333333333333332
6659,178.01333333333332,31.555555555555554
6660,82.56444444444445,31.11111111111111
6661,74.60444444444444,28.888888888888886
6662,79.97777777777777,30.666666666666664
6663,89.53777777777778,32
6664,77.14222222222222,32.88888888888889
6665,78.7911111111111,27.555555555555557
6666,74.58666666666667,33.77777777777778
6667,75.86222222222223,32.88888888888889
6668,111.61333333333333,28.000000000000004
6669,84.44888888888889,29.777777777777775
6670,94.14222222222222,29.333333333333332
6671,88.48444444444445,34.66666666666667
6672,153.75555555555556,31.555555555555554
6673,46.60888888888889,29.333333333333332
6674,138.5822222222222,33.33333333333333
6675,48.24444444444445,33.33333333333333
6676,149.66666666666666,30.22222222222222
6677,83.06666666666666,36.888888888888886
6678,107.56,31.11111111111111
6679,49.45333333333333,31.555555555555554
6680,47.6,33.77777777777778
6681,40.39555555555555,30.666666666666664
6682,49.71111111111111,35.55555555555556
6683,77.93777777777778,27.555555555555557
6684,112.05777777777777,34.66666666666667
6685,43.16888888888889,32
6686,81.08444444444444,27.555555555555557
6687,192.56,34.22222222222222
6688,82.98222222222222,36.44444444444444
6689,47.586666666666666,33.33333333333333
6690,50.431111111111115,29.777777777777775
6691,112.33777777777777,26.222222222222225
6692,156.98666666666668,29.333333333333332
6693,44.87555555555556,28.444444444444443
6694,70.29777777777778,31.555555555555554
6695,76.24,32.88888888888889
6696,99.76,32.88888888888889
6697,153.97333333333333,32.44444444444444
6698,83.4088888888889,31.555555555555554
6699,51.51555555555556,33.77777777777778
6700,79.21333333333334,30.22222222222222
6701,51.724444444444444,32
6702,56.257777777777775,37.333333333333336
6703,83.16444444444444,28.000000000000004
6704,116.08444444444444,29.777777777777775
6705,44.82222222222222,32
6706,38.995555555555555,28.888888888888886
6707,54.955555555555556,28.444444444444443
6708,118.98666666666666,27.555555555555557
6709,83.71555555555555,28.444444444444443
6710,45.49333333333333,31.555555555555554
6711,111.82222222222222,33.33333333333333
6712,152.27555555555554,37.333333333333336
6713,154.26666666666668,30.22222222222222
6714,84.32,28.888888888888886
6715,42.91111111111111,28.000000000000004
6716,48.2,37.333333333333336
6717,82.55111111111111,27.555555555555557
6718,87.90222222222222,30.666666666666664
6719,50.15555555555556,30.22222222222222
6720,75.72888888888889,32.44444444444444
6721,39.34222222222222,32
6722,56.257777777777775,33.33333333333333
6723,48.15111111111111,28.444444444444443
6724,117.24888888888889,25.333333333333336
6725,86.03111111111112,31.555555555555554
6726,156.41333333333333,27.555555555555557
6727,80.11111111111111,35.55555555555556
6728,155.28444444444443,31.555555555555554
6729,46.64888888888889,34.22222222222222
6730,81.21777777777778,36.44444444444444
6731,87.8,35.11111111111111
6732,49.36888888888889,36.44444444444444
6733,42.422222222222224,27.111111111111114
6734,86.81777777777778,34.66666666666667
6735,46.053333333333335,30.22222222222222
6736,43.19111111111111,38.666666666666664
6737,49.07111111111111,35.55555555555556
6738,84.43111111111111,34.66666666666667
6739,151.96444444444444,32.88888888888889
6740,125.36888888888889,29.333333333333332
6741,90.78666666666666,29.333333333333332
6742,46.86222222222222,32
6743,76.60888888888888,30.22222222222222
6744,87.66666666666667,33.33333333333333
6745,57.39111111111111,31.555555555555554
6746,127.03555555555556,36.44444444444444
6747,73.20444444444445,34.66666666666667
6748,88.12444444444445,34.66666666666667
6749,86.99555555555555,34.66666666666667
6750,84.67555555555556,34.22222222222222
6751,50.977777777777774,33.33333333333333
6752,114.49777777777778,28.888888888888886
6753,88.55111111111111,33.77777777777778
6754,90.27555555555556,29.777777777777775
6755,76.41333333333333,35.55555555555556
6756,164.29777777777778,31.11111111111111
6757,109.4888888888889,34.22222222222222
6758,88.09333333333333,31.555555555555554
6759,84.65777777777778,29.333333333333332
6760,80.47555555555556,29.333333333333332
6761,79.2088888888889,32.88888888888889
6762,46.92888888888889,32
6763,46.76,34.66666666666667
6764,82.77777777777777,34.66666666666667
6765,45.11555555555555,29.777777777777775
6766,77.63555555555556,31.555555555555554
6767,40.14222222222222,28.444444444444443
6768,63.60888888888889,30.666666666666664
6769,52.38666666666666,33.77777777777778
6770,44.39111111111111,32.44444444444444
6771,80.77333333333333,35.11111111111111
6772,47.19111111111111,25.77777777777778
6773,112.84444444444445,26.666666666666668
6774,112.78666666666666,38.666666666666664
6775,75.08,30.666666666666664
6776,74.42222222222222,26.222222222222225
6777,88.34222222222222,33.77777777777778
6778,79.34222222222222,37.77777777777778
6779,108.5911111111111,35.11111111111111
6780,84.43555555555555,30.666666666666664
6781,49.56444444444445,27.555555555555557
6782,83.04,30.666666666666664
6783,113.66222222222223,30.666666666666664
6784,44.964444444444446,33.77777777777778
6785,94.31111111111112,28.444444444444443
6786,92.74666666666667,28.000000000000004
6787,117.62666666666667,27.111111111111114
6788,73.80888888888889,36.44444444444444
6789,43.471111111111114,32.44444444444444
6790,112.32888888888888,32.88888888888889
6791,114.71555555555555,26.666666666666668
6792,61.44888888888889,36.44444444444444
6793,46.36888888888889,30.666666666666664
6794,88.04888888888888,28.888888888888886
6795,41.75111111111111,32.88888888888889
6796,86.04888888888888,33.33333333333333
6797,74.11555555555556,34.66666666666667
6798,46.98222222222222,39.111111111111114
6799,72.64888888888889,30.22222222222222
6800,44.50666666666667,33.33333333333333
6801,88.27111111111111,31.11111111111111
6802,82.99555555555555,32.44444444444444
6803,80.18222222222222,28.888888888888886
6804,76.56,33.33333333333333
6805,159.04,35.11111111111111
6806,87.5111111111111,28.888888888888886
6807,82.07111111111111,30.666666666666664
6808,113.30666666666667,35.55555555555556
6809,46.013333333333335,37.77777777777778
6810,78.95555555555555,30.666666666666664
6811,153.96,34.66666666666667
6812,96.08444444444444,28.444444444444443
6813,144.29777777777778,29.777777777777775
6814,178.56,32.44444444444444
6815,122.75111111111111,33.77777777777778
6816,118.10222222222222,35.11111111111111
6817,181.48,32.44444444444444
6818,116.16888888888889,28.000000000000004
6819,114.21777777777778,32
6820,147.73777777777778,30.666666666666664
6821,121.74666666666667,36.44444444444444
6822,82.27111111111111,35.55555555555556
6823,45.08,40.44444444444444
6824,119.80444444444444,33.33333333333333
6825,140.33333333333334,33.33333333333333
6826,45.568888888888885,37.77777777777778
6827,114.29777777777778,34.22222222222222
6828,48.05777777777778,28.888888888888886
6829,87.87555555555555,33.33333333333333
6830,52.17333333333333,30.22222222222222
6831,110.72444444444444,35.11111111111111
6832,52.644444444444446,31.11111111111111
6833,52.67111111111111,32.88888888888889
6834,83.85333333333334,28.444444444444443
6835,48.84444444444444,32
6836,79.24,31.555555555555554
6837,48.05777777777778,31.555555555555554
6838,41.653333333333336,31.11111111111111
6839,74.12444444444445,32.88888888888889
6840,51.30222222222222,27.555555555555557
6841,55.13333333333333,30.22222222222222
6842,147.77333333333334,30.22222222222222
6843,80.00444444444445,28.888888888888886
6844,86.12444444444445,30.666666666666664
6845,51.36888888888889,33.77777777777778
6846,33.56444444444445,28.888888888888886
6847,128.22222222222223,29.333333333333332
6848,76.58222222222223,31.11111111111111
6849,147.4488888888889,27.111111111111114
6850,44.13777777777778,29.777777777777775
6851,89.53777777777778,31.11111111111111
6852,47.61333333333334,32.88888888888889
6853,118.42222222222222,32.44444444444444
6854,47.16,38.22222222222222
6855,114.36,30.22222222222222
6856,143.87555555555556,28.888888888888886
6857,185.56444444444443,32
6858,46.666666666666664,31.555555555555554
6859,164.17333333333335,38.666666666666664
6860,49.25333333333333,33.33333333333333
6861,106.55555555555556,33.77777777777778
6862,113.65333333333334,27.111111111111114
6863,56.724444444444444,34.66666666666667
6864,50.77333333333333,32
6865,53.82666666666667,32.44444444444444
6866,51.37777777777778,29.777777777777775
6867,44.03111111111111,36.44444444444444
6868,46.626666666666665,31.11111111111111
6869,114.76,30.666666666666664
6870,82.02666666666667,36.44444444444444
6871,73.98222222222222,32.88888888888889
6872,38.44888888888889,35.11111111111111
6873,43.373333333333335,29.777777777777775
6874,86.21777777777778,36.888888888888886
6875,82.93777777777778,31.11111111111111
6876,55.87111111111111,31.555555555555554
6877,118,29.333333333333332
6878,47.45333333333333,34.22222222222222
6879,112.52888888888889,31.555555555555554
6880,53.71111111111111,32.44444444444444
6881,78.32,28.000000000000004
6882,37.675555555555555,39.111111111111114
6883,45.94222222222222,28.444444444444443
6884,52.14222222222222,33.77777777777778
6885,153.61333333333334,30.666666666666664
6886,49.37777777777778,31.11111111111111
6887,83.96444444444444,33.77777777777778
6888,115.74222222222222,28.444444444444443
6889,78.64444444444445,30.22222222222222
6890,120.16,34.22222222222222
6891,45.24888888888889,28.444444444444443
6892,47.08,32.44444444444444
6893,53.4,32.44444444444444
6894,80.76444444444445,34.66666666666667
6895,108.96,32.44444444444444
6896,60.86222222222222,33.33333333333333
6897,87.46666666666667,32
6898,41.14666666666667,37.77777777777778
6899,110.34666666666666,31.555555555555554
6900,122.8,35.11111111111111
6901,54.062222222222225,31.555555555555554
6902,84.14222222222222,35.55555555555556
6903,90.03111111111112,31.11111111111111
6904,47.333333333333336,36.888888888888886
6905,51.25333333333333,32
6906,44.08,34.66666666666667
6907,83.45333333333333,35.11111111111111
6908,50.07555555555555,33.33333333333333
6909,51.25333333333333,28.000000000000004
6910,69.17333333333333,32.88888888888889
6911,150.13777777777779,32.88888888888889
6912,54.55555555555556,30.666666666666664
6913,86.31555555555556,25.333333333333336
6914,113.67111111111112,27.555555555555557
6915,52.306666666666665,32.88888888888889
6916,85.53333333333333,31.11111111111111
6917,44.355555555555554,27.555555555555557
6918,141.44444444444446,31.555555555555554
6919,46.528888888888886,33.77777777777778
6920,58.54222222222222,33.33333333333333
6921,76.11111111111111,32
6922,142.38222222222223,29.777777777777775
6923,46.373333333333335,26.666666666666668
6924,47.8,27.555555555555557
6925,52.67111111111111,32
6926,78.8488888888889,32
6927,43.52444444444444,30.666666666666664
6928,83.66222222222223,32.88888888888889
6929,46.693333333333335,31.11111111111111
6930,112.34666666666666,32.44444444444444
6931,155.23111111111112,32
6932,162.12444444444444,32.44444444444444
6933,83.31111111111112,31.555555555555554
6934,47.71111111111111,29.333333333333332
6935,57.715555555555554,29.333333333333332
6936,87.53777777777778,32
6937,79.38222222222223,37.77777777777778
6938,47.10666666666667,32.44444444444444
6939,51.32888888888889,31.555555555555554
6940,78.17333333333333,30.22222222222222
6941,48.94222222222222,29.777777777777775
6942,115.76,29.333333333333332
6943,84.38666666666667,38.666666666666664
6944,88.64444444444445,33.77777777777778
6945,41.08444444444444,30.22222222222222
6946,85.24888888888889,35.55555555555556
6947,84.92444444444445,31.11111111111111
6948,50.702222222222225,28.888888888888886
6949,89.28,32
6950,111.73777777777778,30.666666666666664
6951,48.80888888888889,30.666666666666664
6952,80.94666666666667,31.555555555555554
6953,121.75555555555556,34.22222222222222
6954,116.76,35.11111111111111
6955,77.5911111111111,32.44444444444444
6956,90.68444444444444,31.11111111111111
6957,116.41777777777777,29.333333333333332
6958,46.09777777777778,30.666666666666664
6959,54.69777777777778,30.666666666666664
6960,46.782222222222224,32
6961,52.79555555555555,36.44444444444444
6962,49.92444444444445,31.555555555555554
6963,41.568888888888885,33.33333333333333
6964,79.64444444444445,29.777777777777775
6965,38.257777777777775,33.77777777777778
6966,41.44,28.444444444444443
6967,119.36,29.777777777777775
6968,50.04888888888889,33.33333333333333
6969,117.63111111111111,28.444444444444443
6970,42.20444444444445,32.44444444444444
6971,88.43111111111111,30.22222222222222
6972,112.65333333333334,30.666666666666664
6973,46.31111111111111,27.555555555555557
6974,50.30222222222222,30.666666666666664
6975,46.693333333333335,30.666666666666664
6976,150.40444444444444,32
6977,43.42666666666667,30.22222222222222
6978,83.66666666666667,27.555555555555557
6979,81.97333333333333,30.22222222222222
6980,86.07555555555555,36
6981,83.96444444444444,28.888888888888886
6982,111.60444444444444,39.111111111111114
6983,55.83555555555556,28.888888888888886
6984,46.471111111111114,35.11111111111111
6985,150.5688888888889,34.66666666666667
6986,116.40444444444445,30.666666666666664
6987,128.20888888888888,31.11111111111111
6988,112.95111111111112,31.11111111111111
6989,47.93333333333333,33.33333333333333
6990,83.61333333333333,29.333333333333332
6991,51.004444444444445,32.88888888888889
6992,153.88888888888889,30.22222222222222
6993,82.89777777777778,38.666666666666664
6994,111.22666666666667,29.333333333333332
6995,56.284444444444446,29.333333333333332
6996,48.77333333333333,32.44444444444444
6997,79.52444444444444,31.555555555555554
6998,48.93333333333333,32
6999,46.16888888888889,32.44444444444444
7000,76.72444444444444,32.44444444444444
7001,71.65777777777778,33.33333333333333
7002,93.88444444444444,35.11111111111111
7003,37.208888888888886,32
7004,83.67555555555556,31.11111111111111
7005,47.23111111111111,35.11111111111111
7006,74.56888888888889,33.33333333333333
7007,116.46222222222222,31.11111111111111
7008,76.85777777777778,34.66666666666667
7009,119.42222222222222,37.77777777777778
7010,75.18666666666667,33.33333333333333
7011,48.94222222222222,32
7012,121.63555555555556,27.555555555555557
7013,82.72,30.22222222222222
7014,57.14222222222222,26.666666666666668
7015,45.63111111111111,28.000000000000004
7016,83.38666666666667,38.22222222222222
7017,187.68444444444444,29.777777777777775
7018,85.54222222222222,33.77777777777778
7019,87.12,31.555555555555554
7020,81.89333333333333,32.44444444444444
7021,80.65333333333334,28.888888888888886
7022,77.37777777777778,28.888888888888886
7023,121.42222222222222,32.44444444444444
7024,45.76444444444444,36.888888888888886
7025,54.111111111111114,31.555555555555554
7026,52.36,33.77777777777778
7027,75.88444444444444,36
7028,80.24444444444444,32
7029,74.98666666666666,32.44444444444444
7030,50.78666666666667,27.555555555555557
7031,83.94666666666667,25.77777777777778
7032,86.41333333333333,30.666666666666664
7033,120.51555555555555,32.44444444444444
7034,43.93333333333333,30.22222222222222
7035,46.54666666666667,32
7036,49.70666666666666,28.444444444444443
7037,115.96,35.11111111111111
7038,141.7111111111111,29.777777777777775
7039,45.50222222222222,29.333333333333332
7040,38.04,33.77777777777778
7041,80.80444444444444,30.666666666666664
7042,43.28888888888889,31.555555555555554
7043,90.42222222222222,38.666666666666664
7044,48.093333333333334,28.888888888888886
7045,109.85777777777778,32
7046,55.12,33.77777777777778
7047,144.95111111111112,35.55555555555556
7048,49.92444444444445,32.44444444444444
7049,81.4088888888889,26.666666666666668
7050,82.17333333333333,33.33333333333333
7051,78.6,29.777777777777775
7052,86.85777777777778,29.777777777777775
7053,57.973333333333336,30.22222222222222
7054,82.12444444444445,29.333333333333332
7055,79.65777777777778,35.55555555555556
7056,149.02666666666667,25.333333333333336
7057,118.36444444444444,30.666666666666664
7058,41.52444444444444,25.77777777777778
7059,43.733333333333334,33.33333333333333
7060,44.72888888888889,33.33333333333333
7061,76.91555555555556,29.777777777777775
7062,84.30666666666667,31.11111111111111
7063,81.92444444444445,35.55555555555556
7064,46.86666666666667,35.11111111111111
7065,71.04,28.444444444444443
7066,45.48444444444444,32.88888888888889
7067,148.25333333333333,32
7068,50.32,31.555555555555554
7069,38.25333333333333,36
7070,46.34222222222222,35.11111111111111
7071,45.8,28.000000000000004
7072,86.67111111111112,28.444444444444443
7073,77.32,31.555555555555554
7074,116.4,29.333333333333332
7075,151.54222222222222,32.88888888888889
7076,47.30222222222222,32.44444444444444
7077,151.0888888888889,29.777777777777775
7078,47.08888888888889,31.11111111111111
7079,85.29777777777778,32.88888888888889
7080,152.07555555555555,29.333333333333332
7081,59.92888888888889,35.55555555555556
7082,190.92444444444445,23.555555555555554
7083,57.23555555555556,29.777777777777775
7084,38.91555555555556,36.44444444444444
7085,84.85777777777778,28.444444444444443
7086,86.64,28.888888888888886
7087,44.60444444444445,27.111111111111114
7088,118.5111111111111,33.77777777777778
7089,85.66666666666667,34.66666666666667
7090,54.79555555555555,26.666666666666668
7091,109.7688888888889,27.555555555555557
7092,40.67111111111111,28.000000000000004
7093,42.68,32.44444444444444
7094,76.70666666666666,31.555555555555554
7095,42.72888888888889,36
7096,71.59555555555555,29.777777777777775
7097,82.2311111111111,34.66666666666667
7098,151.10222222222222,32.44444444444444
7099,39.702222222222225,33.33333333333333
7100,149.86222222222221,30.666666666666664
7101,78.48,35.11111111111111
7102,86.24888888888889,32
7103,153.77777777777777,35.55555555555556
7104,48.52,31.11111111111111
7105,141.23111111111112,31.11111111111111
7106,46.46666666666667,37.333333333333336
7107,152.5511111111111,33.77777777777778
7108,49.84888888888889,31.555555555555554
7109,41.19111111111111,36
7110,51.906666666666666,30.22222222222222
7111,79,34.66666666666667
7112,81.48444444444445,34.66666666666667
7113,89.12,37.333333333333336
7114,195.91555555555556,27.111111111111114
7115,109.19111111111111,29.333333333333332
7116,89.14666666666666,25.77777777777778
7117,148.23111111111112,31.11111111111111
7118,79.48444444444445,30.666666666666664
7119,71.76,32
7120,87.89777777777778,35.55555555555556
7121,77.2311111111111,35.11111111111111
7122,123.09777777777778,32.44444444444444
7123,78.84,32.44444444444444
7124,91.71111111111111,30.666666666666664
7125,83.08444444444444,28.888888888888886
7126,79.72888888888889,30.666666666666664
7127,49.92,32
7128,121.75555555555556,32.88888888888889
7129,78.81333333333333,30.22222222222222
7130,142.61777777777777,33.77777777777778
7131,43.00888888888889,32.88888888888889
7132,116.96,35.55555555555556
7133,40.382222222222225,35.11111111111111
7134,78.8,33.33333333333333
7135,75.30666666666667,30.22222222222222
7136,124.81777777777778,27.555555555555557
7137,110.60888888888888,32.88888888888889
7138,52.14222222222222,32.44444444444444
7139,85.83111111111111,28.444444444444443
7140,49.986666666666665,29.777777777777775
7141,84.06222222222222,32
7142,78.24,33.33333333333333
7143,84.28888888888889,30.666666666666664
7144,79.90222222222222,32.88888888888889
7145,149.13333333333333,35.11111111111111
7146,114.32444444444444,29.777777777777775
7147,115.49777777777778,32
7148,81.91111111111111,32
7149,58.12444444444444,28.000000000000004
7150,75.96,34.22222222222222
7151,75.67111111111112,35.55555555555556
7152,89.69333333333333,33.77777777777778
7153,58.80888888888889,30.666666666666664
7154,104.05333333333333,33.33333333333333
7155,111.52444444444444,32
7156,49.17333333333333,34.22222222222222
7157,83.25777777777778,31.11111111111111
7158,53.724444444444444,34.22222222222222
7159,42.41777777777778,35.55555555555556
7160,123.43111111111111,32
7161,83,28.444444444444443
7162,43.964444444444446,32
7163,114.88444444444444,33.33333333333333
7164,86.63111111111111,31.11111111111111
7165,76.21333333333334,32.88888888888889
7166,57.19555555555556,33.77777777777778
7167,52.16,32
7168,85.82666666666667,33.77777777777778
7169,48.75555555555555,33.77777777777778
7170,48.87555555555556,28.444444444444443
7171,84.60444444444444,31.11111111111111
7172,54.41777777777778,29.333333333333332
7173,81.28,29.333333333333332
7174,115.5911111111111,29.333333333333332
7175,63.37777777777778,29.777777777777775
7176,83.44888888888889,33.77777777777778
7177,50.977777777777774,36.888888888888886
7178,164.60888888888888,28.444444444444443
7179,79.82222222222222,31.555555555555554
7180,148.0088888888889,28.000000000000004
7181,73.88888888888889,32.44444444444444
7182,46.44,28.444444444444443
7183,48.83111111111111,33.77777777777778
7184,93.77333333333333,26.666666666666668
7185,77.78222222222222,30.666666666666664
7186,80.65777777777778,33.77777777777778
7187,68.21333333333334,32
7188,48.85777777777778,35.55555555555556
7189,183.88444444444445,35.11111111111111
7190,114.62222222222222,36
7191,76.56444444444445,28.000000000000004
7192,37.595555555555556,28.000000000000004
7193,47.96,33.33333333333333
7194,82.24,32.44444444444444
7195,51.54222222222222,38.22222222222222
7196,118.8,31.11111111111111
7197,87.33333333333333,31.555555555555554
7198,75.42222222222222,35.11111111111111
7199,89.81777777777778,27.111111111111114
7200,85.55111111111111,32
7201,47.18666666666667,34.22222222222222
7202,51.54222222222222,28.888888888888886
7203,120.07111111111111,31.11111111111111
7204,164.13777777777779,36.44444444444444
7205,46.34222222222222,33.33333333333333
7206,84.8711111111111,32.88888888888889
7207,76.49777777777778,28.444444444444443
7208,120.84444444444445,27.111111111111114
7209,51.56,38.22222222222222
7210,115.78222222222222,33.33333333333333
7211,109.93777777777778,32
7212,147.38222222222223,28.444444444444443
7213,51.36,28.888888888888886
7214,61.48,34.66666666666667
7215,39.626666666666665,34.22222222222222
7216,77.4,29.333333333333332
7217,49.82666666666667,28.444444444444443
7218,44.42666666666667,28.000000000000004
7219,42.16,26.222222222222225
7220,73.84,36
7221,91.31555555555556,27.555555555555557
7222,80.35111111111111,26.222222222222225
7223,57.315555555555555,31.11111111111111
7224,149.5288888888889,29.777777777777775
7225,47.18222222222222,35.11111111111111
7226,117.92888888888889,30.22222222222222
7227,45.55111111111111,31.11111111111111
7228,52.83555555555556,31.11111111111111
7229,148.89333333333335,30.22222222222222
7230,120.16444444444444,34.22222222222222
7231,85.84444444444445,26.666666666666668
7232,53.53777777777778,36
7233,114.90666666666667,31.11111111111111
7234,74.36888888888889,30.666666666666664
7235,82.13333333333334,33.77777777777778
7236,116.27111111111111,31.555555555555554
7237,81.74222222222222,36
7238,81.89777777777778,29.333333333333332
7239,46.25333333333333,34.22222222222222
7240,44.111111111111114,30.22222222222222
7241,96.10666666666667,37.333333333333336
7242,112.09333333333333,33.77777777777778
7243,80.4088888888889,33.77777777777778
7244,41.64,32
7245,45.12444444444444,35.11111111111111
7246,79.33777777777777,30.666666666666664
7247,84.6,29.777777777777775
7248,80.34666666666666,28.000000000000004
7249,90.16444444444444,31.555555555555554
7250,42.77333333333333,30.666666666666664
7251,119.33333333333333,32
7252,77.03111111111112,34.66666666666667
7253,45.315555555555555,33.33333333333333
7254,45,36
7255,83.40444444444445,34.66666666666667
7256,81.80888888888889,28.444444444444443
7257,175.06666666666666,31.11111111111111
7258,43.32888888888889,33.33333333333333
7259,52.37777777777778,39.111111111111114
7260,116.98666666666666,34.66666666666667
7261,43.91111111111111,30.666666666666664
7262,164.59555555555556,37.77777777777778
7263,114.13333333333334,34.66666666666667
7264,43.6,32.88888888888889
7265,54.74666666666667,29.333333333333332
7266,48.16888888888889,29.777777777777775
7267,82.95111111111112,31.555555555555554
7268,77.49333333333334,30.666666666666664
7269,154.51111111111112,26.666666666666668
7270,89.50666666666666,28.444444444444443
7271,81.1288888888889,29.333333333333332
7272,89.4088888888889,29.777777777777775
7273,112.75555555555556,30.666666666666664
7274,82.78222222222222,30.666666666666664
7275,77.73777777777778,33.33333333333333
7276,52.68888888888889,27.555555555555557
7277,49.044444444444444,33.77777777777778
7278,79.50222222222222,29.333333333333332
7279,42.16888888888889,32.44444444444444
7280,111.62222222222222,33.77777777777778
7281,38.59111111111111,28.888888888888886
7282,51.715555555555554,33.33333333333333
7283,80.25333333333333,36.888888888888886
7284,50.59111111111111,34.22222222222222
7285,88.64888888888889,28.888888888888886
7286,45.986666666666665,32.88888888888889
7287,137.82666666666665,29.333333333333332
7288,148.24,28.888888888888886
7289,125.03555555555556,35.11111111111111
7290,86.60888888888888,30.666666666666664
7291,75.54222222222222,35.11111111111111
7292,87.36888888888889,30.22222222222222
7293,85.55555555555556,27.111111111111114
7294,71.26666666666667,28.000000000000004
7295,117.86666666666666,32.44444444444444
7296,45.87555555555556,33.77777777777778
7297,120.92888888888889,28.888888888888886
7298,70.16444444444444,36
7299,115.04888888888888,26.666666666666668
7300,50.10666666666667,35.11111111111111
7301,82.49333333333334,32
7302,149.07111111111112,32
7303,73.58666666666667,28.888888888888886
7304,75.02666666666667,31.555555555555554
7305,86.70222222222222,35.55555555555556
7306,77.16,29.333333333333332
7307,149.21333333333334,37.333333333333336
7308,90.40444444444445,35.55555555555556
7309,80.56888888888889,34.66666666666667
7310,111.45333333333333,35.11111111111111
7311,52.44888888888889,38.666666666666664
7312,50.364444444444445,35.55555555555556
7313,45.373333333333335,30.22222222222222
7314,39.46666666666667,24.88888888888889
7315,54.053333333333335,35.11111111111111
7316,88.31111111111112,32.88888888888889
7317,119.40444444444445,36
7318,48.208888888888886,33.77777777777778
7319,47.78666666666667,32.88888888888889
7320,93.84444444444445,32
7321,115.34666666666666,31.555555555555554
7322,144.33333333333334,32.44444444444444
7323,78.97777777777777,27.555555555555557
7324,84.08888888888889,31.555555555555554
7325,82.92444444444445,26.222222222222225
7326,86.96,36.888888888888886
7327,48.12888888888889,30.22222222222222
7328,61.81333333333333,31.11111111111111
7329,50.39111111111111,31.11111111111111
7330,154.21333333333334,32.44444444444444
7331,119.53777777777778,32.88888888888889
7332,50.71111111111111,26.666666666666668
7333,87.45777777777778,25.77777777777778
7334,74.77333333333333,32
7335,77.78222222222222,35.11111111111111
7336,35.85333333333333,32
7337,47.92,27.111111111111114
7338,108.92,28.888888888888886
7339,76.11555555555556,35.55555555555556
7340,118.58222222222223,32
7341,109.43111111111111,29.777777777777775
7342,80.93777777777778,30.666666666666664
7343,124.43555555555555,33.77777777777778
7344,76.28,32.88888888888889
7345,46.49777777777778,36.44444444444444
7346,85.51555555555555,32.44444444444444
7347,51.60888888888889,31.11111111111111
7348,122.49333333333334,31.11111111111111
7349,86.02666666666667,32.44444444444444
7350,122.79555555555555,32.44444444444444
7351,56.12888888888889,29.777777777777775
7352,88.52,31.11111111111111
7353,89.34222222222222,31.555555555555554
7354,38.70666666666666,32.88888888888889
7355,150.12,31.555555555555554
7356,52.18222222222222,28.888888888888886
7357,74.61333333333333,32
7358,80.63111111111111,30.666666666666664
7359,81.46666666666667,29.777777777777775
7360,91.87555555555555,33.33333333333333
7361,43.382222222222225,28.000000000000004
7362,42.28888888888889,34.22222222222222
7363,40.69777777777778,28.888888888888886
7364,79.02666666666667,32
7365,60.55111111111111,30.666666666666664
7366,42.55111111111111,32.88888888888889
7367,116.2,35.55555555555556
7368,83.83555555555556,31.11111111111111
7369,48.32888888888889,34.22222222222222
7370,122.30666666666667,34.66666666666667
7371,54.333333333333336,34.22222222222222
7372,145.92444444444445,40.44444444444444
7373,83.00444444444445,32
7374,157.19555555555556,30.22222222222222
7375,54.88,28.444444444444443
7376,110.86666666666666,29.333333333333332
7377,144.5688888888889,35.55555555555556
7378,91.18666666666667,28.888888888888886
7379,86.09333333333333,30.22222222222222
7380,76.00888888888889,28.888888888888886
7381,112.93333333333334,32.44444444444444
7382,94.58666666666667,30.22222222222222
7383,78.8488888888889,32.44444444444444
7384,78.85777777777778,35.11111111111111
7385,45.47555555555556,27.555555555555557
7386,116.93333333333334,35.55555555555556
7387,40.36,26.222222222222225
7388,88.04,32.44444444444444
7389,119.2311111111111,30.666666666666664
7390,81.24,32.44444444444444
7391,77.75555555555556,33.33333333333333
7392,49.91111111111111,27.111111111111114
7393,49.07111111111111,31.11111111111111
7394,45.33777777777778,34.66666666666667
7395,49.39555555555555,28.444444444444443
7396,78.45333333333333,24.444444444444443
7397,40.053333333333335,32.44444444444444
7398,84.85333333333334,33.77777777777778
7399,83.83555555555556,30.22222222222222
7400,52.16444444444444,32.88888888888889
7401,116.16,34.22222222222222
7402,96.63111111111111,32.44444444444444
7403,50.404444444444444,29.333333333333332
7404,49.44,29.333333333333332
7405,77.58222222222223,33.33333333333333
7406,41.91111111111111,33.33333333333333
7407,76.86222222222223,29.777777777777775
7408,45.80888888888889,34.66666666666667
7409,48.74666666666667,29.333333333333332
7410,79.24888888888889,26.666666666666668
7411,75.56,33.33333333333333
7412,81.12,26.222222222222225
7413,122.00444444444445,31.11111111111111
7414,94.45777777777778,30.666666666666664
7415,116.47555555555556,35.11111111111111
7416,80.38222222222223,35.11111111111111
7417,96.21333333333334,26.666666666666668
7418,46.11555555555555,32
7419,59.45333333333333,28.888888888888886
7420,132.07111111111112,33.33333333333333
7421,50.21333333333333,31.11111111111111
7422,55.05777777777778,34.22222222222222
7423,94.4,30.666666666666664
7424,86.18222222222222,34.66666666666667
7425,77.57333333333334,33.33333333333333
7426,77.70666666666666,32.88888888888889
7427,78.25777777777778,28.444444444444443
7428,85.16,30.22222222222222
7429,83.41777777777777,34.22222222222222
7430,54.44,32
7431,120.63555555555556,28.000000000000004
7432,114.28888888888889,33.77777777777778
7433,118.55555555555556,24.444444444444443
7434,53.61333333333334,31.555555555555554
7435,61.25333333333333,26.666666666666668
7436,115.22222222222223,28.000000000000004
7437,115.95111111111112,36
7438,74.02666666666667,31.11111111111111
7439,46.44888888888889,30.666666666666664
7440,151.32,34.66666666666667
7441,154.84444444444443,33.33333333333333
7442,50,29.333333333333332
7443,45.90222222222222,30.22222222222222
7444,51.364444444444445,31.555555555555554
7445,113.24,35.55555555555556
7446,83.51555555555555,36.888888888888886
7447,46.87111111111111,33.77777777777778
7448,45.39555555555555,32.44444444444444
7449,45.422222222222224,30.22222222222222
7450,86.61777777777777,30.666666666666664
7451,84.80444444444444,33.77777777777778
7452,113.70222222222222,32.44444444444444
7453,85.22666666666667,30.666666666666664
7454,121.74222222222222,33.33333333333333
7455,123.67111111111112,28.444444444444443
7456,75.86666666666666,31.11111111111111
7457,49.75111111111111,32
7458,151.36,29.777777777777775
7459,79.06666666666666,34.22222222222222
7460,109.07111111111111,29.333333333333332
7461,79.52444444444444,31.555555555555554
7462,79.97333333333333,25.77777777777778
7463,85.63111111111111,38.666666666666664
7464,90.30222222222223,31.555555555555554
7465,77.65777777777778,35.11111111111111
7466,45.80888888888889,36.44444444444444
7467,79.41777777777777,28.000000000000004
7468,48.51555555555556,28.444444444444443
7469,89.72444444444444,31.11111111111111
7470,59.74666666666667,32
7471,53.12,38.666666666666664
7472,44.102222222222224,30.22222222222222
7473,83.52888888888889,41.333333333333336
7474,51.48,28.888888888888886
7475,114.35111111111111,35.55555555555556
7476,51.85333333333333,36.44444444444444
7477,82.2,27.555555555555557
7478,42.60888888888889,28.000000000000004
7479,53.15111111111111,26.666666666666668
7480,80.80888888888889,34.66666666666667
7481,56.03111111111111,33.33333333333333
7482,111.77333333333333,35.11111111111111
7483,48.53333333333333,35.11111111111111
7484,84.87555555555555,33.77777777777778
7485,85.39555555555556,30.666666666666664
7486,159.31555555555556,24.88888888888889
7487,155.15555555555557,33.77777777777778
7488,82.67111111111112,33.77777777777778
7489,85.08444444444444,30.666666666666664
7490,89.52888888888889,34.66666666666667
7491,45.27111111111111,30.666666666666664
7492,49.70666666666666,28.888888888888886
7493,41.04,42.22222222222222
7494,45.60888888888889,28.888888888888886
7495,39.57333333333333,36.888888888888886
7496,109.00888888888889,34.66666666666667
7497,161.6,30.22222222222222
7498,50.35111111111111,34.22222222222222
7499,78.41777777777777,32
7500,144.39555555555555,35.55555555555556
7501,130.02666666666667,29.333333333333332
7502,111.16444444444444,36.44444444444444
7503,158.83555555555554,33.77777777777778
7504,47.684444444444445,37.77777777777778
7505,72.33777777777777,33.33333333333333
7506,74.76,29.333333333333332
7507,58.69777777777778,31.555555555555554
7508,72.01777777777778,31.11111111111111
7509,123.54222222222222,32
7510,47.062222222222225,35.11111111111111
7511,123.32888888888888,35.11111111111111
7512,106.44,29.333333333333332
7513,73.66666666666667,31.11111111111111
7514,49.54222222222222,31.555555555555554
7515,77.17777777777778,29.777777777777775
7516,46.37777777777778,31.555555555555554
7517,76.81333333333333,32.44444444444444
7518,77.99111111111111,32.88888888888889
7519,118.88444444444444,25.77777777777778
7520,49.04888888888889,34.22222222222222
7521,52.471111111111114,35.11111111111111
7522,109.89333333333333,40.44444444444444
7523,49.96,30.22222222222222
7524,90.62222222222222,33.33333333333333
7525,113.47555555555556,28.000000000000004
7526,40.208888888888886,35.55555555555556
7527,113.62666666666667,32.44444444444444
7528,75.89333333333333,31.555555555555554
7529,49.111111111111114,35.11111111111111
7530,56.46222222222222,33.33333333333333
7531,37.937777777777775,33.77777777777778
7532,120.68444444444444,34.66666666666667
7533,118.5111111111111,30.22222222222222
7534,80.72444444444444,32.88888888888889
7535,55.17777777777778,28.444444444444443
7536,86.5911111111111,32.88888888888889
7537,121.48,28.888888888888886
7538,119.53333333333333,38.22222222222222
7539,83.96444444444444,28.888888888888886
7540,52.81777777777778,29.777777777777775
7541,46.76444444444444,27.111111111111114
7542,87.54666666666667,29.333333333333332
7543,85.68444444444444,31.11111111111111
7544,147.79555555555555,33.77777777777778
7545,45.82222222222222,40.44444444444444
7546,95.75111111111111,31.11111111111111
7547,89.84444444444445,30.22222222222222
7548,74.61333333333333,31.555555555555554
7549,43.21333333333333,36.888888888888886
7550,38.36888888888889,40
7551,50.373333333333335,33.77777777777778
7552,85.24,29.333333333333332
7553,89.70222222222222,28.888888888888886
7554,48.364444444444445,35.55555555555556
7555,45.92888888888889,30.666666666666664
7556,151.63111111111112,25.77777777777778
7557,154.07111111111112,31.11111111111111
7558,122.91111111111111,29.777777777777775
7559,80.63111111111111,32.44444444444444
7560,49.404444444444444,31.555555555555554
7561,83.76444444444445,31.555555555555554
7562,49.70666666666666,33.77777777777778
7563,108.10666666666667,28.888888888888886
7564,41.644444444444446,34.22222222222222
7565,60.14666666666667,32
7566,85.76444444444445,35.55555555555556
7567,80.55555555555556,24.88888888888889
7568,112.8711111111111,32
7569,76.25333333333333,33.33333333333333
7570,74.55555555555556,38.666666666666664
7571,74.32888888888888,34.66666666666667
7572,83.93777777777778,30.22222222222222
7573,39.55555555555556,36
7574,45.76888888888889,29.333333333333332
7575,62.19111111111111,32.88888888888889
7576,85.04888888888888,31.11111111111111
7577,84.44,34.22222222222222
7578,81.32888888888888,32.44444444444444
7579,120.69333333333333,32.44444444444444
7580,116.22666666666667,34.22222222222222
7581,119.45333333333333,30.22222222222222
7582,44.78666666666667,38.22222222222222
7583,115.66222222222223,32
7584,49.81777777777778,30.22222222222222
7585,48.44,25.77777777777778
7586,107.85777777777778,29.333333333333332
7587,110.7911111111111,33.33333333333333
7588,108.54222222222222,33.33333333333333
7589,81.31555555555556,31.555555555555554
7590,44.85333333333333,26.222222222222225
7591,49.422222222222224,35.11111111111111
7592,184.50666666666666,31.555555555555554
7593,89.61777777777777,28.444444444444443
7594,79.10666666666667,36
7595,94.43555555555555,25.77777777777778
7596,45.70666666666666,33.77777777777778
7597,76.51555555555555,36.888888888888886
7598,81.02666666666667,32.44444444444444
7599,81.79555555555555,31.555555555555554
7600,38.06666666666667,32.88888888888889
7601,82.44,36.888888888888886
7602,47.55111111111111,30.22222222222222
7603,93.92,26.666666666666668
7604,48.61333333333334,33.33333333333333
7605,47.87111111111111,32
7606,38.78666666666667,32.88888888888889
7607,44.84888888888889,35.55555555555556
7608,44.91555555555556,28.888888888888886
7609,40.373333333333335,31.11111111111111
7610,55.56,28.888888888888886
7611,84.98666666666666,30.666666666666664
7612,70.53777777777778,27.555555555555557
7613,45.49777777777778,28.888888888888886
7614,78.44,35.55555555555556
7615,54.11555555555555,29.333333333333332
7616,87.95111111111112,26.666666666666668
7617,115.31111111111112,29.333333333333332
7618,183.4488888888889,29.333333333333332
7619,76.69333333333333,34.66666666666667
7620,49.715555555555554,31.555555555555554
7621,57.67111111111111,29.333333333333332
7622,77.72444444444444,35.11111111111111
7623,50.675555555555555,33.33333333333333
7624,76.23555555555555,31.11111111111111
7625,77.4088888888889,36
7626,110.38222222222223,33.77777777777778
7627,88.65777777777778,32
7628,49.24444444444445,35.11111111111111
7629,83.30222222222223,31.555555555555554
7630,53.48,30.666666666666664
7631,114.81777777777778,33.77777777777778
7632,93.47111111111111,39.111111111111114
7633,155.87555555555556,30.666666666666664
7634,85.02222222222223,33.77777777777778
7635,48,35.55555555555556
7636,84.13333333333334,28.888888888888886
7637,215.73777777777778,30.666666666666664
7638,43.24444444444445,29.777777777777775
7639,161.88444444444445,32
7640,52.08444444444444,30.22222222222222
7641,39.897777777777776,35.11111111111111
7642,116.56,33.77777777777778
7643,111.00888888888889,30.666666666666664
7644,115.39555555555556,31.555555555555554
7645,80.33777777777777,28.444444444444443
7646,90.2,25.77777777777778
7647,39.70666666666666,32.88888888888889
7648,75.08,32.44444444444444
7649,45.19111111111111,32.44444444444444
7650,82.61777777777777,35.55555555555556
7651,75.96444444444444,33.33333333333333
7652,74.42222222222222,36.888888888888886
7653,56.80444444444444,32
7654,56.76444444444444,30.666666666666664
7655,82.11111111111111,30.666666666666664
7656,46.702222222222225,28.888888888888886
7657,115.36,34.22222222222222
7658,84.00888888888889,30.22222222222222
7659,37.39555555555555,28.444444444444443
7660,81.47111111111111,34.22222222222222
7661,50.102222222222224,30.666666666666664
7662,122.90666666666667,27.111111111111114
7663,40.91555555555556,36
7664,38.026666666666664,28.888888888888886
7665,251.72,35.11111111111111
7666,56.68,39.111111111111114
7667,39.90222222222222,36
7668,78.48444444444445,26.666666666666668
7669,78.32888888888888,30.666666666666664
7670,91.23555555555555,32.44444444444444
7671,46.955555555555556,32.44444444444444
7672,52.00888888888889,36.44444444444444
7673,86.53333333333333,31.11111111111111
7674,75.50666666666666,34.22222222222222
7675,48.595555555555556,33.77777777777778
7676,82.29333333333334,36
7677,51.14666666666667,31.555555555555554
7678,58.88444444444445,31.555555555555554
7679,57.733333333333334,32.88888888888889
7680,152.07111111111112,34.66666666666667
7681,84.2311111111111,31.11111111111111
7682,88.62222222222222,29.777777777777775
7683,85.70222222222222,27.555555555555557
7684,74.43111111111111,30.22222222222222
7685,52.68,33.33333333333333
7686,156.33333333333334,30.666666666666664
7687,184.52444444444444,31.11111111111111
7688,78.14666666666666,32.44444444444444
7689,54.346666666666664,34.22222222222222
7690,44.37777777777778,32.88888888888889
7691,80.4888888888889,36.888888888888886
7692,124.42222222222222,32.44444444444444
7693,45.13777777777778,31.11111111111111
7694,44.355555555555554,31.11111111111111
7695,76.71555555555555,36
7696,159.54666666666665,29.333333333333332
7697,91.72,30.22222222222222
7698,149.4711111111111,33.77777777777778
7699,54.41777777777778,30.666666666666664
7700,112.45333333333333,31.11111111111111
7701,40.315555555555555,36
7702,55,33.33333333333333
7703,79.42222222222222,25.77777777777778
7704,55.90222222222222,29.333333333333332
7705,51.93333333333333,34.22222222222222
7706,125.8,28.888888888888886
7707,39.39111111111111,31.11111111111111
7708,82.42666666666666,32.88888888888889
7709,97.02222222222223,40
7710,108.69333333333333,34.66666666666667
7711,181.49333333333334,32.44444444444444
7712,120.66222222222223,34.22222222222222
7713,56.093333333333334,32.44444444444444
7714,48.111111111111114,34.66666666666667
7715,48.044444444444444,34.66666666666667
7716,113.29333333333334,34.66666666666667
7717,45.946666666666665,27.111111111111114
7718,89.67111111111112,34.66666666666667
7719,91.57777777777778,28.444444444444443
7720,123.58222222222223,25.333333333333336
7721,110.69333333333333,33.77777777777778
7722,76.33777777777777,34.22222222222222
7723,50.51111111111111,32.88888888888889
7724,48.83555555555556,35.55555555555556
7725,60.28888888888889,29.777777777777775
7726,116.29333333333334,30.666666666666664
7727,147.8488888888889,24.88888888888889
7728,149.49333333333334,35.11111111111111
7729,80.84444444444445,37.333333333333336
7730,123.97777777777777,30.22222222222222
7731,61.577777777777776,29.333333333333332
7732,81.51555555555555,38.666666666666664
7733,38.044444444444444,32
7734,156.91555555555556,36.44444444444444
7735,47.57333333333333,31.11111111111111
7736,46.48444444444444,28.444444444444443
7737,39.208888888888886,35.11111111111111
7738,39.00888888888889,31.11111111111111
7739,155.7288888888889,32.88888888888889
7740,113.68444444444444,32
7741,78.2088888888889,36.44444444444444
7742,48.702222222222225,29.333333333333332
7743,86.5111111111111,31.555555555555554
7744,41.55111111111111,32.88888888888889
7745,43.00888888888889,33.33333333333333
7746,46.09777777777778,32
7747,50.373333333333335,40.44444444444444
7748,46.94222222222222,26.666666666666668
7749,113.61777777777777,29.333333333333332
7750,87.48,28.000000000000004
7751,77.15555555555555,31.555555555555554
7752,78.28888888888889,27.111111111111114
7753,116,26.666666666666668
7754,83.59555555555555,29.777777777777775
7755,111.12444444444445,32
7756,82.88888888888889,32.44444444444444
7757,56.87555555555556,28.444444444444443
7758,108.2,32
7759,42.10666666666667,35.11111111111111
7760,41.16444444444444,27.555555555555557
7761,46.91555555555556,32.88888888888889
7762,88.27111111111111,30.666666666666664
7763,85.01777777777778,36.888888888888886
7764,48.94222222222222,35.55555555555556
7765,117.1511111111111,31.555555555555554
7766,86.68888888888888,29.777777777777775
7767,51.48888888888889,28.888888888888886
7768,44.6,31.555555555555554
7769,112.28,29.777777777777775
7770,78.28,32
7771,50.16444444444444,33.77777777777778
7772,88.86666666666666,29.333333333333332
7773,74.56888888888889,28.888888888888886
7774,80.88444444444444,32.44444444444444
7775,44.71111111111111,31.11111111111111
7776,128.36444444444444,30.666666666666664
7777,87.38222222222223,29.333333333333332
7778,56.71111111111111,34.66666666666667
7779,118.61777777777777,29.333333333333332
7780,121.05333333333333,32.88888888888889
7781,147.48888888888888,33.33333333333333
7782,111.85333333333334,33.77777777777778
7783,123.53777777777778,31.555555555555554
7784,72.64,32.88888888888889
7785,75.36,30.666666666666664
7786,46.13777777777778,28.000000000000004
7787,72.03555555555556,31.555555555555554
7788,85.70222222222222,38.666666666666664
7789,147.38222222222223,27.555555555555557
7790,89.83555555555556,27.555555555555557
7791,39.84444444444444,29.777777777777775
7792,47.54222222222222,31.555555555555554
7793,42.28,34.22222222222222
7794,180.69333333333333,36.888888888888886
7795,110.81777777777778,33.33333333333333
7796,44.995555555555555,27.111111111111114
7797,43.24444444444445,38.666666666666664
7798,115.22222222222223,35.11111111111111
7799,103.46666666666667,35.55555555555556
7800,87.46666666666667,31.11111111111111
7801,80.37777777777778,31.11111111111111
7802,81.03111111111112,31.11111111111111
7803,117.36,28.444444444444443
7804,156.09777777777776,28.888888888888886
7805,121.39111111111112,28.000000000000004
7806,79.64,30.22222222222222
7807,46.84444444444444,32.44444444444444
7808,152.1822222222222,30.22222222222222
7809,59.31111111111111,33.77777777777778
7810,112.48,30.22222222222222
7811,59.64,30.666666666666664
7812,79.66666666666667,31.11111111111111
7813,92.55555555555556,32.44444444444444
7814,85.13777777777777,28.888888888888886
7815,131.50222222222223,32.44444444444444
7816,84.95111111111112,30.22222222222222
7817,42.888888888888886,34.66666666666667
7818,75.85333333333334,32.44444444444444
7819,78.63555555555556,25.333333333333336
7820,78.38222222222223,34.22222222222222
7821,165.27555555555554,35.55555555555556
7822,114.60444444444444,30.666666666666664
7823,83.1511111111111,28.000000000000004
7824,110.04444444444445,33.33333333333333
7825,74.79555555555555,32.44444444444444
7826,52.528888888888886,29.333333333333332
7827,51.45777777777778,30.666666666666664
7828,119.04444444444445,29.777777777777775
7829,83.93777777777778,31.11111111111111
7830,76.10666666666667,32.44444444444444
7831,44.46666666666667,38.666666666666664
7832,45.49333333333333,25.77777777777778
7833,84.93333333333334,33.77777777777778
7834,111.30666666666667,25.77777777777778
7835,45.346666666666664,36.888888888888886
7836,109.69333333333333,34.66666666666667
7837,86.19555555555556,29.777777777777775
7838,123.78666666666666,32
7839,39.77333333333333,30.666666666666664
7840,118.22222222222223,32
7841,76.10666666666667,38.666666666666664
7842,77.67555555555556,35.55555555555556
7843,85.91555555555556,36
7844,48.275555555555556,36.888888888888886
7845,122.16888888888889,26.666666666666668
7846,81.55555555555556,32
7847,50.08,32.88888888888889
7848,54.50666666666667,32.88888888888889
7849,45.666666666666664,29.777777777777775
7850,142.64888888888888,38.666666666666664
7851,81.50666666666666,26.222222222222225
7852,112.52,36
7853,88.52,32.88888888888889
7854,78.19111111111111,34.22222222222222
7855,154.0311111111111,37.333333333333336
7856,152.58666666666667,29.777777777777775
7857,113.88444444444444,26.222222222222225
7858,42.64,32
7859,41.89333333333333,30.666666666666664
7860,44.93333333333333,31.11111111111111
7861,48.528888888888886,31.555555555555554
7862,138.43555555555557,25.77777777777778
7863,50.35111111111111,32.44444444444444
7864,50.50222222222222,28.444444444444443
7865,77.09333333333333,36.44444444444444
7866,48.093333333333334,33.33333333333333
7867,117.2311111111111,32.44444444444444
7868,47.32,33.77777777777778
7869,48.58222222222222,33.33333333333333
7870,65.75555555555556,29.777777777777775
7871,81.35555555555555,29.333333333333332
7872,47.92444444444445,36.888888888888886
7873,58.13333333333333,32.44444444444444
7874,75.18666666666667,34.66666666666667
7875,44.74666666666667,39.111111111111114
7876,125.32,35.55555555555556
7877,118.01777777777778,32
7878,85.21777777777778,36.888888888888886
7879,75.17333333333333,30.666666666666664
7880,84.84,35.55555555555556
7881,84.18666666666667,29.777777777777775
7882,84.00888888888889,33.77777777777778
7883,70.53333333333333,38.22222222222222
7884,47.217777777777776,36
7885,122.61333333333333,30.22222222222222
7886,80.44,31.11111111111111
7887,87.13333333333334,25.77777777777778
7888,79.22666666666667,29.333333333333332
7889,95.32,32
7890,157.74666666666667,30.22222222222222
7891,120.8711111111111,32
7892,112.2,30.666666666666664
7893,85.13777777777777,34.66666666666667
7894,111.33333333333333,29.777777777777775
7895,181.48,33.33333333333333
7896,45.04,32
7897,47.004444444444445,32.88888888888889
7898,44.08,31.11111111111111
7899,46.684444444444445,29.777777777777775
7900,94.58222222222223,33.33333333333333
7901,81.44888888888889,29.333333333333332
7902,50.471111111111114,35.11111111111111
7903,110.13777777777777,33.33333333333333
7904,86.91111111111111,32.44444444444444
7905,48.89333333333333,27.111111111111114
7906,43.93333333333333,32.44444444444444
7907,86.10666666666667,29.333333333333332
7908,50.08,34.66666666666667
7909,88.60888888888888,26.666666666666668
7910,46.23111111111111,32
7911,79.53333333333333,30.22222222222222
7912,157.58666666666667,28.000000000000004
7913,53.715555555555554,32.88888888888889
7914,41.217777777777776,31.11111111111111
7915,114.01333333333334,36.44444444444444
7916,80.44,33.33333333333333
7917,58.13333333333333,37.333333333333336
7918,57.13333333333333,33.33333333333333
7919,49.306666666666665,28.888888888888886
7920,85.22222222222223,32.44444444444444
7921,88.82222222222222,33.77777777777778
7922,109.47555555555556,33.33333333333333
7923,54.23555555555556,29.333333333333332
7924,81.61777777777777,32.44444444444444
7925,43.84,32.44444444444444
7926,112.92888888888889,28.888888888888886
7927,50.77333333333333,29.777777777777775
7928,80.17777777777778,31.11111111111111
7929,41.96888888888889,33.33333333333333
7930,114.19555555555556,28.444444444444443
7931,56.18666666666667,32.88888888888889
7932,85.19555555555556,27.111111111111114
7933,58.004444444444445,28.444444444444443
7934,86.05777777777777,32.44444444444444
7935,82.04,31.11111111111111
7936,117.4888888888889,33.33333333333333
7937,76.65333333333334,33.33333333333333
7938,79.63555555555556,35.55555555555556
7939,157.96,33.33333333333333
7940,83.45777777777778,35.55555555555556
7941,67.50666666666666,35.11111111111111
7942,81.53333333333333,27.555555555555557
7943,83.31111111111112,37.77777777777778
7944,40.23555555555556,31.11111111111111
7945,54.22222222222222,27.555555555555557
7946,112.4888888888889,32
7947,112.54222222222222,32.44444444444444
7948,185.63555555555556,37.333333333333336
7949,43.91555555555556,31.555555555555554
7950,79.39111111111112,30.666666666666664
7951,109.98666666666666,30.22222222222222
7952,45.86666666666667,32.44444444444444
7953,50.977777777777774,36
7954,81.67111111111112,31.11111111111111
7955,48.635555555555555,32.44444444444444
7956,38.57333333333333,29.333333333333332
7957,82.36,43.111111111111114
7958,49.26222222222222,36.888888888888886
7959,84.65777777777778,32.88888888888889
7960,131.97333333333333,30.22222222222222
7961,76.21333333333334,39.111111111111114
7962,53.693333333333335,29.777777777777775
7963,79.08,28.444444444444443
7964,113.01333333333334,32.44444444444444
7965,81.7911111111111,27.111111111111114
7966,114.41333333333333,24
7967,77.92888888888889,34.22222222222222
7968,33.21333333333333,33.33333333333333
7969,90.1511111111111,35.55555555555556
7970,82.50666666666666,31.11111111111111
7971,44.34222222222222,28.888888888888886
7972,85.98222222222222,27.111111111111114
7973,109.86222222222223,29.333333333333332
7974,117.73777777777778,28.888888888888886
7975,98.15555555555555,26.666666666666668
7976,41.013333333333335,33.33333333333333
7977,118.16444444444444,29.777777777777775
7978,40.87111111111111,35.11111111111111
7979,98.23555555555555,36.888888888888886
7980,53.54222222222222,31.11111111111111
7981,192.8088888888889,32
7982,42.91111111111111,31.555555555555554
7983,78.64,32.44444444444444
7984,50.52,31.11111111111111
7985,78.78222222222222,34.22222222222222
7986,48.666666666666664,28.444444444444443
7987,51.897777777777776,27.111111111111114
7988,44.702222222222225,36.44444444444444
7989,114.08444444444444,31.11111111111111
7990,48.59111111111111,28.444444444444443
7991,90.00888888888889,27.555555555555557
7992,54.07111111111111,32.88888888888889
7993,56.92444444444445,37.77777777777778
7994,83.5911111111111,32
7995,106.44888888888889,31.11111111111111
7996,116.52444444444444,31.11111111111111
7997,55.364444444444445,32
7998,48.76444444444444,26.222222222222225
7999,82.38666666666667,32.88888888888889
8000,48.568888888888885,37.77777777777778
8001,42.85333333333333,29.777777777777775
8002,43.44,30.22222222222222
8003,79.04888888888888,32.88888888888889
8004,109.30222222222223,35.11111111111111
8005,152.83555555555554,33.33333333333333
8006,73.21333333333334,29.333333333333332
8007,114.54666666666667,32
8008,45.733333333333334,30.666666666666664
8009,124.92444444444445,31.555555555555554
8010,56.102222222222224,31.555555555555554
8011,78.29333333333334,30.666666666666664
8012,38.30222222222222,27.555555555555557
8013,90.4088888888889,36.888888888888886
8014,55.50666666666667,30.22222222222222
8015,46.653333333333336,33.33333333333333
8016,78.70666666666666,31.555555555555554
8017,46.666666666666664,37.77777777777778
8018,50.355555555555554,32.88888888888889
8019,118.08444444444444,36
8020,76.49333333333334,37.333333333333336
8021,73.44,29.777777777777775
8022,41.31111111111111,31.11111111111111
8023,83.5911111111111,29.333333333333332
8024,46.64,36.44444444444444
8025,77.92444444444445,36
8026,75.95555555555555,35.11111111111111
8027,77.57333333333334,27.111111111111114
8028,64.37777777777778,35.11111111111111
8029,44.12,34.22222222222222
8030,54.06666666666667,29.777777777777775
8031,50.568888888888885,36.44444444444444
8032,46.84,31.555555555555554
8033,82.39555555555556,25.333333333333336
8034,43.60444444444445,31.555555555555554
8035,88.44888888888889,32.44444444444444
8036,111.99555555555555,39.111111111111114
8037,142.48888888888888,27.111111111111114
8038,81.07555555555555,40
8039,78.77333333333333,31.555555555555554
8040,76.08888888888889,31.11111111111111
8041,83.71555555555555,32
8042,119.54666666666667,37.333333333333336
8043,173.36,30.22222222222222
8044,39.82222222222222,30.666666666666664
8045,122.44,32.44444444444444
8046,88.11111111111111,36
8047,154.40444444444444,29.777777777777775
8048,87.70222222222222,34.22222222222222
8049,182.05333333333334,24.444444444444443
8050,79.86666666666666,28.000000000000004
8051,84.50222222222222,25.77777777777778
8052,78.55555555555556,32
8053,189.7511111111111,40
8054,47.093333333333334,34.66666666666667
8055,75.69333333333333,33.33333333333333
8056,81.2088888888889,31.555555555555554
8057,49.37777777777778,28.888888888888886
8058,80.81777777777778,31.555555555555554
8059,104.03555555555556,35.11111111111111
8060,148.04,27.555555555555557
8061,83.75111111111111,32.44444444444444
8062,46.75111111111111,31.11111111111111
8063,80.70666666666666,36.888888888888886
8064,82.63111111111111,30.22222222222222
8065,84.60888888888888,34.66666666666667
8066,77.53333333333333,33.33333333333333
8067,44.18666666666667,31.11111111111111
8068,50.35111111111111,31.555555555555554
8069,118.35555555555555,29.777777777777775
8070,99.22666666666667,29.777777777777775
8071,151.88888888888889,32
8072,116.5911111111111,31.11111111111111
8073,155.11111111111111,33.33333333333333
8074,80.70222222222222,31.555555555555554
8075,88.81333333333333,29.777777777777775
8076,91.64444444444445,29.333333333333332
8077,49.04888888888889,31.11111111111111
8078,45.742222222222225,34.66666666666667
8079,80.74222222222222,35.11111111111111
8080,159.44444444444446,28.888888888888886
8081,79.04,32.88888888888889
8082,117.76444444444445,33.77777777777778
8083,52.69777777777778,32
8084,47.23111111111111,30.22222222222222
8085,80.17333333333333,33.33333333333333
8086,48.33777777777778,34.66666666666667
8087,90.49777777777778,29.777777777777775
8088,189.60888888888888,33.77777777777778
8089,111.95555555555555,29.333333333333332
8090,109.29333333333334,30.22222222222222
8091,54.66222222222222,28.444444444444443
8092,47.897777777777776,29.333333333333332
8093,81.07111111111111,28.444444444444443
8094,81.42222222222222,29.333333333333332
8095,46.89333333333333,33.77777777777778
8096,78.84444444444445,28.444444444444443
8097,50.053333333333335,35.55555555555556
8098,81.88888888888889,30.22222222222222
8099,116.41333333333333,40.44444444444444
8100,108.25333333333333,34.66666666666667
8101,87.70666666666666,32.88888888888889
8102,84.55555555555556,31.11111111111111
8103,41.84,28.444444444444443
8104,86.32888888888888,33.77777777777778
8105,80.37333333333333,30.22222222222222
8106,83.4,34.66666666666667
8107,80.13333333333334,33.33333333333333
8108,39.79555555555555,31.11111111111111
8109,121.97777777777777,34.66666666666667
8110,44.31111111111111,35.11111111111111
8111,80.08888888888889,35.11111111111111
8112,38.23111111111111,33.33333333333333
8113,109.12444444444445,35.55555555555556
8114,77.67555555555556,35.55555555555556
8115,78.75555555555556,29.777777777777775
8116,49.87555555555556,34.22222222222222
8117,43.35111111111111,36.888888888888886
8118,44.19555555555556,35.55555555555556
8119,86.22222222222223,36
8120,75.17333333333333,35.55555555555556
8121,148.66666666666666,27.111111111111114
8122,46.92888888888889,28.444444444444443
8123,79.64,32.88888888888889
8124,44.61333333333334,33.33333333333333
8125,83.43111111111111,27.111111111111114
8126,115.32888888888888,36
8127,114.48,29.333333333333332
8128,46.15111111111111,32.44444444444444
8129,76.50222222222222,30.666666666666664
8130,44.653333333333336,30.666666666666664
8131,73.13777777777777,32.88888888888889
8132,54.76888888888889,34.66666666666667
8133,47.062222222222225,27.555555555555557
8134,115.2311111111111,31.555555555555554
8135,118.94666666666667,32
8136,60.72,25.77777777777778
8137,122.68444444444444,27.111111111111114
8138,116.67111111111112,31.555555555555554
8139,94.5111111111111,35.11111111111111
8140,82.25333333333333,24.88888888888889
8141,116.43111111111111,30.666666666666664
8142,79.94222222222223,33.77777777777778
8143,152.22222222222223,37.333333333333336
8144,108.09333333333333,36
8145,118.96,33.77777777777778
8146,42.25333333333333,28.444444444444443
8147,80.66666666666667,31.555555555555554
8148,41.382222222222225,31.11111111111111
8149,48.36888888888889,32.44444444444444
8150,51.595555555555556,32.44444444444444
8151,84.53333333333333,30.666666666666664
8152,40.635555555555555,30.22222222222222
8153,47.68,33.33333333333333
8154,120.2088888888889,34.66666666666667
8155,52.733333333333334,34.22222222222222
8156,82.82666666666667,33.77777777777778
8157,115.12444444444445,36.44444444444444
8158,46.13777777777778,31.555555555555554
8159,91.44444444444444,31.555555555555554
8160,119.64888888888889,27.555555555555557
8161,45.92444444444445,31.11111111111111
8162,190.17777777777778,32.44444444444444
8163,42.92444444444445,35.55555555555556
8164,111.54222222222222,33.77777777777778
8165,182.1688888888889,30.22222222222222
8166,79.66666666666667,35.55555555555556
8167,111.41333333333333,31.11111111111111
8168,49.55555555555556,27.555555555555557
8169,87.73777777777778,36.44444444444444
8170,38.19555555555556,33.77777777777778
8171,142.86222222222221,26.666666666666668
8172,46.50222222222222,31.555555555555554
8173,76.95555555555555,31.555555555555554
8174,45.95111111111111,30.22222222222222
8175,84.03555555555556,33.33333333333333
8176,108.34666666666666,35.11111111111111
8177,46.43555555555555,36.44444444444444
8178,81.60444444444444,29.333333333333332
8179,41.64,28.444444444444443
8180,114.01333333333334,35.11111111111111
8181,114.4088888888889,34.22222222222222
8182,78.58666666666667,29.777777777777775
8183,74.2311111111111,35.11111111111111
8184,43.72,28.000000000000004
8185,78.60888888888888,31.555555555555554
8186,49.644444444444446,33.77777777777778
8187,75.04,36.888888888888886
8188,80.60444444444444,35.55555555555556
8189,81.04,33.77777777777778
8190,48.32,30.22222222222222
8191,43.85333333333333,30.666666666666664
8192,52.422222222222224,30.22222222222222
8193,42.035555555555554,35.55555555555556
8194,87.63555555555556,35.11111111111111
8195,39.742222222222225,31.555555555555554
8196,145.00444444444443,32.44444444444444
8197,154.7511111111111,32.44444444444444
8198,73.20444444444445,37.333333333333336
8199,107.24444444444444,32
8200,115.8,29.777777777777775
8201,88.54666666666667,32.88888888888889
8202,51.91555555555556,32.44444444444444
8203,50.59111111111111,28.000000000000004
8204,86.58222222222223,42.66666666666667
8205,111.64888888888889,35.55555555555556
8206,114.72,37.77777777777778
8207,112.41777777777777,35.11111111111111
8208,51.68,36
8209,43.373333333333335,35.11111111111111
8210,86.46222222222222,31.11111111111111
8211,48.13333333333333,33.77777777777778
8212,128.64444444444445,31.555555555555554
8213,47.77333333333333,28.888888888888886
8214,148.2577777777778,24.444444444444443
8215,40.49777777777778,32
8216,90.8711111111111,29.333333333333332
8217,46.84888888888889,35.11111111111111
8218,57.595555555555556,38.666666666666664
8219,62.45777777777778,33.77777777777778
8220,86.96,32
8221,123.1511111111111,36.44444444444444
8222,38.44888888888889,32
8223,73.19555555555556,34.66666666666667
8224,54.53333333333333,28.888888888888886
8225,89.09333333333333,33.33333333333333
8226,73.54222222222222,32.44444444444444
8227,46.093333333333334,31.11111111111111
8228,119.95555555555555,28.444444444444443
8229,44.78666666666667,28.888888888888886
8230,87.5911111111111,30.666666666666664
8231,86.10222222222222,37.333333333333336
8232,52.87111111111111,25.333333333333336
8233,80.55555555555556,31.555555555555554
8234,37.40888888888889,35.11111111111111
8235,80.32,36.888888888888886
8236,44.68888888888889,32.88888888888889
8237,40.87555555555556,30.666666666666664
8238,83.6,33.33333333333333
8239,46.90222222222222,37.333333333333336
8240,48.675555555555555,32
8241,78.4,32.88888888888889
8242,42.76,29.777777777777775
8243,121.89777777777778,31.11111111111111
8244,74.73777777777778,35.11111111111111
8245,84.11111111111111,32.44444444444444
8246,43.568888888888885,26.222222222222225
8247,51.568888888888885,35.11111111111111
8248,40.17777777777778,32
8249,115.2088888888889,33.33333333333333
8250,84.49333333333334,33.77777777777778
8251,44.946666666666665,32.44444444444444
8252,82.09333333333333,37.77777777777778
8253,62.82222222222222,32
8254,117.37333333333333,33.33333333333333
8255,73.94222222222223,33.33333333333333
8256,52.364444444444445,31.11111111111111
8257,116.1511111111111,32.44444444444444
8258,111.12444444444445,31.11111111111111
8259,123.37333333333333,34.22222222222222
8260,88.73777777777778,28.000000000000004
8261,230.12,33.77777777777778
8262,56.84888888888889,30.22222222222222
8263,42.96888888888889,32.88888888888889
8264,72.78666666666666,37.333333333333336
8265,39.07555555555555,35.11111111111111
8266,118.75555555555556,32.44444444444444
8267,113.16444444444444,29.333333333333332
8268,48.28,31.555555555555554
8269,116.57333333333334,31.11111111111111
8270,46.888888888888886,29.777777777777775
8271,79.91555555555556,30.666666666666664
8272,45.42666666666667,28.000000000000004
8273,38.973333333333336,33.77777777777778
8274,77.84444444444445,32.88888888888889
8275,45.4,28.444444444444443
8276,83.84444444444445,40.88888888888889
8277,79.86222222222223,32.44444444444444
8278,41.973333333333336,31.11111111111111
8279,50.33777777777778,28.888888888888886
8280,80.31111111111112,32.88888888888889
8281,83.22666666666667,31.11111111111111
8282,113.55111111111111,36.44444444444444
8283,73.51555555555555,35.55555555555556
8284,147.9111111111111,35.55555555555556
8285,114.93777777777778,33.77777777777778
8286,119.82222222222222,32
8287,77.90666666666667,35.11111111111111
8288,122.5111111111111,34.66666666666667
8289,92.64444444444445,34.22222222222222
8290,88.2,32.88888888888889
8291,47.68,30.666666666666664
8292,74.37777777777778,32
8293,79.64,29.333333333333332
8294,82.94666666666667,33.77777777777778
8295,114.72,28.888888888888886
8296,154.96444444444444,35.11111111111111
8297,77.17333333333333,32
8298,56.57333333333333,39.111111111111114
8299,82.14222222222222,31.555555555555554
8300,81.78222222222222,32.88888888888889
8301,44.00888888888889,28.888888888888886
8302,48.315555555555555,36
8303,47.05777777777778,31.555555555555554
8304,51.38666666666666,28.000000000000004
8305,90.8,28.444444444444443
8306,56.733333333333334,28.444444444444443
8307,151.11555555555555,33.33333333333333
8308,46.51111111111111,36.44444444444444
8309,114.84444444444445,35.55555555555556
8310,165.39555555555555,28.000000000000004
8311,47.16888888888889,35.55555555555556
8312,95.85333333333334,27.555555555555557
8313,80.06222222222222,34.66666666666667
8314,161.8488888888889,28.000000000000004
8315,44.41777777777778,32
8316,113.27111111111111,31.11111111111111
8317,48.87111111111111,32.44444444444444
8318,79.64,34.66666666666667
8319,45.98222222222222,32.44444444444444
8320,51.76444444444444,29.333333333333332
8321,48.324444444444445,35.11111111111111
8322,49.93333333333333,40.88888888888889
8323,73.89333333333333,37.77777777777778
8324,86.19111111111111,31.555555555555554
8325,42.83111111111111,32
8326,117.71555555555555,30.22222222222222
8327,87.31555555555556,30.22222222222222
8328,121.30666666666667,34.22222222222222
8329,42.05777777777778,31.11111111111111
8330,80.73333333333333,27.555555555555557
8331,49.92,36.44444444444444
8332,113.51555555555555,25.77777777777778
8333,45.92,33.77777777777778
8334,79.75111111111111,40.44444444444444
8335,111.4,30.22222222222222
8336,86.09777777777778,28.000000000000004
8337,78.45333333333333,31.555555555555554
8338,87.27111111111111,30.666666666666664
8339,47.964444444444446,31.555555555555554
8340,49.053333333333335,34.22222222222222
8341,91.85333333333334,29.333333333333332
8342,83.92888888888889,25.77777777777778
8343,83.16444444444444,35.11111111111111
8344,47.72,29.777777777777775
8345,85.1288888888889,27.555555555555557
8346,114.24888888888889,27.555555555555557
8347,41.36888888888889,28.888888888888886
8348,78.25333333333333,30.22222222222222
8349,46.84888888888889,36.44444444444444
8350,122.35555555555555,32
8351,78.60888888888888,36
8352,120.01333333333334,29.333333333333332
8353,42.24888888888889,28.888888888888886
8354,47.91111111111111,35.11111111111111
8355,83.41777777777777,34.22222222222222
8356,38.16444444444444,34.22222222222222
8357,57.644444444444446,32
8358,120.08888888888889,29.333333333333332
8359,43.47555555555556,34.22222222222222
8360,83.86666666666666,36.888888888888886
8361,41.364444444444445,32
8362,53.8,34.66666666666667
8363,107.65333333333334,29.333333333333332
8364,81.5911111111111,35.11111111111111
8365,45.56444444444445,32.44444444444444
8366,81.17333333333333,31.555555555555554
8367,116.97333333333333,34.66666666666667
8368,43.50666666666667,29.777777777777775
8369,108.80888888888889,28.888888888888886
8370,113.13777777777777,36
8371,96.15555555555555,32.88888888888889
8372,49.14222222222222,32
8373,113.16888888888889,32.44444444444444
8374,67.81333333333333,30.666666666666664
8375,89.67111111111112,29.777777777777775
8376,116.72888888888889,30.666666666666664
8377,119.95111111111112,37.77777777777778
8378,91.17333333333333,28.444444444444443
8379,47.14222222222222,32.44444444444444
8380,113.7911111111111,27.555555555555557
8381,152.53333333333333,26.666666666666668
8382,80.96888888888888,31.555555555555554
8383,83.59555555555555,32.88888888888889
8384,122.83111111111111,31.11111111111111
8385,114.30222222222223,34.22222222222222
8386,39.635555555555555,27.555555555555557
8387,56.50666666666667,27.555555555555557
8388,82.24444444444444,29.333333333333332
8389,79.13777777777777,30.666666666666664
8390,41.82666666666667,34.22222222222222
8391,44.404444444444444,36
8392,86.39111111111112,31.11111111111111
8393,87.2311111111111,32.88888888888889
8394,78.25333333333333,31.555555555555554
8395,150.62222222222223,37.333333333333336
8396,50.00888888888889,29.333333333333332
8397,44.48888888888889,35.55555555555556
8398,90.89777777777778,31.555555555555554
8399,185.77777777777777,32.44444444444444
8400,84.99111111111111,31.555555555555554
8401,43.24,32.44444444444444
8402,127.19555555555556,28.888888888888886
8403,46.937777777777775,28.444444444444443
8404,87.55555555555556,32
8405,76.7688888888889,30.22222222222222
8406,80,30.666666666666664
8407,150.86222222222221,33.33333333333333
8408,145,36.44444444444444
8409,60.2,23.11111111111111
8410,53.56,32.44444444444444
8411,83.19111111111111,30.666666666666664
8412,125.29333333333334,28.000000000000004
8413,82.19111111111111,28.888888888888886
8414,112.44444444444444,35.11111111111111
8415,84.20444444444445,32.88888888888889
8416,46.653333333333336,28.888888888888886
8417,77.72888888888889,28.888888888888886
8418,80.65333333333334,25.333333333333336
8419,121.12444444444445,34.22222222222222
8420,124.6,32
8421,50.31111111111111,34.22222222222222
8422,88.71111111111111,29.777777777777775
8423,43.66222222222222,30.22222222222222
8424,78.22666666666667,24.88888888888889
8425,41.053333333333335,33.33333333333333
8426,88.50222222222222,27.111111111111114
8427,45.55555555555556,32.88888888888889
8428,46.897777777777776,32.88888888888889
8429,46.68888888888889,33.33333333333333
8430,149.19555555555556,25.333333333333336
8431,111.21333333333334,32.44444444444444
8432,155.53333333333333,27.555555555555557
8433,80.47555555555556,26.222222222222225
8434,113.92,32.44444444444444
8435,85.58666666666667,30.666666666666664
8436,97.39111111111112,29.777777777777775
8437,80.32888888888888,36.888888888888886
8438,41.76888888888889,34.22222222222222
8439,126.76444444444445,29.777777777777775
8440,50.68,24
8441,78.72444444444444,30.22222222222222
8442,46.906666666666666,38.22222222222222
8443,56.29333333333334,34.22222222222222
8444,118.57333333333334,35.55555555555556
8445,80.80444444444444,32
8446,44.03111111111111,30.22222222222222
8447,96.22666666666667,29.333333333333332
8448,44.17333333333333,30.666666666666664
8449,113.25777777777778,26.222222222222225
8450,80.32888888888888,35.11111111111111
8451,42.91111111111111,27.111111111111114
8452,56.346666666666664,34.22222222222222
8453,81.32888888888888,32
8454,83.88444444444444,30.22222222222222
8455,80.1511111111111,27.555555555555557
8456,78.68888888888888,33.33333333333333
8457,79.56444444444445,30.22222222222222
8458,120.67555555555556,31.11111111111111
8459,45.315555555555555,37.333333333333336
8460,109.96444444444444,32
8461,45.977777777777774,32
8462,124.97333333333333,27.555555555555557
8463,81.23555555555555,32.44444444444444
8464,47.955555555555556,32.88888888888889
8465,84.54666666666667,28.888888888888886
8466,90.4888888888889,34.22222222222222
8467,47.28888888888889,30.22222222222222
8468,42.84444444444444,26.222222222222225
8469,50.53777777777778,31.555555555555554
8470,121.00888888888889,32.88888888888889
8471,116.42222222222222,33.77777777777778
8472,75.86222222222223,32
8473,116.42222222222222,28.888888888888886
8474,79.28888888888889,36
8475,54.413333333333334,37.333333333333336
8476,72.94222222222223,27.111111111111114
8477,84.72888888888889,38.666666666666664
8478,106.47111111111111,33.77777777777778
8479,75.40444444444445,29.777777777777775
8480,52.937777777777775,26.222222222222225
8481,85.95111111111112,29.777777777777775
8482,123.74222222222222,32.88888888888889
8483,81.62666666666667,26.222222222222225
8484,118.43555555555555,33.33333333333333
8485,90.24888888888889,34.22222222222222
8486,93.86666666666666,30.22222222222222
8487,87.36,31.555555555555554
8488,84.12444444444445,26.666666666666668
8489,45.24,27.555555555555557
8490,93.65777777777778,32
8491,82.35111111111111,29.777777777777775
8492,117.01333333333334,29.333333333333332
8493,80.91111111111111,38.666666666666664
8494,47.422222222222224,28.888888888888886
8495,55.373333333333335,32.44444444444444
8496,53.675555555555555,33.33333333333333
8497,44.08444444444444,31.11111111111111
8498,76.78222222222222,27.111111111111114
8499,76.53333333333333,33.33333333333333
8500,80.59555555555555,33.33333333333333
8501,45.66222222222222,27.555555555555557
8502,44.76444444444444,33.33333333333333
8503,62.022222222222226,34.66666666666667
8504,59.86666666666667,27.555555555555557
8505,86.37777777777778,35.11111111111111
8506,127.68,31.11111111111111
8507,95.55555555555556,32.88888888888889
8508,50.60444444444445,36
8509,116.60444444444444,32.44444444444444
8510,44.45777777777778,29.777777777777775
8511,51.15111111111111,24.88888888888889
8512,87.54666666666667,29.777777777777775
8513,86.82222222222222,33.33333333333333
8514,86.45333333333333,29.777777777777775
8515,113.62222222222222,33.33333333333333
8516,122.03555555555556,35.55555555555556
8517,52.63111111111111,32.44444444444444
8518,115.17777777777778,33.33333333333333
8519,117.10222222222222,31.11111111111111
8520,118.78222222222222,30.666666666666664
8521,51.52,31.555555555555554
8522,48.31111111111111,30.666666666666664
8523,61.50666666666667,40.88888888888889
8524,88.25333333333333,35.11111111111111
8525,81.09333333333333,30.666666666666664
8526,49.36,31.555555555555554
8527,53.08444444444444,29.777777777777775
8528,40.49777777777778,31.11111111111111
8529,78.49333333333334,34.22222222222222
8530,56.84,33.77777777777778
8531,55.21333333333333,29.777777777777775
8532,119.81333333333333,31.11111111111111
8533,83.71111111111111,27.555555555555557
8534,190.84,30.666666666666664
8535,52.86666666666667,32
8536,47.32888888888889,29.777777777777775
8537,90.39111111111112,26.222222222222225
8538,73.52888888888889,30.666666666666664
8539,50.14666666666667,29.777777777777775
8540,43.284444444444446,31.555555555555554
8541,149.16444444444446,30.666666666666664
8542,147.96,32.88888888888889
8543,76.38666666666667,29.777777777777775
8544,131.11111111111111,29.333333333333332
8545,45.55111111111111,28.888888888888886
8546,49.72,37.333333333333336
8547,94.70666666666666,36.888888888888886
8548,48.41777777777778,28.000000000000004
8549,79.76444444444445,28.888888888888886
8550,156.7511111111111,32.44444444444444
8551,48.59111111111111,25.333333333333336
8552,48.74666666666667,33.77777777777778
8553,123.67555555555556,28.000000000000004
8554,149.80444444444444,28.888888888888886
8555,54.56444444444445,28.444444444444443
8556,52.55111111111111,30.22222222222222
8557,124.46222222222222,32.88888888888889
8558,48.37777777777778,30.22222222222222
8559,84.41777777777777,36
8560,56.54222222222222,26.222222222222225
8561,115.32,32.88888888888889
8562,81.85333333333334,32
8563,45.93333333333333,38.22222222222222
8564,86.52,34.66666666666667
8565,48.093333333333334,31.555555555555554
8566,119.07555555555555,28.444444444444443
8567,157.46666666666667,29.777777777777775
8568,42.044444444444444,34.66666666666667
8569,120.41777777777777,32.44444444444444
8570,43.11555555555555,38.22222222222222
8571,115.09777777777778,38.22222222222222
8572,44.315555555555555,36.44444444444444
8573,89.78666666666666,29.777777777777775
8574,74.88888888888889,28.888888888888886
8575,111.23555555555555,32.44444444444444
8576,51.71111111111111,30.22222222222222
8577,115.57777777777778,32
8578,43.03111111111111,34.22222222222222
8579,42.70666666666666,36
8580,109.38222222222223,32.88888888888889
8581,47.422222222222224,28.888888888888886
8582,81.24,32
8583,119.55555555555556,32
8584,123.64444444444445,32.88888888888889
8585,76.44,37.333333333333336
8586,46.72888888888889,36.888888888888886
8587,85.00888888888889,36
8588,46.733333333333334,34.22222222222222
8589,77.76444444444445,26.666666666666668
8590,46.51111111111111,27.555555555555557
8591,144.3111111111111,28.888888888888886
8592,81.2311111111111,32.44444444444444
8593,47.17333333333333,27.111111111111114
8594,116.77777777777777,31.555555555555554
8595,83.17333333333333,30.22222222222222
8596,186.47555555555556,31.555555555555554
8597,40.284444444444446,29.777777777777775
8598,57.76444444444444,29.333333333333332
8599,124.32444444444444,34.22222222222222
8600,82.28,27.555555555555557
8601,45.742222222222225,33.77777777777778
8602,45.653333333333336,31.11111111111111
8603,108.21333333333334,32.44444444444444
8604,80.68888888888888,32.44444444444444
8605,76.5111111111111,33.33333333333333
8606,89.63111111111111,37.77777777777778
8607,119.56888888888889,37.77777777777778
8608,36.08444444444444,34.66666666666667
8609,42.36,33.33333333333333
8610,49.32,28.000000000000004
8611,91.50666666666666,30.22222222222222
8612,117.78666666666666,34.66666666666667
8613,121.08888888888889,39.55555555555556
8614,151.44444444444446,35.55555555555556
8615,58.2,28.444444444444443
8616,80.60444444444444,32.44444444444444
8617,43.733333333333334,30.22222222222222
8618,47.49777777777778,32
8619,49.76,35.11111111111111
8620,57.413333333333334,32.44444444444444
8621,80.36,34.22222222222222
8622,114.65777777777778,34.66666666666667
8623,45.19111111111111,35.11111111111111
8624,86.36888888888889,33.77777777777778
8625,44.44888888888889,33.77777777777778
8626,75.17333333333333,33.77777777777778
8627,71.22666666666667,29.777777777777775
8628,73.98222222222222,34.66666666666667
8629,48.471111111111114,29.333333333333332
8630,121.74666666666667,35.11111111111111
8631,43.315555555555555,32.44444444444444
8632,56.89333333333333,31.555555555555554
8633,152.13333333333333,34.66666666666667
8634,45.004444444444445,33.77777777777778
8635,73.96,31.11111111111111
8636,87.72,34.66666666666667
8637,45.11555555555555,31.11111111111111
8638,85.89333333333333,28.444444444444443
8639,50.20444444444445,34.66666666666667
8640,127,27.111111111111114
8641,44.315555555555555,34.22222222222222
8642,42.43555555555555,32.44444444444444
8643,76.18222222222222,31.11111111111111
8644,50,27.111111111111114
8645,70.43111111111111,31.11111111111111
8646,118.1288888888889,32.44444444444444
8647,117.30222222222223,33.33333333333333
8648,50.102222222222224,32.44444444444444
8649,86.4888888888889,36.44444444444444
8650,77.30222222222223,33.77777777777778
8651,147.5911111111111,33.33333333333333
8652,52.53777777777778,36.44444444444444
8653,41.413333333333334,30.22222222222222
8654,119.06222222222222,34.22222222222222
8655,82.58666666666667,35.55555555555556
8656,120.08,40
8657,77.1511111111111,32.88888888888889
8658,41.26222222222222,31.11111111111111
8659,90.28,31.11111111111111
8660,48.85777777777778,35.55555555555556
8661,110.61777777777777,36.888888888888886
8662,42.47555555555556,32
8663,51.29333333333334,26.666666666666668
8664,87.08,34.22222222222222
8665,115.22222222222223,35.55555555555556
8666,46.11555555555555,27.555555555555557
8667,113.74666666666667,36.44444444444444
8668,116.6,26.666666666666668
8669,126.32,29.777777777777775
8670,149.72,26.222222222222225
8671,50.84888888888889,37.333333333333336
8672,79.98222222222222,25.333333333333336
8673,154.26222222222222,35.11111111111111
8674,50.044444444444444,32
8675,115.01333333333334,30.666666666666664
8676,47.05777777777778,27.555555555555557
8677,43.67111111111111,30.22222222222222
8678,120.36888888888889,35.55555555555556
8679,34.995555555555555,30.22222222222222
8680,48.48,33.33333333333333
8681,75.65333333333334,28.888888888888886
8682,60.666666666666664,32.88888888888889
8683,103.52,35.11111111111111
8684,84.93333333333334,32
8685,45.56,30.666666666666664
8686,43.56,29.777777777777775
8687,54.595555555555556,39.55555555555556
8688,86.2,36.888888888888886
8689,44.431111111111115,34.22222222222222
8690,103.2311111111111,29.333333333333332
8691,82.44888888888889,35.55555555555556
8692,83.47555555555556,36
8693,77.99111111111111,32
8694,44.09777777777778,27.111111111111114
8695,41.14666666666667,34.66666666666667
8696,153.88,33.33333333333333
8697,46.96,33.33333333333333
8698,82.82666666666667,30.22222222222222
8699,81.02666666666667,29.777777777777775
8700,56.266666666666666,28.444444444444443
8701,82.56888888888889,31.11111111111111
8702,74.8,31.11111111111111
8703,80.27111111111111,30.22222222222222
8704,48.66222222222222,26.666666666666668
8705,43.64888888888889,27.111111111111114
8706,133.38222222222223,36.888888888888886
8707,80.61777777777777,32
8708,143.1688888888889,36.888888888888886
8709,45.42666666666667,26.666666666666668
8710,113.70222222222222,37.333333333333336
8711,44.74666666666667,30.666666666666664
8712,122.22222222222223,32.44444444444444
8713,85.1288888888889,28.000000000000004
8714,41.56444444444445,33.77777777777778
8715,76.16888888888889,36.888888888888886
8716,75.91111111111111,38.666666666666664
8717,49.36,30.22222222222222
8718,44.22666666666667,31.555555555555554
8719,79.97777777777777,33.77777777777778
8720,144.0088888888889,31.11111111111111
8721,90.2311111111111,36.44444444444444
8722,41.346666666666664,39.111111111111114
8723,54.38666666666666,32.88888888888889
8724,117.50222222222222,29.333333333333332
8725,123.1511111111111,32.44444444444444
8726,218.16444444444446,30.22222222222222
8727,89.25777777777778,31.11111111111111
8728,50.34222222222222,26.666666666666668
8729,49.053333333333335,27.555555555555557
8730,55.715555555555554,32.44444444444444
8731,86.5111111111111,32.88888888888889
8732,78.92444444444445,27.111111111111114
8733,40.577777777777776,32.88888888888889
8734,82.12,36
8735,117.66666666666667,28.888888888888886
8736,73.95111111111112,34.22222222222222
8737,108.96444444444444,35.55555555555556
8738,95.94666666666667,26.222222222222225
8739,51.00888888888889,32.44444444444444
8740,46.23111111111111,24.88888888888889
8741,57.99111111111111,29.777777777777775
8742,81.18222222222222,34.66666666666667
8743,157.88444444444445,32.88888888888889
8744,118.70666666666666,33.33333333333333
8745,112.04444444444445,34.22222222222222
8746,83.34222222222222,34.66666666666667
8747,56.36888888888889,31.11111111111111
8748,117.2311111111111,32.88888888888889
8749,42.86666666666667,36
8750,111.72,31.555555555555554
8751,84.98222222222222,33.33333333333333
8752,49.14666666666667,31.555555555555554
8753,115.24444444444444,29.333333333333332
8754,53.50666666666667,31.11111111111111
8755,80.8,32.44444444444444
8756,117.19111111111111,36.888888888888886
8757,43.586666666666666,28.000000000000004
8758,146.13333333333333,35.55555555555556
8759,44.217777777777776,34.22222222222222
8760,42.77333333333333,30.22222222222222
8761,57.973333333333336,34.22222222222222
8762,99.68888888888888,30.666666666666664
8763,52.39555555555555,30.22222222222222
8764,124.44,30.666666666666664
8765,92.60444444444444,29.777777777777775
8766,141.00444444444443,25.333333333333336
8767,79.40444444444445,32.88888888888889
8768,44.644444444444446,34.22222222222222
8769,116.05333333333333,28.444444444444443
8770,52.61333333333334,33.77777777777778
8771,83.61333333333333,34.22222222222222
8772,36.70666666666666,38.22222222222222
8773,51.72,35.11111111111111
8774,51.08,31.11111111111111
8775,47.43555555555555,27.111111111111114
8776,68.62666666666667,33.33333333333333
8777,115.43555555555555,32
8778,122.92,27.111111111111114
8779,50.315555555555555,32.44444444444444
8780,156.96444444444444,31.11111111111111
8781,183.5911111111111,28.888888888888886
8782,81.01333333333334,29.333333333333332
8783,117.77333333333333,34.22222222222222
8784,88.2,31.555555555555554
8785,75.45333333333333,29.777777777777775
8786,60.675555555555555,31.11111111111111
8787,57.49777777777778,31.11111111111111
8788,83.54222222222222,26.222222222222225
8789,123.74666666666667,28.000000000000004
8790,50.65777777777778,34.22222222222222
8791,53.96888888888889,27.111111111111114
8792,47.013333333333335,31.11111111111111
8793,87.38222222222223,27.111111111111114
8794,115.8711111111111,27.555555555555557
8795,48.12,28.444444444444443
8796,48.937777777777775,36
8797,75.8711111111111,32.88888888888889
8798,121.8488888888889,32
8799,74.1511111111111,36.888888888888886
8800,116.85333333333334,35.11111111111111
8801,48.791111111111114,30.666666666666664
8802,45.56,34.22222222222222
8803,145.2577777777778,34.66666666666667
8804,117.08888888888889,36.888888888888886
8805,46.92444444444445,30.666666666666664
8806,151.82222222222222,31.555555555555554
8807,52.24,31.555555555555554
8808,38.373333333333335,39.111111111111114
8809,78.05333333333333,29.777777777777775
8810,121.47111111111111,29.777777777777775
8811,80.24,29.777777777777775
8812,112.33333333333333,36
8813,90.61777777777777,26.666666666666668
8814,84.76,28.888888888888886
8815,47.946666666666665,28.000000000000004
8816,50.69777777777778,34.22222222222222
8817,43.102222222222224,34.66666666666667
8818,87.81777777777778,30.666666666666664
8819,83.82666666666667,32.44444444444444
8820,123.77777777777777,32.88888888888889
8821,78.06222222222222,33.33333333333333
8822,126.38222222222223,33.77777777777778
8823,78.62222222222222,26.222222222222225
8824,60.93333333333333,28.000000000000004
8825,152.28444444444443,33.77777777777778
8826,74.47111111111111,35.11111111111111
8827,52.946666666666665,31.11111111111111
8828,81.72888888888889,28.444444444444443
8829,49.12888888888889,33.33333333333333
8830,82.87555555555555,34.22222222222222
8831,83.81777777777778,32
8832,119.55111111111111,30.666666666666664
8833,40.60444444444445,34.66666666666667
8834,57.63111111111111,34.22222222222222
8835,149.7422222222222,29.777777777777775
8836,88.32444444444444,27.555555555555557
8837,92.96,30.22222222222222
8838,47.07111111111111,29.777777777777775
8839,75.8711111111111,26.222222222222225
8840,50.05777777777778,32.44444444444444
8841,48.99111111111111,32
8842,81.95111111111112,34.66666666666667
8843,36.57333333333333,31.555555555555554
8844,95.23555555555555,30.22222222222222
8845,39.82666666666667,33.33333333333333
8846,54.284444444444446,36
8847,79.63555555555556,31.11111111111111
8848,79.50222222222222,34.66666666666667
8849,75.64,36
8850,52.24,35.11111111111111
8851,78.92,31.555555555555554
8852,80.83555555555556,31.555555555555554
8853,103.5911111111111,34.66666666666667
8854,45.23111111111111,35.11111111111111
8855,46.71111111111111,34.22222222222222
8856,41.85777777777778,32
8857,87.25333333333333,35.55555555555556
8858,84.00888888888889,31.11111111111111
8859,87.24444444444444,32.44444444444444
8860,119.93777777777778,30.666666666666664
8861,82.56444444444445,35.55555555555556
8862,41.16444444444444,30.22222222222222
8863,84.65333333333334,31.555555555555554
8864,80.32888888888888,35.55555555555556
8865,46.93333333333333,31.555555555555554
8866,53.82666666666667,34.66666666666667
8867,44.346666666666664,28.000000000000004
8868,120.61333333333333,32.88888888888889
8869,80.27555555555556,30.22222222222222
8870,222.0222222222222,35.11111111111111
8871,42.46222222222222,30.666666666666664
8872,90.13333333333334,34.66666666666667
8873,83.04,30.22222222222222
8874,47.41777777777778,26.222222222222225
8875,162.03555555555556,29.777777777777775
8876,118.36888888888889,31.11111111111111
8877,64.34666666666666,25.333333333333336
8878,89.24444444444444,30.666666666666664
8879,89.56888888888889,31.11111111111111
8880,76.32888888888888,33.33333333333333
8881,45.18222222222222,33.77777777777778
8882,97.2,32.88888888888889
8883,46.32,34.66666666666667
8884,120.45777777777778,33.77777777777778
8885,51.586666666666666,30.666666666666664
8886,46.422222222222224,32.88888888888889
8887,89.8488888888889,26.666666666666668
8888,77.8,36
8889,57.62222222222222,36
8890,58.92,35.11111111111111
8891,80.86666666666666,27.111111111111114
8892,55.782222222222224,30.22222222222222
8893,47.08888888888889,34.22222222222222
8894,82.24444444444444,28.444444444444443
8895,222.51111111111112,34.66666666666667
8896,49.85333333333333,31.11111111111111
8897,113.18666666666667,33.77777777777778
8898,86.93333333333334,29.333333333333332
8899,73.04444444444445,32
8900,51.09777777777778,32.44444444444444
8901,41.617777777777775,32.44444444444444
8902,123.19555555555556,32.44444444444444
8903,42.16888888888889,34.66666666666667
8904,43.626666666666665,26.222222222222225
8905,117.49777777777778,36
8906,85.51555555555555,31.11111111111111
8907,72.96,38.666666666666664
8908,84.12444444444445,22.22222222222222
8909,122.22222222222223,26.222222222222225
8910,87.73777777777778,34.66666666666667
8911,94.98666666666666,31.555555555555554
8912,44.32,36
8913,111.74222222222222,34.22222222222222
8914,155.50666666666666,29.333333333333332
8915,76.09333333333333,33.77777777777778
8916,40.568888888888885,29.777777777777775
8917,79.10222222222222,29.777777777777775
8918,87.22666666666667,35.55555555555556
8919,118.4888888888889,34.66666666666667
8920,47.62222222222222,32
8921,48.28,33.33333333333333
8922,116.53333333333333,31.11111111111111
8923,116.64444444444445,32.88888888888889
8924,78.4088888888889,28.888888888888886
8925,160.76,37.333333333333336
8926,81.58222222222223,33.77777777777778
8927,82.26666666666667,28.444444444444443
8928,76.56888888888889,28.444444444444443
8929,50.324444444444445,29.333333333333332
8930,43.675555555555555,33.33333333333333
8931,77.32888888888888,28.000000000000004
8932,87.73777777777778,30.666666666666664
8933,107.96,30.22222222222222
8934,121.01333333333334,29.777777777777775
8935,80.91111111111111,34.66666666666667
8936,45.266666666666666,34.22222222222222
8937,58.62222222222222,32
8938,112.97777777777777,32
8939,75.63555555555556,36.44444444444444
8940,47.84888888888889,30.666666666666664
8941,44.528888888888886,27.111111111111114
8942,120.92444444444445,32
8943,47.45777777777778,33.77777777777778
8944,53.09777777777778,31.555555555555554
8945,85.77333333333333,32.44444444444444
8946,51.86222222222222,31.555555555555554
8947,114.09333333333333,25.333333333333336
8948,47.64,31.555555555555554
8949,85.23555555555555,30.666666666666664
8950,116.86666666666666,36.888888888888886
8951,74.71111111111111,33.77777777777778
8952,48.98222222222222,35.11111111111111
8953,111.61333333333333,29.333333333333332
8954,93.30222222222223,26.666666666666668
8955,86.12444444444445,29.777777777777775
8956,46.45333333333333,32.44444444444444
8957,76.15555555555555,37.333333333333336
8958,74.37777777777778,28.888888888888886
8959,111.09777777777778,29.777777777777775
8960,45.81777777777778,36.888888888888886
8961,116.95555555555555,35.11111111111111
8962,42.96888888888889,36.888888888888886
8963,60.11555555555555,36
8964,124.98666666666666,31.11111111111111
8965,76.47555555555556,27.111111111111114
8966,36.11555555555555,32.88888888888889
8967,42.31111111111111,31.11111111111111
8968,81.33777777777777,33.77777777777778
8969,163.38222222222223,34.66666666666667
8970,85.99555555555555,32.88888888888889
8971,96.09777777777778,25.333333333333336
8972,110.47555555555556,31.555555555555554
8973,120.44444444444444,28.444444444444443
8974,82.91111111111111,33.77777777777778
8975,86.44888888888889,37.77777777777778
8976,117.10222222222222,33.33333333333333
8977,118.17333333333333,32.88888888888889
8978,80.68444444444444,35.55555555555556
8979,37.24,28.888888888888886
8980,89.50666666666666,31.11111111111111
8981,79.26666666666667,36.888888888888886
8982,46.74666666666667,27.555555555555557
8983,77.31555555555556,21.333333333333336
8984,85.55555555555556,34.22222222222222
8985,136.1688888888889,29.333333333333332
8986,43.71111111111111,34.22222222222222
8987,49.47555555555556,32
8988,81.34666666666666,28.888888888888886
8989,114.7911111111111,36
8990,43.49777777777778,30.22222222222222
8991,79.47111111111111,35.11111111111111
8992,49.77333333333333,32
8993,82.33333333333333,36
8994,59.16888888888889,26.666666666666668
8995,115.33777777777777,28.444444444444443
8996,60.31111111111111,34.22222222222222
8997,122.73777777777778,26.222222222222225
8998,82.48444444444445,24
8999,55.355555555555554,28.444444444444443
9000,48.791111111111114,34.66666666666667
9001,86.83555555555556,30.22222222222222
9002,114.46666666666667,27.555555555555557
9003,48.87555555555556,34.66666666666667
9004,83.35555555555555,30.22222222222222
9005,51.653333333333336,25.333333333333336
9006,77.26666666666667,34.66666666666667
9007,49.08888888888889,29.777777777777775
9008,46.44444444444444,43.111111111111114
9009,55.266666666666666,31.11111111111111
9010,37.60444444444445,28.444444444444443
9011,86.68444444444444,36
9012,76.53777777777778,29.333333333333332
9013,47.702222222222225,32
9014,49.75555555555555,36.888888888888886
9015,49.40888888888889,33.77777777777778
9016,44.24444444444445,29.777777777777775
9017,48.76,32
9018,88.01777777777778,25.333333333333336
9019,40.355555555555554,32
9020,45.80444444444444,29.777777777777775
9021,42.431111111111115,30.666666666666664
9022,84.94666666666667,36
9023,49.87111111111111,33.77777777777778
9024,89.64,29.777777777777775
9025,80.27555555555556,28.888888888888886
9026,45.76888888888889,36
9027,80.32444444444444,33.33333333333333
9028,111.5911111111111,36.888888888888886
9029,156.60888888888888,30.666666666666664
9030,109.84444444444445,31.11111111111111
9031,58.43555555555555,31.555555555555554
9032,81.90666666666667,28.000000000000004
9033,84.17777777777778,28.444444444444443
9034,85.95111111111112,33.77777777777778
9035,54.44,33.33333333333333
9036,76.53333333333333,29.333333333333332
9037,42.86222222222222,35.55555555555556
9038,115.09333333333333,28.444444444444443
9039,47.08888888888889,32.88888888888889
9040,114.06222222222222,35.11111111111111
9041,45.053333333333335,34.66666666666667
9042,114.87555555555555,34.22222222222222
9043,44.48,31.11111111111111
9044,48.88444444444445,38.666666666666664
9045,78.10666666666667,37.333333333333336
9046,82.06666666666666,31.11111111111111
9047,55.57333333333333,34.22222222222222
9048,143.9688888888889,36.44444444444444
9049,54.86222222222222,29.333333333333332
9050,85.31555555555556,28.888888888888886
9051,40.55555555555556,31.555555555555554
9052,78.24,33.77777777777778
9053,75.92888888888889,30.666666666666664
9054,41.55111111111111,34.66666666666667
9055,217.5511111111111,34.66666666666667
9056,45.937777777777775,33.33333333333333
9057,37.89333333333333,32
9058,52.35111111111111,24.444444444444443
9059,38.18666666666667,29.333333333333332
9060,42.577777777777776,37.77777777777778
9061,45.36,34.22222222222222
9062,89,34.22222222222222
9063,81.41777777777777,30.22222222222222
9064,45.00888888888889,29.333333333333332
9065,60.04,30.666666666666664
9066,87.03555555555556,35.11111111111111
9067,49.404444444444444,29.777777777777775
9068,151.78666666666666,33.77777777777778
9069,109.28444444444445,35.11111111111111
9070,113.36888888888889,34.22222222222222
9071,113.17777777777778,30.22222222222222
9072,77.36444444444444,32.88888888888889
9073,79.49777777777778,32
9074,79.26222222222222,36.888888888888886
9075,87.49333333333334,28.888888888888886
9076,113.72444444444444,26.666666666666668
9077,51.14222222222222,30.666666666666664
9078,45.684444444444445,29.333333333333332
9079,113.45777777777778,31.555555555555554
9080,43.653333333333336,33.33333333333333
9081,79.43555555555555,28.444444444444443
9082,45.63111111111111,29.333333333333332
9083,96.24888888888889,32.44444444444444
9084,49.74666666666667,28.888888888888886
9085,81.86666666666666,30.22222222222222
9086,88.50666666666666,34.22222222222222
9087,50.675555555555555,33.77777777777778
9088,143.09777777777776,35.11111111111111
9089,46,30.666666666666664
9090,52.715555555555554,35.11111111111111
9091,42.644444444444446,35.55555555555556
9092,81.70666666666666,32.44444444444444
9093,79.60444444444444,32
9094,151.0222222222222,31.11111111111111
9095,158.06666666666666,33.77777777777778
9096,146.95555555555555,34.22222222222222
9097,48.364444444444445,36
9098,44.05777777777778,32
9099,119.28444444444445,32
9100,44.50222222222222,34.66666666666667
9101,86.43555555555555,25.333333333333336
9102,88.69777777777777,35.55555555555556
9103,81.40444444444445,30.22222222222222
9104,40.27111111111111,36.44444444444444
9105,81.25777777777778,32.88888888888889
9106,46.937777777777775,28.444444444444443
9107,78.98666666666666,32.44444444444444
9108,86.69333333333333,26.666666666666668
9109,48.29333333333334,30.22222222222222
9110,76.03111111111112,35.11111111111111
9111,52.742222222222225,38.666666666666664
9112,166.48888888888888,33.33333333333333
9113,38.2,35.11111111111111
9114,53.28,30.22222222222222
9115,153.38222222222223,34.66666666666667
9116,48.44888888888889,36.888888888888886
9117,80.57333333333334,34.22222222222222
9118,49.51555555555556,30.666666666666664
9119,47.87111111111111,34.66666666666667
9120,71.01333333333334,31.555555555555554
9121,112.66222222222223,32
9122,85.31555555555556,27.111111111111114
9123,118.49777777777778,30.22222222222222
9124,118.41777777777777,32.88888888888889
9125,85.2088888888889,28.444444444444443
9126,87.71555555555555,34.66666666666667
9127,116.07555555555555,32.88888888888889
9128,47.48888888888889,30.22222222222222
9129,86,34.22222222222222
9130,80.29333333333334,31.11111111111111
9131,116.66666666666667,28.888888888888886
9132,49.78666666666667,33.77777777777778
9133,44.86222222222222,32.44444444444444
9134,52.57333333333333,32
9135,81.28444444444445,30.22222222222222
9136,52.026666666666664,30.22222222222222
9137,46.66222222222222,31.555555555555554
9138,76.89333333333333,30.666666666666664
9139,45.27111111111111,32
9140,85.44444444444444,31.11111111111111
9141,44.044444444444444,30.666666666666664
9142,89.22222222222223,32
9143,129.20444444444445,36.888888888888886
9144,115.16444444444444,29.333333333333332
9145,46.19111111111111,32.44444444444444
9146,42.23111111111111,34.22222222222222
9147,110.32444444444444,28.888888888888886
9148,88.94666666666667,29.333333333333332
9149,46.75555555555555,36
9150,73.69777777777777,32.88888888888889
9151,120.68888888888888,31.11111111111111
9152,83.1511111111111,32
9153,86.31555555555556,32.44444444444444
9154,85.84444444444445,30.666666666666664
9155,41.36,32.88888888888889
9156,47.18666666666667,26.666666666666668
9157,76.18666666666667,32.88888888888889
9158,185.70666666666668,25.333333333333336
9159,39.36888888888889,33.33333333333333
9160,94.4888888888889,31.11111111111111
9161,150.4622222222222,32.88888888888889
9162,82.85333333333334,31.555555555555554
9163,44.586666666666666,34.66666666666667
9164,73.36,32.44444444444444
9165,160.2,31.555555555555554
9166,42.84444444444444,26.666666666666668
9167,82.33777777777777,26.666666666666668
9168,78.64444444444445,32.44444444444444
9169,46.12888888888889,28.444444444444443
9170,115.71555555555555,30.666666666666664
9171,40.87555555555556,31.11111111111111
9172,78.41777777777777,35.11111111111111
9173,79.78666666666666,32.44444444444444
9174,76.96888888888888,33.77777777777778
9175,81.85333333333334,34.22222222222222
9176,119.64888888888889,30.666666666666664
9177,85.01333333333334,35.11111111111111
9178,81.61777777777777,31.555555555555554
9179,183.65777777777777,30.666666666666664
9180,46.64888888888889,26.222222222222225
9181,115.98666666666666,28.888888888888886
9182,157.76444444444445,32
9183,72.67555555555556,30.22222222222222
9184,119.31111111111112,32.44444444444444
9185,52.4,33.33333333333333
9186,36.16444444444444,25.77777777777778
9187,60.79555555555555,27.555555555555557
9188,152.2711111111111,32.88888888888889
9189,67.4888888888889,31.555555555555554
9190,76.71555555555555,34.22222222222222
9191,85.97777777777777,33.77777777777778
9192,80.5111111111111,29.777777777777775
9193,148.65777777777777,28.444444444444443
9194,75.56888888888889,25.77777777777778
9195,47.88,30.666666666666664
9196,97.56,31.555555555555554
9197,81.73333333333333,37.77777777777778
9198,97.67555555555556,31.11111111111111
9199,48.977777777777774,35.11111111111111
9200,51.42666666666667,36.44444444444444
9201,71.07111111111111,30.666666666666664
9202,93.8711111111111,31.11111111111111
9203,119.30666666666667,38.22222222222222
9204,155.62222222222223,29.333333333333332
9205,87.97333333333333,34.66666666666667
9206,57.937777777777775,34.22222222222222
9207,90.07555555555555,28.888888888888886
9208,51.72,30.22222222222222
9209,52.346666666666664,31.555555555555554
9210,40.404444444444444,33.33333333333333
9211,41.35111111111111,33.33333333333333
9212,109.28444444444445,36.44444444444444
9213,43.86666666666667,34.22222222222222
9214,88.03111111111112,25.77777777777778
9215,46.07111111111111,35.11111111111111
9216,108.45333333333333,34.66666666666667
9217,116.78222222222222,29.777777777777775
9218,44.76,32
9219,114.44,30.666666666666664
9220,119.25777777777778,27.111111111111114
9221,52.19555555555556,30.22222222222222
9222,85.53333333333333,30.22222222222222
9223,53.40888888888889,32.88888888888889
9224,77.78666666666666,35.11111111111111
9225,74.92444444444445,36
9226,50.77333333333333,28.444444444444443
9227,52.46666666666667,30.666666666666664
9228,150.05777777777777,30.666666666666664
9229,56.964444444444446,28.444444444444443
9230,37.471111111111114,34.66666666666667
9231,81.2,31.555555555555554
9232,41.46666666666667,32.44444444444444
9233,82.76444444444445,33.77777777777778
9234,77.22666666666667,34.66666666666667
9235,57.79555555555555,31.555555555555554
9236,90.02666666666667,35.11111111111111
9237,43.75111111111111,38.666666666666664
9238,116.86222222222223,33.33333333333333
9239,184.4,26.222222222222225
9240,82.35555555555555,32
9241,45.84444444444444,31.11111111111111
9242,89.64,32.44444444444444
9243,45.48,33.77777777777778
9244,34.19555555555556,28.888888888888886
9245,123.08888888888889,36.44444444444444
9246,46.88,33.77777777777778
9247,40.77777777777778,38.22222222222222
9248,79.91555555555556,33.33333333333333
9249,76.21777777777778,25.77777777777778
9250,85.75555555555556,37.77777777777778
9251,116.36888888888889,34.22222222222222
9252,77.51555555555555,34.66666666666667
9253,117.42222222222222,36.44444444444444
9254,115.34666666666666,29.333333333333332
9255,56,33.77777777777778
9256,38.15111111111111,36
9257,47.80888888888889,32.88888888888889
9258,43,31.11111111111111
9259,75.8711111111111,26.666666666666668
9260,118.48,38.22222222222222
9261,103.29777777777778,37.77777777777778
9262,49.50666666666667,33.77777777777778
9263,82.68444444444444,30.666666666666664
9264,54.23111111111111,29.333333333333332
9265,91.19111111111111,30.666666666666664
9266,50.07111111111111,30.22222222222222
9267,49.37777777777778,31.555555555555554
9268,54.888888888888886,29.777777777777775
9269,83.33777777777777,32.44444444444444
9270,51.12444444444444,28.444444444444443
9271,117.44444444444444,34.22222222222222
9272,122.11111111111111,32.44444444444444
9273,45.93333333333333,33.33333333333333
9274,118.55555555555556,32.88888888888889
9275,142.89777777777778,28.888888888888886
9276,81.75111111111111,28.444444444444443
9277,124.72,28.000000000000004
9278,111.49777777777778,33.33333333333333
9279,115.50666666666666,25.333333333333336
9280,83.56888888888889,32
9281,100.86222222222223,30.666666666666664
9282,72.68444444444444,31.555555555555554
9283,79.46666666666667,29.777777777777775
9284,42.45777777777778,28.888888888888886
9285,127.66222222222223,39.111111111111114
9286,114.52888888888889,28.444444444444443
9287,110.05777777777777,31.11111111111111
9288,52.026666666666664,35.11111111111111
9289,75.98666666666666,32.88888888888889
9290,49.72888888888889,32.88888888888889
9291,48.17333333333333,33.33333333333333
9292,109.82666666666667,30.666666666666664
9293,119.62222222222222,24
9294,79.20444444444445,31.555555555555554
9295,56.56,39.111111111111114
9296,80.06222222222222,27.111111111111114
9297,89.77777777777777,34.66666666666667
9298,46.09777777777778,30.22222222222222
9299,50.04888888888889,33.77777777777778
9300,87.32,29.777777777777775
9301,40.70666666666666,25.77777777777778
9302,84.34222222222222,35.11111111111111
9303,78.96888888888888,33.33333333333333
9304,79.73777777777778,29.777777777777775
9305,121.31111111111112,33.77777777777778
9306,117.2088888888889,34.22222222222222
9307,87.23555555555555,35.11111111111111
9308,47.26222222222222,29.777777777777775
9309,74.69777777777777,31.11111111111111
9310,104.29777777777778,35.11111111111111
9311,49.84444444444444,29.777777777777775
9312,44.355555555555554,33.33333333333333
9313,122.68,31.11111111111111
9314,54.18222222222222,26.666666666666668
9315,85.4,37.333333333333336
9316,92.07111111111111,29.333333333333332
9317,127.78222222222222,34.22222222222222
9318,153.99555555555557,36
9319,152.68,28.888888888888886
9320,86.82222222222222,36
9321,49.431111111111115,31.11111111111111
9322,78.21333333333334,35.55555555555556
9323,48.93333333333333,34.22222222222222
9324,82.71111111111111,33.77777777777778
9325,85.08,35.55555555555556
9326,109.21333333333334,31.11111111111111
9327,110.97777777777777,31.555555555555554
9328,46.56444444444445,29.777777777777775
9329,81.72888888888889,25.333333333333336
9330,115.04444444444445,30.22222222222222
9331,55.59111111111111,33.33333333333333
9332,89.81777777777778,32.44444444444444
9333,55.95111111111111,33.33333333333333
9334,82.56444444444445,30.666666666666664
9335,87.51555555555555,28.444444444444443
9336,218.88,25.77777777777778
9337,40.92444444444445,31.555555555555554
9338,51.986666666666665,31.555555555555554
9339,81.48,36
9340,40.77333333333333,28.444444444444443
9341,146.08444444444444,38.22222222222222
9342,48.17333333333333,35.11111111111111
9343,114.16888888888889,35.55555555555556
9344,112.98222222222222,33.77777777777778
9345,42.78666666666667,32
9346,117.76444444444445,34.66666666666667
9347,126.84,35.55555555555556
9348,34.724444444444444,33.33333333333333
9349,95.44444444444444,32.44444444444444
9350,78.20444444444445,33.77777777777778
9351,117.44,30.22222222222222
9352,76.36,30.666666666666664
9353,47.8,32.44444444444444
9354,82.08444444444444,29.777777777777775
9355,121.76444444444445,29.333333333333332
9356,37.80888888888889,30.22222222222222
9357,54.53333333333333,29.777777777777775
9358,110.78666666666666,32
9359,42.82666666666667,27.111111111111114
9360,47.08444444444444,29.777777777777775
9361,46.09777777777778,36
9362,75.36888888888889,31.555555555555554
9363,78.99111111111111,28.444444444444443
9364,90.88,34.22222222222222
9365,46.96,30.666666666666664
9366,83.72444444444444,36.44444444444444
9367,153.44444444444446,31.555555555555554
9368,55.16444444444444,32.44444444444444
9369,44.586666666666666,33.77777777777778
9370,45.897777777777776,32
9371,47.92888888888889,28.444444444444443
9372,82.94666666666667,29.333333333333332
9373,47.76888888888889,34.22222222222222
9374,54.266666666666666,27.111111111111114
9375,70.44888888888889,32
9376,52.422222222222224,26.666666666666668
9377,41.76444444444444,30.666666666666664
9378,73.80888888888889,30.22222222222222
9379,92.17777777777778,36.44444444444444
9380,123.59555555555555,28.888888888888886
9381,45.355555555555554,35.11111111111111
9382,44.31111111111111,31.555555555555554
9383,85.51555555555555,33.33333333333333
9384,81.07111111111111,29.333333333333332
9385,49.04888888888889,33.33333333333333
9386,153.9111111111111,32.88888888888889
9387,71.7688888888889,33.33333333333333
9388,152.92444444444445,30.22222222222222
9389,83.19111111111111,32.88888888888889
9390,119.83111111111111,32.88888888888889
9391,117.71555555555555,30.22222222222222
9392,114.62222222222222,39.55555555555556
9393,41.66222222222222,31.11111111111111
9394,54.47555555555556,38.22222222222222
9395,77.57333333333334,28.444444444444443
9396,77.5111111111111,30.22222222222222
9397,116.5911111111111,30.666666666666664
9398,187.92888888888888,32.44444444444444
9399,79.4888888888889,33.77777777777778
9400,81.80888888888889,35.11111111111111
9401,92.86666666666666,29.333333333333332
9402,111.09777777777778,29.777777777777775
9403,78.99555555555555,32.44444444444444
9404,86.51555555555555,30.22222222222222
9405,57.47555555555556,32.88888888888889
9406,45.528888888888886,34.66666666666667
9407,50.45777777777778,25.333333333333336
9408,40.62222222222222,30.22222222222222
9409,45.724444444444444,30.22222222222222
9410,86.56888888888889,34.22222222222222
9411,73.15555555555555,28.000000000000004
9412,46.49777777777778,32.88888888888889
9413,51.35111111111111,35.55555555555556
9414,118.68,31.555555555555554
9415,84.58222222222223,33.33333333333333
9416,41.80888888888889,30.22222222222222
9417,78.91111111111111,35.11111111111111
9418,48.55111111111111,29.777777777777775
9419,120.31555555555556,32
9420,102.51555555555555,31.555555555555554
9421,56.87111111111111,29.333333333333332
9422,93.16444444444444,37.77777777777778
9423,44.22222222222222,26.666666666666668
9424,49.022222222222226,32
9425,75.84444444444445,32
9426,124.84,37.77777777777778
9427,90.74222222222222,40.44444444444444
9428,42.53333333333333,32.44444444444444
9429,82.4088888888889,31.11111111111111
9430,52.004444444444445,27.555555555555557
9431,115.85333333333334,33.77777777777778
9432,50.11555555555555,30.666666666666664
9433,140.38222222222223,29.333333333333332
9434,116.27555555555556,33.77777777777778
9435,119.34222222222222,32.44444444444444
9436,116.41333333333333,31.555555555555554
9437,85.00444444444445,32.88888888888889
9438,45.77333333333333,24.88888888888889
9439,41.49777777777778,28.000000000000004
9440,79.93777777777778,36.888888888888886
9441,84.06222222222222,27.111111111111114
9442,78.61777777777777,35.11111111111111
9443,79.50666666666666,32.44444444444444
9444,57.84444444444444,35.11111111111111
9445,118.99111111111111,32.88888888888889
9446,52.257777777777775,32
9447,71.33333333333333,28.888888888888886
9448,158.72444444444446,31.555555555555554
9449,52.51555555555556,35.11111111111111
9450,88,30.22222222222222
9451,50.062222222222225,28.000000000000004
9452,124.1288888888889,29.333333333333332
9453,83.8711111111111,29.777777777777775
9454,48.577777777777776,33.77777777777778
9455,93.69333333333333,32
9456,78.1288888888889,30.22222222222222
9457,56.44444444444444,32.44444444444444
9458,85.73777777777778,31.11111111111111
9459,54.333333333333336,37.333333333333336
9460,77.42666666666666,33.77777777777778
9461,52.53333333333333,32.44444444444444
9462,92.88,33.33333333333333
9463,45.617777777777775,34.22222222222222
9464,85.90666666666667,32.44444444444444
9465,129.56444444444443,32
9466,47.10666666666667,35.11111111111111
9467,46.87555555555556,35.55555555555556
9468,73.70666666666666,34.22222222222222
9469,56.6,28.888888888888886
9470,86.2311111111111,29.777777777777775
9471,78.34222222222222,31.555555555555554
9472,39.035555555555554,32
9473,154.3111111111111,32.88888888888889
9474,123.32444444444444,32
9475,86.65333333333334,31.11111111111111
9476,85.44444444444444,31.11111111111111
9477,77.21333333333334,31.555555555555554
9478,48.986666666666665,28.000000000000004
9479,55.102222222222224,39.111111111111114
9480,122.98666666666666,33.77777777777778
9481,43.111111111111114,31.555555555555554
9482,54.96888888888889,30.666666666666664
9483,87.92,31.555555555555554
9484,90.75555555555556,33.77777777777778
9485,44.76444444444444,32.88888888888889
9486,59.88444444444445,30.666666666666664
9487,117.95555555555555,28.000000000000004
9488,76.90222222222222,32
9489,113.65333333333334,34.66666666666667
9490,85.64444444444445,28.888888888888886
9491,113.8711111111111,36.44444444444444
9492,55.675555555555555,32.88888888888889
9493,47.53777777777778,29.777777777777775
9494,151.58666666666667,25.77777777777778
9495,44.88444444444445,28.444444444444443
9496,79.60444444444444,28.444444444444443
9497,84.71111111111111,34.22222222222222
9498,60.36888888888889,29.777777777777775
9499,76.71111111111111,31.555555555555554
9500,55.53333333333333,37.77777777777778
9501,56.364444444444445,27.555555555555557
9502,114.69333333333333,33.33333333333333
9503,90.21333333333334,36.44444444444444
9504,44.48444444444444,27.555555555555557
9505,50.73777777777778,29.333333333333332
9506,79.02666666666667,28.444444444444443
9507,80.77777777777777,27.555555555555557
9508,110.86666666666666,32.44444444444444
9509,114.15555555555555,35.11111111111111
9510,78.92,33.33333333333333
9511,87.39111111111112,32.44444444444444
9512,80.68444444444444,33.33333333333333
9513,82.26222222222222,33.77777777777778
9514,90.73333333333333,27.555555555555557
9515,85.11555555555556,30.22222222222222
9516,40.284444444444446,28.888888888888886
9517,44.666666666666664,26.666666666666668
9518,41.013333333333335,34.66666666666667
9519,44.053333333333335,31.11111111111111
9520,121.18666666666667,28.000000000000004
9521,52.55111111111111,32.88888888888889
9522,79.78222222222222,38.22222222222222
9523,73.56,30.22222222222222
9524,47.093333333333334,35.55555555555556
9525,83.34666666666666,34.22222222222222
9526,48.83111111111111,30.666666666666664
9527,45.973333333333336,32.88888888888889
9528,44.75111111111111,32.88888888888889
9529,102.36888888888889,27.111111111111114
9530,76.66666666666667,37.77777777777778
9531,51.47555555555556,32.44444444444444
9532,91.17777777777778,29.333333333333332
9533,80.79555555555555,30.22222222222222
9534,41.977777777777774,29.333333333333332
9535,85.48,33.77777777777778
9536,151.66222222222223,32
9537,78.80444444444444,29.777777777777775
9538,47.23555555555556,31.555555555555554
9539,42.83111111111111,36.888888888888886
9540,85.2088888888889,28.444444444444443
9541,117.88,32.44444444444444
9542,73.90666666666667,33.77777777777778
9543,119.94222222222223,30.666666666666664
9544,44.28888888888889,32.44444444444444
9545,126.68444444444444,32.88888888888889
9546,48.48888888888889,32.44444444444444
9547,42.12,29.777777777777775
9548,80.29777777777778,36
9549,42.888888888888886,30.666666666666664
9550,39.906666666666666,30.22222222222222
9551,140.57333333333332,28.000000000000004
9552,83.82222222222222,36
9553,126.05777777777777,28.000000000000004
9554,42.977777777777774,36.44444444444444
9555,80.41333333333333,32
9556,74.87555555555555,28.888888888888886
9557,115.19111111111111,32
9558,37.52,35.55555555555556
9559,51.32888888888889,31.11111111111111
9560,78.56888888888889,30.22222222222222
9561,43.062222222222225,26.666666666666668
9562,78.26222222222222,33.33333333333333
9563,46.12,32
9564,52.84,27.555555555555557
9565,108.49777777777778,28.888888888888886
9566,79.98666666666666,29.333333333333332
9567,54.07111111111111,29.333333333333332
9568,85.65333333333334,32
9569,46.83555555555556,28.444444444444443
9570,108.24444444444444,27.111111111111114
9571,53.79555555555555,31.555555555555554
9572,51.62222222222222,24
9573,77.00444444444445,32
9574,91.63111111111111,37.77777777777778
9575,173.36444444444444,38.22222222222222
9576,52.48,32.88888888888889
9577,112.49777777777778,31.555555555555554
9578,47.20444444444445,36
9579,80.68888888888888,36
9580,92.44888888888889,28.444444444444443
9581,50.93333333333333,31.11111111111111
9582,118.05333333333333,29.333333333333332
9583,87.89777777777778,28.000000000000004
9584,50.64888888888889,35.11111111111111
9585,45.67111111111111,36
9586,80.39555555555556,37.77777777777778
9587,151.61333333333334,26.666666666666668
9588,59.053333333333335,28.888888888888886
9589,78.43111111111111,28.888888888888886
9590,77.51555555555555,31.11111111111111
9591,47.422222222222224,33.33333333333333
9592,78.62222222222222,30.22222222222222
9593,82.2,28.444444444444443
9594,152.44,35.11111111111111
9595,116.06222222222222,34.22222222222222
9596,40.013333333333335,33.33333333333333
9597,107.76444444444445,32
9598,45.675555555555555,29.777777777777775
9599,48.08,36.44444444444444
9600,52.05777777777778,30.22222222222222
9601,88.29777777777778,30.22222222222222
9602,79.45777777777778,35.11111111111111
9603,159.23111111111112,36.44444444444444
9604,114.73777777777778,37.333333333333336
9605,58.08888888888889,23.555555555555554
9606,148.8088888888889,28.888888888888886
9607,45.58222222222222,32.44444444444444
9608,90.01333333333334,33.77777777777778
9609,88.62222222222222,32.88888888888889
9610,81.97777777777777,27.555555555555557
9611,44.32888888888889,31.11111111111111
9612,40.34222222222222,37.333333333333336
9613,49.973333333333336,27.555555555555557
9614,85.27111111111111,35.11111111111111
9615,87.4,32
9616,114.52,32
9617,109.67111111111112,38.22222222222222
9618,47.32,35.11111111111111
9619,80.16888888888889,31.11111111111111
9620,75.58222222222223,32.88888888888889
9621,57.63111111111111,36
9622,84.55555555555556,31.11111111111111
9623,56.27111111111111,37.333333333333336
9624,83.1511111111111,30.666666666666664
9625,50.16888888888889,37.77777777777778
9626,117.99555555555555,31.555555555555554
9627,50.73777777777778,36
9628,113.69333333333333,31.555555555555554
9629,43.57333333333333,38.22222222222222
9630,134.48,32.44444444444444
9631,115.71555555555555,31.11111111111111
9632,120.55555555555556,35.55555555555556
9633,83.31555555555556,32
9634,89.11111111111111,32.44444444444444
9635,118.64888888888889,25.77777777777778
9636,147.94222222222223,30.22222222222222
9637,48.995555555555555,31.555555555555554
9638,90.09333333333333,33.33333333333333
9639,86.49333333333334,33.33333333333333
9640,93.43111111111111,32
9641,41.72,35.11111111111111
9642,41.60888888888889,34.22222222222222
9643,113.96,29.333333333333332
9644,118.33777777777777,30.22222222222222
9645,46.12888888888889,36
9646,75.2088888888889,34.22222222222222
9647,79.70222222222222,33.33333333333333
9648,52.78666666666667,29.333333333333332
9649,89.2088888888889,28.444444444444443
9650,80.52888888888889,29.333333333333332
9651,79.13333333333334,26.666666666666668
9652,152.56444444444443,28.444444444444443
9653,55.55111111111111,34.22222222222222
9654,90.46222222222222,29.777777777777775
9655,88.28,30.22222222222222
9656,44.94222222222222,27.555555555555557
9657,73.82222222222222,38.22222222222222
9658,120.72888888888889,29.777777777777775
9659,77.07555555555555,33.77777777777778
9660,121.08888888888889,31.555555555555554
9661,47.45777777777778,29.333333333333332
9662,113.15555555555555,30.22222222222222
9663,44.56,26.222222222222225
9664,48.34222222222222,30.666666666666664
9665,159.02666666666667,32.88888888888889
9666,44.297777777777775,34.22222222222222
9667,80.29777777777778,24.88888888888889
9668,52.297777777777775,30.666666666666664
9669,48.22666666666667,32.88888888888889
9670,81.45777777777778,32.88888888888889
9671,149.01333333333332,34.22222222222222
9672,113.8488888888889,32
9673,79.80888888888889,33.77777777777778
9674,82.06666666666666,31.11111111111111
9675,50.93333333333333,28.444444444444443
9676,82.64888888888889,27.111111111111114
9677,88.42222222222222,31.555555555555554
9678,43.94222222222222,32.44444444444444
9679,153.4622222222222,32
9680,120.28888888888889,25.77777777777778
9681,78.84,35.11111111111111
9682,77.96888888888888,32
9683,119.41777777777777,33.33333333333333
9684,51.85333333333333,30.666666666666664
9685,110.69777777777777,32.88888888888889
9686,120.18666666666667,29.333333333333332
9687,82.00444444444445,30.22222222222222
9688,80.32444444444444,31.11111111111111
9689,78.8488888888889,29.333333333333332
9690,82.50666666666666,33.77777777777778
9691,57.684444444444445,31.11111111111111
9692,119.44444444444444,32.88888888888889
9693,80.04444444444445,34.22222222222222
9694,46.85333333333333,37.77777777777778
9695,47.82222222222222,34.66666666666667
9696,100.97777777777777,29.333333333333332
9697,44.62222222222222,31.555555555555554
9698,92.15555555555555,31.555555555555554
9699,81.32,31.555555555555554
9700,120.74666666666667,32.44444444444444
9701,81.18666666666667,28.888888888888886
9702,116.92,32
9703,115.90222222222222,34.66666666666667
9704,91.18666666666667,31.555555555555554
9705,60.324444444444445,28.444444444444443
9706,85.19111111111111,35.11111111111111
9707,77.60444444444444,32
9708,82.72888888888889,35.11111111111111
9709,148.32444444444445,25.77777777777778
9710,121.42666666666666,34.66666666666667
9711,41.69777777777778,31.555555555555554
9712,99.50666666666666,35.11111111111111
9713,81.13333333333334,32.88888888888889
9714,49.23111111111111,29.333333333333332
9715,92.30222222222223,32.88888888888889
9716,152.87555555555556,35.55555555555556
9717,158.84444444444443,31.555555555555554
9718,45.60888888888889,34.22222222222222
9719,73.95111111111112,32.44444444444444
9720,50.25333333333333,28.444444444444443
9721,175.38222222222223,31.555555555555554
9722,87.2,35.55555555555556
9723,152.01333333333332,33.77777777777778
9724,53.28888888888889,29.777777777777775
9725,221.57333333333332,24.444444444444443
9726,48.724444444444444,32
9727,120.16888888888889,32.88888888888889
9728,117.20444444444445,30.22222222222222
9729,42.977777777777774,31.11111111111111
9730,46.422222222222224,32.44444444444444
9731,53.35111111111111,30.22222222222222
9732,81.80888888888889,28.888888888888886
9733,53.626666666666665,32
9734,84.72,35.11111111111111
9735,75.52888888888889,30.666666666666664
9736,88.75111111111111,29.777777777777775
9737,79.2,32.88888888888889
9738,147.94666666666666,32.88888888888889
9739,43.44888888888889,37.77777777777778
9740,144.81333333333333,32.44444444444444
9741,49.59111111111111,40
9742,54.742222222222225,34.22222222222222
9743,110.86222222222223,34.22222222222222
9744,158.18666666666667,40.88888888888889
9745,122.11555555555556,29.333333333333332
9746,85.28888888888889,30.666666666666664
9747,45.87555555555556,30.22222222222222
9748,49.49777777777778,32.88888888888889
9749,125.75111111111111,29.333333333333332
9750,54.53333333333333,34.22222222222222
9751,47.23555555555556,32.44444444444444
9752,81.33777777777777,32
9753,43.01777777777778,33.33333333333333
9754,42.94222222222222,33.33333333333333
9755,57.595555555555556,36.888888888888886
9756,93.88444444444444,31.11111111111111
9757,108.90222222222222,33.33333333333333
9758,49.31111111111111,37.77777777777778
9759,86.92444444444445,33.77777777777778
9760,47.27111111111111,35.55555555555556
9761,86.62222222222222,34.66666666666667
9762,83.98222222222222,32.88888888888889
9763,116.14222222222222,44.44444444444444
9764,110.39555555555556,33.33333333333333
9765,74.46666666666667,36.888888888888886
9766,47.40888888888889,30.22222222222222
9767,81.45777777777778,37.77777777777778
9768,80.87555555555555,30.666666666666664
9769,43.24,29.777777777777775
9770,38.35111111111111,30.22222222222222
9771,49.46222222222222,29.777777777777775
9772,88.88444444444444,32.44444444444444
9773,77.50222222222222,31.555555555555554
9774,87.67555555555556,27.555555555555557
9775,115.25777777777778,33.33333333333333
9776,49.8,30.22222222222222
9777,119.67555555555556,31.555555555555554
9778,94.27555555555556,35.11111111111111
9779,44.32888888888889,31.555555555555554
9780,117.68,27.555555555555557
9781,47.77333333333333,29.333333333333332
9782,84.32,26.666666666666668
9783,51.297777777777775,28.888888888888886
9784,118.49333333333334,36
9785,47.91111111111111,32
9786,45.48888888888889,30.22222222222222
9787,43.693333333333335,27.111111111111114
9788,83.69333333333333,24.88888888888889
9789,40.22222222222222,34.22222222222222
9790,116.79555555555555,31.555555555555554
9791,81.98222222222222,36
9792,84.6,30.666666666666664
9793,120.26222222222222,28.444444444444443
9794,86.53333333333333,32.44444444444444
9795,91.10666666666667,36
9796,46.12888888888889,36
9797,116.12,33.33333333333333
9798,181.05333333333334,28.000000000000004
9799,107.37333333333333,26.666666666666668
9800,82.90666666666667,31.11111111111111
9801,95.09333333333333,30.22222222222222
9802,80.36444444444444,32.88888888888889
9803,81.16,27.111111111111114
9804,76.56888888888889,27.555555555555557
9805,144.15555555555557,35.11111111111111
9806,46.946666666666665,30.666666666666664
9807,81.1511111111111,30.666666666666664
9808,85.2,38.666666666666664
9809,76.5111111111111,28.000000000000004
9810,120.06666666666666,31.555555555555554
9811,48.102222222222224,25.77777777777778
9812,53.23111111111111,30.22222222222222
9813,53.653333333333336,32
9814,84.93333333333334,32.44444444444444
9815,53.044444444444444,33.77777777777778
9816,42.44444444444444,29.333333333333332
9817,44.32,31.555555555555554
9818,117.48444444444445,34.66666666666667
9819,121.42666666666666,27.111111111111114
9820,81.06666666666666,31.555555555555554
9821,113.53333333333333,28.000000000000004
9822,81.56444444444445,35.11111111111111
9823,56.986666666666665,31.11111111111111
9824,79.80444444444444,32.88888888888889
9825,72.47111111111111,35.55555555555556
9826,55.75555555555555,34.66666666666667
9827,112.97777777777777,34.22222222222222
9828,94.42222222222222,31.555555555555554
9829,79.18666666666667,31.555555555555554
9830,84.04444444444445,31.11111111111111
9831,115.63555555555556,30.666666666666664
9832,77.63111111111111,24
9833,77.6,35.11111111111111
9834,43.49777777777778,30.666666666666664
9835,45.56444444444445,24.444444444444443
9836,78.02666666666667,33.33333333333333
9837,43.85333333333333,36.44444444444444
9838,80.42222222222222,27.555555555555557
9839,45.49777777777778,33.33333333333333
9840,73.58222222222223,31.11111111111111
9841,42.53333333333333,30.666666666666664
9842,117.27111111111111,30.666666666666664
9843,157.55555555555554,33.33333333333333
9844,50.568888888888885,28.888888888888886
9845,50.56444444444445,36.44444444444444
9846,84.30222222222223,29.333333333333332
9847,42.84,38.22222222222222
9848,65.06222222222222,36.44444444444444
9849,54.88444444444445,29.777777777777775
9850,48.17333333333333,36
9851,43.306666666666665,29.333333333333332
9852,110.8711111111111,33.33333333333333
9853,81.32,31.11111111111111
9854,86.56,29.777777777777775
9855,70.4,30.22222222222222
9856,83.66666666666667,35.55555555555556
9857,77.16444444444444,33.77777777777778
9858,46.17777777777778,38.666666666666664
9859,94.81777777777778,29.333333333333332
9860,42.76888888888889,37.77777777777778
9861,53.17333333333333,35.55555555555556
9862,40.528888888888886,35.11111111111111
9863,114.7688888888889,28.888888888888886
9864,51.955555555555556,35.11111111111111
9865,148.50666666666666,39.111111111111114
9866,120.98666666666666,39.111111111111114
9867,85.50666666666666,28.000000000000004
9868,47.2,28.444444444444443
9869,82.5911111111111,28.444444444444443
9870,51.16444444444444,35.55555555555556
9871,46.373333333333335,34.66666666666667
9872,38.51555555555556,32
9873,51.84444444444444,32.44444444444444
9874,80.43555555555555,32.88888888888889
9875,78.4888888888889,31.555555555555554
9876,44.626666666666665,30.666666666666664
9877,52.111111111111114,32
9878,88.55111111111111,35.55555555555556
9879,46.94222222222222,30.666666666666664
9880,46.413333333333334,28.888888888888886
9881,85.84444444444445,34.22222222222222
9882,49.791111111111114,32.44444444444444
9883,55.76,39.55555555555556
9884,142.3022222222222,30.22222222222222
9885,49.91555555555556,28.000000000000004
9886,52.92444444444445,32.44444444444444
9887,167.3111111111111,33.33333333333333
9888,88.83555555555556,29.333333333333332
9889,84.50222222222222,33.33333333333333
9890,108.80888888888889,32.44444444444444
9891,38.888888888888886,35.11111111111111
9892,108.16,35.55555555555556
9893,91.67111111111112,35.55555555555556
9894,44.72,30.22222222222222
9895,110.83555555555556,34.22222222222222
9896,75.62666666666667,38.22222222222222
9897,109.77333333333333,28.444444444444443
9898,88.64888888888889,30.666666666666664
9899,53.76,30.666666666666664
9900,86.70222222222222,29.777777777777775
9901,93.32444444444444,30.22222222222222
9902,46.88,31.555555555555554
9903,82.97333333333333,34.22222222222222
9904,46.666666666666664,31.555555555555554
9905,58.48888888888889,32
9906,115.83111111111111,33.77777777777778
9907,76.21333333333334,31.11111111111111
9908,81.84,29.333333333333332
9909,112.6,32.44444444444444
9910,53.22222222222222,29.333333333333332
9911,84.72444444444444,28.000000000000004
9912,47.64888888888889,40
9913,50.56,33.77777777777778
9914,57.06666666666667,36
9915,49.48,34.22222222222222
9916,157.4088888888889,29.333333333333332
9917,121.80888888888889,30.666666666666664
9918,49.53777777777778,31.555555555555554
9919,115.15555555555555,37.77777777777778
9920,46.48,34.22222222222222
9921,91.92888888888889,30.22222222222222
9922,39.13777777777778,34.22222222222222
9923,120.92888888888889,34.22222222222222
9924,46.013333333333335,35.11111111111111
9925,51.05777777777778,36.888888888888886
9926,120.06666666666666,36
9927,43.85777777777778,37.333333333333336
9928,183.7511111111111,29.777777777777775
9929,121.81777777777778,28.888888888888886
9930,80.09333333333333,32.44444444444444
9931,46.2,33.77777777777778
9932,38.64,34.66666666666667
9933,86.04,35.11111111111111
9934,75.36444444444444,34.66666666666667
9935,144.42666666666668,33.33333333333333
9936,116.02222222222223,32.88888888888889
9937,113.38222222222223,35.11111111111111
9938,63.85777777777778,31.555555555555554
9939,84.62222222222222,32.88888888888889
9940,75.89777777777778,33.77777777777778
9941,37.16888888888889,37.77777777777778
9942,79.96888888888888,31.555555555555554
9943,115.7688888888889,29.777777777777775
9944,124.66222222222223,36.44444444444444
9945,47.60444444444445,33.33333333333333
9946,79.76444444444445,28.000000000000004
9947,54.32888888888889,29.333333333333332
9948,154.13777777777779,26.222222222222225
9949,112.07555555555555,26.666666666666668
9950,79.03555555555556,30.22222222222222
9951,44.88444444444445,31.555555555555554
9952,80.66666666666667,28.000000000000004
9953,146.0311111111111,31.555555555555554
9954,111.67555555555556,31.11111111111111
9955,118.57333333333334,34.22222222222222
9956,107.29333333333334,33.77777777777778
9957,43.29333333333334,26.666666666666668
9958,84.04444444444445,29.777777777777775
9959,119.7688888888889,26.222222222222225
9960,45.16,28.000000000000004
9961,80.41333333333333,34.22222222222222
9962,112.89333333333333,32.88888888888889
9963,57.48,30.22222222222222
9964,58.586666666666666,34.22222222222222
9965,44.96888888888889,31.11111111111111
9966,81.94666666666667,31.555555555555554
9967,70.44444444444444,31.11111111111111
9968,51.21333333333333,34.66666666666667
9969,82.25777777777778,31.555555555555554
9970,84.86222222222223,30.22222222222222
9971,118.00888888888889,29.333333333333332
9972,83.5111111111111,36.888888888888886
9973,108.03111111111112,29.777777777777775
9974,42.102222222222224,31.555555555555554
9975,41.86222222222222,28.888888888888886
9976,91.72,29.777777777777775
9977,113.78222222222222,32.88888888888889
9978,82.36,32.44444444444444
9979,50.013333333333335,28.000000000000004
9980,82.74222222222222,31.11111111111111
9981,50.52,28.888888888888886
9982,80.29333333333334,32.44444444444444
9983,110.30666666666667,36.888888888888886
9984,115.10222222222222,28.000000000000004
9985,45.82222222222222,31.11111111111111
9986,74.41777777777777,32.44444444444444
9987,51.324444444444445,31.11111111111111
9988,75.68444444444444,33.33333333333333
9989,114.99111111111111,36.44444444444444
9990,42.58222222222222,28.444444444444443
9991,65.76,27.111111111111114
9992,114.71111111111111,26.222222222222225
9993,52.586666666666666,33.33333333333333
9994,114.1288888888889,31.555555555555554
9995,81.05777777777777,29.777777777777775
9996,188.08444444444444,30.22222222222222
9997,53.431111111111115,30.666666666666664
9998,57.626666666666665,32
9999,43.60888888888889,30.22222222222222
10000,80.57777777777778,33.77777777777778
